-- MySQL dump 10.13  Distrib 8.4.4, for Win64 (x86_64)
--
-- Host: localhost    Database: bookstore
-- ------------------------------------------------------
-- Server version	8.4.4

/*!40101 SET @OLD_CHARACTER_SET_CLIENT=@@CHARACTER_SET_CLIENT */;
/*!40101 SET @OLD_CHARACTER_SET_RESULTS=@@CHARACTER_SET_RESULTS */;
/*!40101 SET @OLD_COLLATION_CONNECTION=@@COLLATION_CONNECTION */;
/*!50503 SET NAMES utf8mb4 */;
/*!40103 SET @OLD_TIME_ZONE=@@TIME_ZONE */;
/*!40103 SET TIME_ZONE='+00:00' */;
/*!40014 SET @OLD_UNIQUE_CHECKS=@@UNIQUE_CHECKS, UNIQUE_CHECKS=0 */;
/*!40014 SET @OLD_FOREIGN_KEY_CHECKS=@@FOREIGN_KEY_CHECKS, FOREIGN_KEY_CHECKS=0 */;
/*!40101 SET @OLD_SQL_MODE=@@SQL_MODE, SQL_MODE='NO_AUTO_VALUE_ON_ZERO' */;
/*!40111 SET @OLD_SQL_NOTES=@@SQL_NOTES, SQL_NOTES=0 */;

--
-- Table structure for table `book`
--

DROP TABLE IF EXISTS `book`;
/*!40101 SET @saved_cs_client     = @@character_set_client */;
/*!50503 SET character_set_client = utf8mb4 */;
CREATE TABLE `book` (
  `book_id` int NOT NULL AUTO_INCREMENT,
  `title` varchar(255) NOT NULL,
  `author` varchar(100) NOT NULL,
  `publisher` varchar(100) DEFAULT NULL,
  `isbn` varchar(20) DEFAULT NULL,
  `published_date` year DEFAULT NULL,
  PRIMARY KEY (`book_id`),
  UNIQUE KEY `isbn` (`isbn`)
) ENGINE=InnoDB AUTO_INCREMENT=101 DEFAULT CHARSET=utf8mb4 COLLATE=utf8mb4_0900_ai_ci;
/*!40101 SET character_set_client = @saved_cs_client */;

--
-- Dumping data for table `book`
--

LOCK TABLES `book` WRITE;
/*!40000 ALTER TABLE `book` DISABLE KEYS */;
INSERT INTO `book` VALUES (1,'소년이 온다 :한강 장편소설','한강','창비','9788936434120',2014),(2,'작별하지 않는다 :한강 장편소설','한강','문학동네','9788954682152',2021),(3,'불편한 편의점 :김호연 장편소설','김호연','나무옆의자','9791161571188',2021),(4,'채식주의자:한강 연작소설','한강','창비','9788936433598',2007),(5,'채식주의자 :한강 장편소설','한강','창비','9788936434595',2022),(6,'이처럼 사소한 것들 :클레어 키건 소설','클레어 키건','다산북스','9791130646381',2023),(7,'불편한 편의점 :김호연 장편소설','김호연','나무옆의자','9791161571379',2022),(8,'희랍어 시간 :한강 장편소설','한강','문학동네','9788954616515',2011),(9,'이중 하나는 거짓말 :김애란 장편소설','김애란','문학동네','9791141601300',2024),(10,'흔한남매','흔한남매','미래엔','9791168416369',2019),(11,'홍학의 자리 :정해연 장편소설','정해연','문학동네','9788954681155',2021),(12,'흰 :한강 소설','한강','문학동네','9788954651134',2018),(13,'모순 :양귀자 장편소설','양귀자','쓰다','9788998441012',2013),(14,'바람이 분다, 가라 :한강 장편소설','한강','문학과지성사','9788932020006',2010),(15,'마흔에 읽는 쇼펜하우어 :마음의 위기를 다스리는 철학 수업','강용수','유노콘텐츠그룹','9791192300818',2023),(16,'달러구트 꿈 백화점 :주문하신 꿈은 매진입니다','이미예','팩토리나인','9791165341909',2020),(17,'고양이 해결사 깜냥','홍민정','창비','9788936447694',2020),(18,'영원한 천국 :정유정 장편소설','정유정','은행나무','9791167374561',2024),(19,'두 사람의 인터내셔널 :김기태 소설','김기태','문학동네','9788954697941',2024),(20,'대온실 수리 보고서 :김금희 장편소설','김금희','창비','9788936439651',2024),(21,'나의 돈키호테 :김호연 장편소설','김호연','나무옆의자','9791161571768',2024),(22,'아버지의 해방일지 :정지아 장편소설','정지아','창비','9788936438838',2022),(23,'퓨처 셀프 :현재와 미래가 달라지는 놀라운 혁명','벤저민 하디','상상스퀘어','9791192389325',2023),(24,'밝은 밤 :최은영 장편소설','최은영','문학동네','9788954681179',2021),(25,'나는 메트로폴리탄 미술관의 경비원입니다 :가장 경이로운 세계 속으로 숨어버린 한 남자의 이야기','패트릭 브링리','웅진씽크빅','9788901276533',2023),(26,'당신이 누군가를 죽였다','히가시노 게이고','교보문고','9791170611561',2024),(27,'고전이 답했다 :마땅히 살아야 할 삶에 대하여','고명환','라곰','9791193939130',2024),(28,'(2500년 동안 사랑받은) 초역 부처의 말 :행복으로 가는 길은 없다 행복이 곧 길이다','코이케 류노스케','콘텐츠그룹 포레스트','9791193506516',2024),(29,'지구 끝의 온실 :김초엽 장편소설','김초엽','Giant Books(자이언트북스)','9791191824001',2021),(30,'물고기는 존재하지 않는다 :상실, 사랑 그리고 숨어 있는 삶의 질서에 관한 이야기','룰루 밀러','곰출판','9791189327156',2021),(31,'아몬드 :손원평 장편소설','손원평','창비','9788936434267',2017),(32,'언젠가 우리가 같은 별을 바라본다면 :차인표 장편소설','차인표','해결책','9791191061048',2021),(33,'도둑맞은 집중력 :집중력 위기의 시대, 삶의 주도권을 되찾는 법','요한 하리','어크로스(어크로스출판그룹)','9791167740984',2023),(34,'죽이고 싶은 아이 :이꽃님 장편소설','이꽃님','우리학교','9791167552723',2024),(35,'순례 주택 :유은실 소설','유은실','비룡소','9788949123493',2021),(36,'어른의 행복은 조용하다','태수','페이지2북스','9791169851053',2024),(37,'똥볶이 할멈 :K-히어로 판타지','강효미','따끈따끈책방','9791190409124',2021),(38,'맡겨진 소녀 :클레어 키건 소설','클레어 키건','다산북스','9791130698199',2023),(39,'즐거운 어른 :이옥선 산문','이옥선','이야기장수','9791194184034',2024),(40,'에그박사 :Egg&bugs','에그박사','미래엔','9791168417984',2020),(41,'설민석의 한국사 대모험','설민석','휴먼큐브','9791195794799',2017),(42,'넥서스 =석기시대부터 AI까지, 정보 네트워크로 보는 인류 역사','유발 하라리','김영사','9791194330424',2024),(43,'메리골드 마음 세탁소 =윤정은 장편소설 /Marigold mind laundry','윤정은','북로망스','9791191891287',2023),(44,'종의 기원 =정유정 장편소설 /The origin of species','정유정','은행나무','9788956609959',2016),(45,'체리새우 :황영미 장편소설','황영미','문학동네','9788954654753',2019),(46,'세이노의 가르침 :피보다 진하게 살아라','세이노','데이원','9791168473690',2023),(47,'돈의 속성 :최상위 부자가 말하는 돈에 대한 모든 것','김승호','Snowfox(스노우폭스북스)','9791188331796',2020),(48,'급류 :정대건 장편소설','정대건','민음사','9788937473401',2022),(49,'불변의 법칙 :절대 변하지 않는 것들에 대한 23가지 이야기','모건 하우절','서삼독','9791198517425',2024),(50,'돈의 심리학 :당신은 왜 부자가 되지 못했는가','모건 하우절','인플루엔셜','9791191056372',2021),(51,'천 개의 파랑 :천선란 장편소설','천선란','허블','9791190090261',2020),(52,'어서오세요, 휴남동 서점입니다 :황보름 장편소설','황보름','클레이하우스','9791197377143',2022),(53,'저속노화 식사법 :노년내과 의사가 알려주는 기적의 식단 혁명','정희원','문학동네','9791141606862',2024),(54,'서랍에 저녁을 넣어 두었다 :한강 시집','한강','문학과지성사','9788932024639',2013),(55,'비스킷','김선미','위즈덤하우스','9791168127630',2023),(56,'한강','한강','문학동네','9788954693462',2023),(57,'당연하게도 나는 너를 :이꽃님 장편소설','이꽃님','우리학교','9791167550972',2023),(58,'아주 희미한 빛으로도 :최은영 소설','최은영','문학동네','9788954695053',2023),(59,'긴긴밤','루리','문학동네','9788954677158',2021),(60,'야옹이 수영 교실','신현경','인플루엔셜','9791168341180',2023),(61,'(이상한 과자 가게) 전천당','히로시마 레이코','길벗스쿨','9791164060481',2019),(62,'세상의 마지막 기차역','무라세 다케시','바이포엠 스튜디오','9791191043754',2022),(63,'바다가 들리는 편의점','마치다 소노코','바이포엠 스튜디오','9791192579504',2023),(64,'세계를 건너 너에게 갈게 :이꽃님 장편소설','이꽃님','문학동네','9788954650212',2018),(65,'낭만 강아지 봉봉','홍민정','다산북스','9791130653433',2022),(66,'놓지 마 과학!','신태훈,나승훈','위즈덤하우스','9791171712267',2016),(67,'그대의 차가운 손:한강 장편소설','한강','문학과지성사','9788932013046',2002),(68,'허송세월 :김훈 산문','김훈','나남','9788930041683',2024),(69,'완전한 행복 :정유정 장편소설','정유정','은행나무','9791167370280',2021),(70,'우리가 빛의 속도로 갈 수 없다면 :김초엽 소설','김초엽','허블','9791190090018',2019),(71,'사피엔스 :유인원에서 사이보그까지, 인간 역사의 대담하고 위대한 질문','유발 하라리','김영사','9788934972464',2015),(72,'달러구트 꿈 백화점 :이미예 장편소설','이미예','팩토리나인','9791165343729',2021),(73,'너에게 들려주는 단단한 말','김종원','퍼스트펭귄','9791198682550',2024),(74,'바깥은 여름 :김애란 소설','김애란','문학동네','9788954646079',2017),(75,'아홉 살 마음 사전','박성우','창비','9788936447014',2017),(76,'슈뻘맨의 숨은 과학 찾기 :엉뚱 도전 속에 숨은 과학 상식','슈뻘맨','미래엔','9791168417786',2023),(77,'여름을 한 입 베어 물었더니 :이꽃님 장편소설','이꽃님','문학동네','9788954694575',2023),(78,'아주 작은 습관의 힘 :최고의 변화는 어떻게 만들어지는가','제임스 클리어','비즈니스북스','9791162540640',2019),(79,'여수의 사랑 :한강 소설집','한강','문학과지성사','9788932034812',2018),(80,'나미야 잡화점의 기적 :히가시노 게이고 장편소설','히가시노 게이고','현대문학','9788972756194',2012),(81,'우연은 비켜 가지 않는다 :줄리언 반스 장편소설','줄리언 반스','다산북스','9791130655925',2024),(82,'작은 땅의 야수들 :김주혜 장편소설','김주혜','다산북스','9791130693927',2022),(83,'츠츠츠츠 :이지은 그림책','이지은','사계절(사계절출판사)','9791169812085',2024),(84,'호랑이 빵집','서지원','지학사','9791162041376',2023),(85,'이 지랄맞음이 쌓여 축제가 되겠지 :조승리 에세이','조승리','달 출판사','9791158161767',2024),(86,'국어 잘하는 아이가 이깁니다 :\'갓민애\' 교수의 초등 국어 달인 만들기','나민애','김영사','9788934965404',2024),(87,'대도시의 사랑법 :박상영 연작소설','박상영','창비','9788936437978',2019),(88,'시선으로부터, :정세랑 장편소설','정세랑','문학동네','9788954672214',2020),(89,'(신기한 맛) 도깨비 식당','김용세','꿈터','9791167390615',2022),(90,'내 여자의 열매 :한강 소설집','한강','문학과지성사','9788932034829',2018),(91,'그의 운명에 대한 아주 개인적인 생각','유시민','아름다운사람들','9788965138068',2024),(92,'백앤아 :교양이 층층 쌓이는 점프 맵','백앤아','샌드박스네트워크','9791192504230',2023),(93,'빨간내복야코 맞춤법 절대 안 틀리는 책','빨간내복야코','위즈덤하우스','9791171711451',2024),(94,'불안 세대 :디지털 세계는 우리 아이들을 어떻게 병들게 하는가','조너선 하이트','웅진씽크빅','9788901285894',2024),(95,'(읽으면서 바로 써먹는) 어린이 감정 표현','한날','파란정원','9791158682842',2024),(96,'마녀와의 7일 :히가시노 게이고 장편소설','히가시노 게이고','현대문학','9791167902573',2024),(97,'탕비실 :이미예 소설','이미예','오팬하우스','9791198809940',2024),(98,'파친코 :이민진 장편소설','이민진','문학사상','9788970129815',2018),(99,'(추리 천재) 엉덩이 탐정','트롤 ','미래엔','9791164137053',2016),(100,'신기한 맛 도깨비 식당 8','김용세','꿈터','9791167391209',2024);
/*!40000 ALTER TABLE `book` ENABLE KEYS */;
UNLOCK TABLES;

--
-- Table structure for table `purchase`
--

DROP TABLE IF EXISTS `purchase`;
/*!40101 SET @saved_cs_client     = @@character_set_client */;
/*!50503 SET character_set_client = utf8mb4 */;
CREATE TABLE `purchase` (
  `purchase_id` int NOT NULL AUTO_INCREMENT,
  `used_book_id` int NOT NULL,
  `buyer_id` int NOT NULL,
  `purchased_date` datetime NOT NULL DEFAULT (now()),
  `final_price` int NOT NULL,
  `reward_points` int GENERATED ALWAYS AS (floor((`final_price` * 0.01))) STORED,
  PRIMARY KEY (`purchase_id`),
  KEY `idx_purchase_usedbook` (`used_book_id`),
  KEY `idx_purchase_buyer` (`buyer_id`),
  CONSTRAINT `purchase_ibfk_1` FOREIGN KEY (`used_book_id`) REFERENCES `usedbook` (`used_book_id`) ON DELETE RESTRICT ON UPDATE CASCADE,
  CONSTRAINT `purchase_ibfk_2` FOREIGN KEY (`buyer_id`) REFERENCES `user` (`user_id`) ON DELETE RESTRICT ON UPDATE CASCADE
) ENGINE=InnoDB AUTO_INCREMENT=126 DEFAULT CHARSET=utf8mb4 COLLATE=utf8mb4_0900_ai_ci;
/*!40101 SET character_set_client = @saved_cs_client */;

--
-- Dumping data for table `purchase`
--

LOCK TABLES `purchase` WRITE;
/*!40000 ALTER TABLE `purchase` DISABLE KEYS */;
INSERT INTO `purchase` (`purchase_id`, `used_book_id`, `buyer_id`, `purchased_date`, `final_price`) VALUES (1,226,13,'2025-02-25 07:52:19',5865),(2,19,30,'2025-04-11 02:51:34',5610),(3,58,41,'2025-05-01 19:05:28',8280),(4,60,7,'2025-02-22 23:42:27',17860),(5,188,26,'2025-03-28 21:38:33',16290),(6,81,21,'2025-03-20 20:33:16',7735),(7,41,17,'2025-04-14 13:52:23',10260),(8,229,21,'2025-05-10 06:41:23',12200),(9,43,8,'2025-05-04 03:27:59',15640),(10,207,47,'2025-02-21 10:48:49',16740),(11,12,13,'2025-04-03 20:27:37',12495),(12,44,19,'2025-04-24 00:37:18',11220),(13,133,10,'2025-03-11 11:01:40',13500),(14,193,11,'2025-04-20 07:29:02',16600),(15,294,36,'2025-04-28 06:42:50',13050),(16,156,46,'2025-04-22 00:31:07',10830),(17,46,40,'2025-04-29 08:04:56',6500),(18,23,4,'2025-05-19 01:02:47',5890),(19,89,16,'2025-05-08 04:16:08',12730),(20,186,35,'2025-03-17 17:22:19',8585),(21,287,46,'2025-04-02 21:48:47',11610),(22,177,3,'2025-03-25 22:12:30',5185),(23,265,24,'2025-04-20 22:46:52',12330),(24,191,45,'2025-05-15 16:28:53',6080),(25,37,34,'2025-03-30 18:29:46',7600),(26,205,43,'2025-04-23 11:43:11',13760),(27,197,8,'2025-05-03 19:36:09',7310),(28,181,1,'2025-04-12 02:52:37',10560),(29,168,24,'2025-02-25 00:30:40',17550),(30,254,16,'2025-04-21 04:36:06',12255),(31,22,25,'2025-03-01 00:40:17',15300),(32,240,42,'2025-03-10 19:41:18',12690),(33,219,23,'2025-04-16 09:26:47',11730),(34,71,28,'2025-04-15 08:40:03',17550),(35,237,22,'2025-04-24 22:08:40',14800),(36,293,27,'2025-03-29 09:26:06',17300),(37,3,24,'2025-05-04 22:10:30',13950),(38,192,18,'2025-04-05 05:32:12',9350),(39,259,24,'2025-02-27 05:47:40',13260),(40,225,35,'2025-05-19 14:27:13',16055),(41,117,17,'2025-04-04 20:16:21',13585),(42,283,8,'2025-02-27 06:28:27',14400),(43,289,26,'2025-02-27 01:28:35',11985),(44,194,11,'2025-03-28 15:42:55',10800),(45,246,27,'2025-04-26 14:13:24',4240),(46,204,47,'2025-04-30 02:22:17',5525),(47,31,35,'2025-04-16 09:14:01',13770),(48,98,26,'2025-03-29 21:28:41',11560),(49,67,19,'2025-05-18 20:44:12',9405),(50,217,13,'2025-05-01 15:36:01',7800),(51,47,50,'2025-05-21 02:41:48',13040),(52,292,9,'2025-04-30 16:32:06',13775),(53,2,31,'2025-03-21 06:00:33',5400),(54,174,45,'2025-03-21 16:34:16',16660),(55,26,38,'2025-03-15 20:54:33',7220),(56,224,23,'2025-04-03 13:44:25',7020),(57,106,31,'2025-04-07 08:02:58',18810),(58,255,14,'2025-03-17 23:58:12',13175),(59,122,6,'2025-05-12 15:43:14',17190),(60,137,26,'2025-05-11 02:49:23',13600),(61,233,4,'2025-02-22 21:41:26',13515),(62,252,27,'2025-04-03 22:29:23',5800),(63,209,49,'2025-04-15 07:22:44',15900),(64,262,18,'2025-03-02 17:49:40',9435),(65,131,39,'2025-03-22 23:46:03',8000),(66,212,32,'2025-03-27 03:39:38',14220),(67,111,27,'2025-04-27 10:54:13',18715),(68,183,12,'2025-05-05 21:38:07',13400),(69,11,17,'2025-03-07 06:38:07',11590),(70,222,38,'2025-04-23 06:53:26',5920),(71,85,48,'2025-02-22 20:08:18',8500),(72,95,39,'2025-05-09 19:19:38',15390),(73,264,14,'2025-04-11 05:00:35',6555),(74,113,23,'2025-04-18 16:13:41',17800),(75,171,18,'2025-05-14 09:19:44',4880),(76,223,33,'2025-03-01 23:23:09',5120),(77,270,32,'2025-04-18 07:19:28',16720),(78,127,3,'2025-05-08 01:50:16',12420),(79,76,10,'2025-04-29 10:15:58',15480),(80,185,46,'2025-05-15 02:49:40',12560),(81,182,10,'2025-04-12 15:00:49',10965),(82,9,40,'2025-05-21 02:41:48',12900),(83,57,1,'2025-03-12 03:38:24',16815),(84,173,23,'2025-04-28 21:26:11',8415),(85,100,41,'2025-03-12 15:13:09',10350),(86,242,1,'2025-05-15 09:55:39',9360),(87,261,41,'2025-02-20 19:02:11',9680),(88,107,19,'2025-02-25 20:11:07',4560),(89,120,44,'2025-03-22 13:49:27',7650),(90,7,26,'2025-02-28 08:44:06',15400),(91,35,34,'2025-03-02 16:26:06',10400),(92,73,34,'2025-04-12 11:34:16',18905),(93,103,6,'2025-04-13 13:39:35',11900),(94,147,17,'2025-02-24 19:21:30',5890),(95,51,44,'2025-04-22 20:40:41',9090),(96,286,33,'2025-02-22 21:51:36',14700),(97,154,47,'2025-02-26 22:13:24',10640),(98,268,22,'2025-02-26 09:40:03',13600),(99,184,43,'2025-05-14 13:48:47',4950),(100,145,22,'2025-05-17 09:52:08',9360),(101,202,47,'2025-05-20 06:17:41',8160),(102,214,8,'2025-05-07 05:59:49',11360),(103,198,31,'2025-05-11 11:03:33',15000),(104,109,1,'2025-04-16 06:31:14',12155),(105,277,40,'2025-04-11 09:48:30',13015),(106,140,8,'2025-04-06 17:10:22',13345),(107,70,11,'2025-02-26 08:05:30',14365),(108,55,7,'2025-04-13 01:33:31',9025),(109,62,45,'2025-04-12 19:26:42',10350),(110,153,3,'2025-04-12 17:34:29',6700),(111,278,12,'2025-05-06 20:28:34',15555),(112,274,42,'2025-04-26 14:34:30',4960),(113,141,45,'2025-03-11 00:48:40',17500),(114,66,10,'2025-05-14 16:24:27',18525),(115,149,14,'2025-05-21 02:41:48',10795),(116,68,35,'2025-05-13 19:53:00',14725),(117,104,10,'2025-05-10 01:40:01',6080),(118,18,49,'2025-05-20 21:12:17',10170),(119,87,15,'2025-04-05 21:07:29',12580),(120,134,25,'2025-02-20 17:20:48',15400),(121,86,43,'2025-03-19 23:29:17',17730),(122,216,29,'2025-04-21 19:00:59',6035),(123,54,11,'2025-04-06 08:01:22',10200),(124,211,28,'2025-03-17 12:02:58',11120),(125,159,23,'2025-03-25 16:55:15',12320);
/*!40000 ALTER TABLE `purchase` ENABLE KEYS */;
UNLOCK TABLES;

--
-- Table structure for table `shipping`
--

DROP TABLE IF EXISTS `shipping`;
/*!40101 SET @saved_cs_client     = @@character_set_client */;
/*!50503 SET character_set_client = utf8mb4 */;
CREATE TABLE `shipping` (
  `shipping_id` int NOT NULL AUTO_INCREMENT,
  `purchase_id` int NOT NULL,
  `shipping_address` varchar(255) NOT NULL,
  `shipped_at` datetime DEFAULT NULL,
  `delivered_at` datetime DEFAULT NULL,
  `shipping_status` enum('배송준비중','배송중','배송완료') NOT NULL DEFAULT '배송준비중',
  PRIMARY KEY (`shipping_id`),
  KEY `idx_shipping_purchase` (`purchase_id`),
  CONSTRAINT `shipping_ibfk_1` FOREIGN KEY (`purchase_id`) REFERENCES `purchase` (`purchase_id`) ON DELETE RESTRICT ON UPDATE CASCADE
) ENGINE=InnoDB AUTO_INCREMENT=126 DEFAULT CHARSET=utf8mb4 COLLATE=utf8mb4_0900_ai_ci;
/*!40101 SET character_set_client = @saved_cs_client */;

--
-- Dumping data for table `shipping`
--

LOCK TABLES `shipping` WRITE;
/*!40000 ALTER TABLE `shipping` DISABLE KEYS */;
INSERT INTO `shipping` VALUES (1,85,'(34625) 대전광역시 동구 선화로 212 2층','2025-05-09 20:11:19','2025-05-15 20:11:19','배송완료'),(2,29,'(54039) 전라북도 군산시 풍문2길 5-2','2025-03-14 06:40:06','2025-03-15 06:40:06','배송완료'),(3,82,'(59743) 전남 여수시 공화남1길 11 1층 왼쪽','2025-05-21 02:41:48',NULL,'배송준비중'),(4,100,'(04345) 서울특별시 용산구 회나무로12길 5 Beleben 벨리븐','2025-05-20 05:32:19',NULL,'배송중'),(5,66,'(41958) 대구광역시 중구 봉산문화길 19 2층','2025-04-02 10:11:45','2025-04-09 10:11:45','배송완료'),(6,18,'(17006) 경기도 용인시 기흥구 동백5로 22 쥬네브문월드 가동 137호','2025-05-19 17:03:38','2025-05-26 17:03:38','배송완료'),(7,53,'(57340) 전라남도 담양군 담양읍 객사3길 9-1','2025-04-17 02:49:36',NULL,'배송준비중'),(8,64,'(16904) 경기도 용인시 기흥구 신촌로73번길 5-1 102호','2025-05-05 09:36:07',NULL,'배송중'),(9,72,'(55038) 전라북도 전주시 완산구 전라감영4길 16-7 3층','2025-05-14 18:58:39',NULL,'배송준비중'),(10,20,'(24412) 강원도 춘천시 신동면 금병의숙1길 19','2025-04-25 10:01:07',NULL,'배송중'),(11,87,'(34625) 대전광역시 동구 선화로 212 2층','2025-03-17 04:42:05',NULL,'배송준비중'),(12,16,'(08737) 서울특별시 관악구 관악로 204 3층 301호','2025-05-18 19:15:43','2025-05-25 19:15:43','배송완료'),(13,1,'(03194) 서울특별시 종로구 청계천로 159 3층 외부 바열 328호','2025-03-05 10:13:59','2025-03-10 10:13:59','배송완료'),(14,91,'(10298) 경기도 고양시 덕양구 원당로113번길 48-7','2025-04-21 21:09:30','2025-04-23 21:09:30','배송완료'),(15,92,'(10298) 경기도 고양시 덕양구 원당로113번길 48-7','2025-05-15 20:57:22',NULL,'배송중'),(16,15,'(63005) 제주 제주시 한경면 저지동길 8-31','2025-04-30 11:17:21',NULL,'배송중'),(17,59,'(03979) 서울특별시 마포구 성미산로23길 60','2025-05-20 17:32:06',NULL,'배송준비중'),(18,80,'(08737) 서울특별시 관악구 관악로 204 3층 301호','2025-05-18 01:32:01',NULL,'배송준비중'),(19,37,'(54039) 전라북도 군산시 풍문2길 5-2','2025-05-06 22:26:53','2025-05-08 22:26:53','배송완료'),(20,10,'(08613) 서울특별시 금천구 시흥대로73길 11 무지개상가 309호','2025-03-17 01:12:13',NULL,'배송준비중'),(21,60,'(48967) 부산광역시 중구 책방골목길 8-1 1층','2025-05-15 19:40:10',NULL,'배송준비중'),(22,41,'(04550) 서울특별시 중구 을지로 114-6 606호','2025-05-07 03:49:17',NULL,'배송중'),(23,81,'(02864) 서울특별시 성북구 삼선교로16길 16-3','2025-05-06 20:18:51',NULL,'배송준비중'),(24,51,'(59746) 전라남도 여수시 이순신광장로 220 1층 106호 태양맨션상가','2025-05-21 02:41:48',NULL,'배송중'),(25,12,'(47900) 부산 동래구 온천천로453번길 14 2층','2025-04-28 15:08:11',NULL,'배송준비중'),(26,69,'(04550) 서울특별시 중구 을지로 114-6 606호','2025-04-24 20:45:47',NULL,'배송중'),(27,21,'(08737) 서울특별시 관악구 관악로 204 3층 301호','2025-04-09 07:37:54','2025-04-12 07:37:54','배송완료'),(28,125,'(21337) 인천광역시 부평구 장제로249번길 16 1층','2025-04-05 23:25:16','2025-04-11 23:25:16','배송완료'),(29,84,'(21337) 인천광역시 부평구 장제로249번길 16 1층','2025-05-18 03:56:59','2025-05-23 03:56:59','배송완료'),(30,39,'(54039) 전라북도 군산시 풍문2길 5-2','2025-04-24 04:51:53',NULL,'배송준비중'),(31,89,'(05009) 서울특별시 광진구 능동로19길 5 지하','2025-04-10 20:12:55',NULL,'배송중'),(32,114,'(02864) 서울특별시 성북구 삼선교로16길 16-3','2025-05-16 08:35:00',NULL,'배송준비중'),(33,122,'(03999) 서울특별시 마포구 월드컵북로9길 30','2025-05-12 07:35:57',NULL,'배송준비중'),(34,124,'(17389) 경기도 이천시 마장면 덕평로877번길 16','2025-03-25 12:15:02',NULL,'배송준비중'),(35,54,'(33124) 충청남도 부여군 규암면 자온로 82','2025-03-28 07:07:04','2025-04-03 07:07:04','배송완료'),(36,8,'(21566) 인천광역시 남동구 문화서로49번길 39 103호','2025-05-16 23:10:57','2025-05-21 23:10:57','배송완료'),(37,88,'(47900) 부산 동래구 온천천로453번길 14 2층','2025-04-08 00:27:43',NULL,'배송중'),(38,70,'(02529) 서울특별시 동대문구 답십리로63길 30 101호','2025-04-29 14:46:58',NULL,'배송중'),(39,98,'(04345) 서울특별시 용산구 회나무로12길 5 Beleben 벨리븐','2025-03-21 22:39:32',NULL,'배송중'),(40,24,'(33124) 충청남도 부여군 규암면 자온로 82','2025-05-16 22:50:34','2025-05-23 22:50:34','배송완료'),(41,17,'(59743) 전남 여수시 공화남1길 11 1층 왼쪽','2025-05-08 20:26:02',NULL,'배송중'),(42,48,'(48967) 부산광역시 중구 책방골목길 8-1 1층','2025-05-03 21:10:57',NULL,'배송중'),(43,58,'(04339) 서울특별시 용산구 신흥로16길 7','2025-05-11 03:11:23',NULL,'배송준비중'),(44,40,'(24412) 강원도 춘천시 신동면 금병의숙1길 19','2025-05-21 01:53:22',NULL,'배송중'),(45,102,'(54022) 전라북도 군산시 구영5길 21-26','2025-05-08 09:41:33',NULL,'배송준비중'),(46,109,'(33124) 충청남도 부여군 규암면 자온로 82','2025-04-20 03:08:51',NULL,'배송준비중'),(47,97,'(08613) 서울특별시 금천구 시흥대로73길 11 무지개상가 309호','2025-04-13 00:38:22','2025-04-16 00:38:22','배송완료'),(48,105,'(59743) 전남 여수시 공화남1길 11 1층 왼쪽','2025-05-12 14:21:43','2025-05-14 14:21:43','배송완료'),(49,93,'(03979) 서울특별시 마포구 성미산로23길 60','2025-04-30 22:01:30',NULL,'배송중'),(50,62,'(04549) 서울특별시 중구 을지로20길 32-3 203호','2025-05-12 00:49:59',NULL,'배송준비중'),(51,74,'(21337) 인천광역시 부평구 장제로249번길 16 1층','2025-04-25 12:53:49',NULL,'배송준비중'),(52,33,'(21337) 인천광역시 부평구 장제로249번길 16 1층','2025-05-06 02:19:41',NULL,'배송준비중'),(53,78,'(63528) 제주 서귀포시 안덕면 사계로114번길 54-58 1층','2025-05-18 08:37:36',NULL,'배송중'),(54,14,'(03765) 서울특별시 서대문구 이화여대길 88-11','2025-05-13 21:01:24',NULL,'배송준비중'),(55,95,'(05009) 서울특별시 광진구 능동로19길 5 지하','2025-05-16 18:47:33',NULL,'배송준비중'),(56,43,'(48967) 부산광역시 중구 책방골목길 8-1 1층','2025-03-21 20:15:05',NULL,'배송중'),(57,45,'(04549) 서울특별시 중구 을지로20길 32-3 203호','2025-05-12 00:38:55','2025-05-17 00:38:55','배송완료'),(58,52,'(63569) 제주특별자치도 서귀포시 막동산로 19','2025-05-18 16:28:28',NULL,'배송준비중'),(59,46,'(08613) 서울특별시 금천구 시흥대로73길 11 무지개상가 309호','2025-05-16 12:38:56',NULL,'배송준비중'),(60,94,'(04550) 서울특별시 중구 을지로 114-6 606호','2025-03-24 13:48:46',NULL,'배송준비중'),(61,112,'(63055) 제주 제주시 애월읍 장유길 44','2025-05-01 19:15:10',NULL,'배송준비중'),(62,27,'(54022) 전라북도 군산시 구영5길 21-26','2025-05-06 07:52:36',NULL,'배송중'),(63,108,'(07016) 서울특별시 동작구 동작대로9가길 32 1층','2025-04-17 08:16:52','2025-04-19 08:16:52','배송완료'),(64,121,'(04337) 서울특별시 용산구 신흥로 115-1','2025-04-19 07:57:41',NULL,'배송준비중'),(65,56,'(21337) 인천광역시 부평구 장제로249번길 16 1층','2025-04-17 20:56:42',NULL,'배송준비중'),(66,30,'(51428) 경상남도 창원시 의창구 외동반림로254번길 8-1','2025-04-22 18:49:13',NULL,'배송중'),(67,63,'(61980) 광주광역시 서구 화운로 136 1층','2025-05-14 16:09:20',NULL,'배송중'),(68,26,'(04337) 서울특별시 용산구 신흥로 115-1','2025-05-07 19:08:36','2025-05-14 19:08:36','배송완료'),(69,123,'(03765) 서울특별시 서대문구 이화여대길 88-11','2025-04-11 14:48:09',NULL,'배송중'),(70,49,'(47900) 부산 동래구 온천천로453번길 14 2층','2025-05-20 05:14:28','2025-05-25 05:14:28','배송완료'),(71,28,'(07605) 서울특별시 강서구 방화대로33길 13 1층','2025-05-11 23:18:14',NULL,'배송준비중'),(72,42,'(54022) 전라북도 군산시 구영5길 21-26','2025-02-28 06:40:07',NULL,'배송준비중'),(73,7,'(04550) 서울특별시 중구 을지로 114-6 606호','2025-04-21 11:03:01',NULL,'배송중'),(74,90,'(48967) 부산광역시 중구 책방골목길 8-1 1층','2025-04-29 03:16:08','2025-05-04 03:16:08','배송완료'),(75,118,'(61980) 광주광역시 서구 화운로 136 1층','2025-05-21 01:03:22',NULL,'배송중'),(76,4,'(07016) 서울특별시 동작구 동작대로9가길 32 1층','2025-04-29 15:36:11','2025-05-05 15:36:11','배송완료'),(77,25,'(10298) 경기도 고양시 덕양구 원당로113번길 48-7','2025-04-13 08:33:30',NULL,'배송준비중'),(78,44,'(03765) 서울특별시 서대문구 이화여대길 88-11','2025-04-26 10:48:10',NULL,'배송중'),(79,86,'(07605) 서울특별시 강서구 방화대로33길 13 1층','2025-05-15 10:08:36',NULL,'배송준비중'),(80,5,'(48967) 부산광역시 중구 책방골목길 8-1 1층','2025-05-18 09:45:37',NULL,'배송준비중'),(81,96,'(63361) 제주특별자치도 제주시 구좌읍 세화11길 8','2025-05-17 07:50:06','2025-05-22 07:50:06','배송완료'),(82,106,'(54022) 전라북도 군산시 구영5길 21-26','2025-05-15 21:34:45','2025-05-17 21:34:45','배송완료'),(83,68,'(12533) 경기도 양평군 양동면 고송길 35-37','2025-05-17 10:25:32',NULL,'배송중'),(84,19,'(51428) 경상남도 창원시 의창구 외동반림로254번길 8-1','2025-05-19 01:49:08',NULL,'배송준비중'),(85,9,'(54022) 전라북도 군산시 구영5길 21-26','2025-05-06 01:45:46','2025-05-11 01:45:46','배송완료'),(86,57,'(57340) 전라남도 담양군 담양읍 객사3길 9-1','2025-05-06 02:21:41',NULL,'배송준비중'),(87,83,'(07605) 서울특별시 강서구 방화대로33길 13 1층','2025-04-22 20:42:16','2025-04-24 20:42:16','배송완료'),(88,116,'(24412) 강원도 춘천시 신동면 금병의숙1길 19','2025-05-18 16:24:48',NULL,'배송준비중'),(89,101,'(08613) 서울특별시 금천구 시흥대로73길 11 무지개상가 309호','2025-05-20 08:55:48',NULL,'배송준비중'),(90,13,'(02864) 서울특별시 성북구 삼선교로16길 16-3','2025-04-05 15:20:04',NULL,'배송준비중'),(91,3,'(34625) 대전광역시 동구 선화로 212 2층','2025-05-19 11:45:57',NULL,'배송중'),(92,36,'(04549) 서울특별시 중구 을지로20길 32-3 203호','2025-05-07 15:21:19',NULL,'배송중'),(93,32,'(63055) 제주 제주시 애월읍 장유길 44','2025-04-22 10:37:04',NULL,'배송준비중'),(94,107,'(03765) 서울특별시 서대문구 이화여대길 88-11','2025-04-08 20:23:34',NULL,'배송중'),(95,71,'(51017) 경상남도 김해시 율하3로8번길 38','2025-03-20 13:02:30',NULL,'배송중'),(96,77,'(41958) 대구광역시 중구 봉산문화길 19 2층','2025-05-17 04:02:25',NULL,'배송준비중'),(97,103,'(57340) 전라남도 담양군 담양읍 객사3길 9-1','2025-05-11 22:12:52',NULL,'배송준비중'),(98,50,'(03194) 서울특별시 종로구 청계천로 159 3층 외부 바열 328호','2025-05-13 06:39:24','2025-05-19 06:39:24','배송완료'),(99,65,'(55038) 전라북도 전주시 완산구 전라감영4길 16-7 3층','2025-03-31 08:58:26','2025-04-07 08:58:26','배송완료'),(100,104,'(07605) 서울특별시 강서구 방화대로33길 13 1층','2025-05-20 14:03:17',NULL,'배송중'),(101,38,'(16904) 경기도 용인시 기흥구 신촌로73번길 5-1 102호','2025-05-19 05:01:56','2025-05-20 05:01:56','배송완료'),(102,110,'(63528) 제주 서귀포시 안덕면 사계로114번길 54-58 1층','2025-05-07 10:38:13',NULL,'배송중'),(103,115,'(04339) 서울특별시 용산구 신흥로16길 7','2025-05-21 02:41:48',NULL,'배송중'),(104,23,'(54039) 전라북도 군산시 풍문2길 5-2','2025-05-08 11:19:32',NULL,'배송중'),(105,76,'(63361) 제주특별자치도 제주시 구좌읍 세화11길 8','2025-05-12 20:42:29','2025-05-15 20:42:29','배송완료'),(106,22,'(63528) 제주 서귀포시 안덕면 사계로114번길 54-58 1층','2025-04-08 17:39:17',NULL,'배송중'),(107,119,'(48930) 부산광역시 중구 대청로141번길 17 1층','2025-04-25 17:58:11',NULL,'배송중'),(108,67,'(04549) 서울특별시 중구 을지로20길 32-3 203호','2025-05-11 01:31:26',NULL,'배송준비중'),(109,11,'(03194) 서울특별시 종로구 청계천로 159 3층 외부 바열 328호','2025-05-02 16:51:25',NULL,'배송준비중'),(110,34,'(17389) 경기도 이천시 마장면 덕평로877번길 16','2025-05-05 03:08:09',NULL,'배송준비중'),(111,113,'(33124) 충청남도 부여군 규암면 자온로 82','2025-04-11 12:18:52',NULL,'배송준비중'),(112,99,'(04337) 서울특별시 용산구 신흥로 115-1','2025-05-18 15:55:56',NULL,'배송준비중'),(113,55,'(02529) 서울특별시 동대문구 답십리로63길 30 101호','2025-04-27 18:04:38',NULL,'배송중'),(114,79,'(02864) 서울특별시 성북구 삼선교로16길 16-3','2025-05-07 05:00:08',NULL,'배송중'),(115,31,'(23058) 인천광역시 강화군 양도면 강화남로428번길 46-27','2025-03-20 20:37:59','2025-03-26 20:37:59','배송완료'),(116,2,'(34085) 대전광역시 유성구 은구비서로24번길 6 지하 1층','2025-05-09 11:28:41',NULL,'배송중'),(117,6,'(21566) 인천광역시 남동구 문화서로49번길 39 103호','2025-05-16 00:02:54',NULL,'배송준비중'),(118,75,'(16904) 경기도 용인시 기흥구 신촌로73번길 5-1 102호','2025-05-18 15:00:06','2025-05-22 15:00:06','배송완료'),(119,47,'(24412) 강원도 춘천시 신동면 금병의숙1길 19','2025-04-21 06:33:32',NULL,'배송준비중'),(120,111,'(12533) 경기도 양평군 양동면 고송길 35-37','2025-05-15 10:09:39',NULL,'배송준비중'),(121,61,'(17006) 경기도 용인시 기흥구 동백5로 22 쥬네브문월드 가동 137호','2025-02-23 22:58:30','2025-03-01 22:58:30','배송완료'),(122,73,'(04339) 서울특별시 용산구 신흥로16길 7','2025-05-17 00:12:50',NULL,'배송준비중'),(123,117,'(02864) 서울특별시 성북구 삼선교로16길 16-3','2025-05-21 01:16:04',NULL,'배송준비중'),(124,120,'(23058) 인천광역시 강화군 양도면 강화남로428번길 46-27','2025-04-20 06:47:39',NULL,'배송중'),(125,35,'(04345) 서울특별시 용산구 회나무로12길 5 Beleben 벨리븐','2025-04-29 15:37:48','2025-05-01 15:37:48','배송완료');
/*!40000 ALTER TABLE `shipping` ENABLE KEYS */;
UNLOCK TABLES;

--
-- Table structure for table `usedbook`
--

DROP TABLE IF EXISTS `usedbook`;
/*!40101 SET @saved_cs_client     = @@character_set_client */;
/*!50503 SET character_set_client = utf8mb4 */;
CREATE TABLE `usedbook` (
  `used_book_id` int NOT NULL AUTO_INCREMENT,
  `book_id` int NOT NULL,
  `price` int NOT NULL,
  `registered_date` datetime NOT NULL DEFAULT (curdate()),
  `status` enum('판매중','판매완료') NOT NULL DEFAULT '판매중',
  PRIMARY KEY (`used_book_id`),
  KEY `idx_usedbook_bookid` (`book_id`),
  CONSTRAINT `usedbook_ibfk_1` FOREIGN KEY (`book_id`) REFERENCES `book` (`book_id`) ON DELETE RESTRICT ON UPDATE CASCADE
) ENGINE=InnoDB AUTO_INCREMENT=301 DEFAULT CHARSET=utf8mb4 COLLATE=utf8mb4_0900_ai_ci;
/*!40101 SET character_set_client = @saved_cs_client */;

--
-- Dumping data for table `usedbook`
--

LOCK TABLES `usedbook` WRITE;
/*!40000 ALTER TABLE `usedbook` DISABLE KEYS */;
INSERT INTO `usedbook` VALUES (1,1,13600,'2015-10-14 00:00:00','판매중'),(2,1,5400,'2021-04-07 00:00:00','판매완료'),(3,1,15500,'2024-11-09 00:00:00','판매완료'),(4,1,8100,'2024-04-16 00:00:00','판매중'),(5,1,5800,'2017-01-21 00:00:00','판매중'),(6,2,7500,'2023-05-01 00:00:00','판매중'),(7,2,15400,'2023-02-10 00:00:00','판매완료'),(8,2,18700,'2024-01-30 00:00:00','판매중'),(9,2,12900,'2025-05-19 00:00:00','판매완료'),(10,2,5600,'2022-03-06 00:00:00','판매중'),(11,3,12200,'2024-06-17 00:00:00','판매완료'),(12,3,14700,'2025-02-17 00:00:00','판매완료'),(13,3,5200,'2023-07-29 00:00:00','판매중'),(14,3,15200,'2024-08-19 00:00:00','판매중'),(15,3,18800,'2022-10-13 00:00:00','판매중'),(16,4,13000,'2008-01-01 00:00:00','판매중'),(17,4,10600,'2016-11-08 00:00:00','판매중'),(18,4,11300,'2025-05-07 00:00:00','판매완료'),(19,4,6600,'2016-03-22 00:00:00','판매완료'),(20,4,10900,'2024-09-16 00:00:00','판매중'),(21,5,5600,'2023-06-04 00:00:00','판매중'),(22,5,15300,'2023-07-04 00:00:00','판매완료'),(23,5,6200,'2025-04-19 00:00:00','판매완료'),(24,5,7800,'2023-01-30 00:00:00','판매중'),(25,5,12400,'2025-03-22 00:00:00','판매중'),(26,6,7600,'2025-01-06 00:00:00','판매완료'),(27,6,12900,'2025-02-08 00:00:00','판매중'),(28,6,14200,'2025-04-23 00:00:00','판매중'),(29,6,14300,'2025-03-19 00:00:00','판매중'),(30,6,5400,'2024-07-07 00:00:00','판매중'),(31,7,16200,'2023-05-22 00:00:00','판매완료'),(32,7,9700,'2024-12-09 00:00:00','판매중'),(33,7,9500,'2024-07-10 00:00:00','판매중'),(34,7,11600,'2024-08-01 00:00:00','판매중'),(35,7,10400,'2024-04-12 00:00:00','판매완료'),(36,8,12400,'2021-04-17 00:00:00','판매중'),(37,8,9500,'2016-04-16 00:00:00','판매완료'),(38,8,12500,'2023-09-27 00:00:00','판매중'),(39,8,15000,'2025-04-18 00:00:00','판매중'),(40,8,8800,'2014-07-21 00:00:00','판매중'),(41,9,11400,'2025-02-19 00:00:00','판매완료'),(42,9,13400,'2025-05-03 00:00:00','판매중'),(43,9,18400,'2025-01-30 00:00:00','판매완료'),(44,9,13200,'2025-01-02 00:00:00','판매완료'),(45,9,6400,'2025-04-10 00:00:00','판매중'),(46,10,6500,'2020-03-25 00:00:00','판매완료'),(47,10,16300,'2025-05-13 00:00:00','판매완료'),(48,10,7200,'2024-09-08 00:00:00','판매중'),(49,10,10700,'2020-05-23 00:00:00','판매중'),(50,10,9900,'2020-11-28 00:00:00','판매중'),(51,11,10100,'2022-04-06 00:00:00','판매완료'),(52,11,15000,'2022-09-20 00:00:00','판매중'),(53,11,5100,'2022-08-26 00:00:00','판매중'),(54,11,12000,'2022-07-21 00:00:00','판매완료'),(55,11,9500,'2022-04-29 00:00:00','판매완료'),(56,12,17500,'2024-02-26 00:00:00','판매중'),(57,12,17700,'2022-10-09 00:00:00','판매완료'),(58,12,9200,'2023-08-16 00:00:00','판매완료'),(59,12,18400,'2019-08-18 00:00:00','판매중'),(60,12,18800,'2020-01-02 00:00:00','판매완료'),(61,13,16700,'2014-03-15 00:00:00','판매중'),(62,13,11500,'2014-10-14 00:00:00','판매완료'),(63,13,18400,'2022-04-22 00:00:00','판매중'),(64,13,8000,'2014-06-28 00:00:00','판매중'),(65,13,19100,'2022-06-27 00:00:00','판매중'),(66,14,19500,'2022-07-04 00:00:00','판매완료'),(67,14,9900,'2022-06-23 00:00:00','판매완료'),(68,14,15500,'2022-11-17 00:00:00','판매완료'),(69,14,9200,'2011-09-20 00:00:00','판매중'),(70,14,16900,'2017-03-10 00:00:00','판매완료'),(71,15,19500,'2025-03-06 00:00:00','판매완료'),(72,15,5800,'2024-07-11 00:00:00','판매중'),(73,15,19900,'2024-05-06 00:00:00','판매완료'),(74,15,9800,'2024-08-11 00:00:00','판매중'),(75,15,7300,'2024-12-05 00:00:00','판매중'),(76,16,17200,'2023-03-24 00:00:00','판매완료'),(77,16,5800,'2024-05-28 00:00:00','판매중'),(78,16,9400,'2023-01-15 00:00:00','판매중'),(79,16,6600,'2023-10-13 00:00:00','판매중'),(80,16,15100,'2023-08-25 00:00:00','판매중'),(81,17,9100,'2024-09-27 00:00:00','판매완료'),(82,17,12500,'2021-05-07 00:00:00','판매중'),(83,17,8100,'2025-05-17 00:00:00','판매중'),(84,17,13700,'2023-06-05 00:00:00','판매중'),(85,17,8500,'2021-01-03 00:00:00','판매완료'),(86,18,19700,'2025-03-01 00:00:00','판매완료'),(87,18,14800,'2025-02-21 00:00:00','판매완료'),(88,18,14900,'2025-01-26 00:00:00','판매중'),(89,18,13400,'2025-02-26 00:00:00','판매완료'),(90,18,11200,'2025-03-22 00:00:00','판매중'),(91,19,12200,'2025-03-12 00:00:00','판매중'),(92,19,5600,'2025-01-03 00:00:00','판매중'),(93,19,12800,'2025-04-24 00:00:00','판매중'),(94,19,18500,'2025-04-04 00:00:00','판매중'),(95,19,17100,'2025-02-05 00:00:00','판매완료'),(96,20,12700,'2025-03-15 00:00:00','판매중'),(97,20,6400,'2025-05-10 00:00:00','판매중'),(98,20,13600,'2025-02-05 00:00:00','판매완료'),(99,20,14300,'2025-01-19 00:00:00','판매중'),(100,20,11500,'2025-02-14 00:00:00','판매완료'),(101,10,7300,'2020-09-05 00:00:00','판매중'),(102,22,5300,'2024-08-22 00:00:00','판매중'),(103,31,14000,'2022-03-16 00:00:00','판매완료'),(104,45,6400,'2020-09-26 00:00:00','판매완료'),(105,34,19300,'2025-03-26 00:00:00','판매중'),(106,74,19800,'2023-06-17 00:00:00','판매완료'),(107,31,5700,'2024-03-07 00:00:00','판매완료'),(108,61,8800,'2025-03-05 00:00:00','판매중'),(109,56,14300,'2024-12-05 00:00:00','판매완료'),(110,34,13600,'2025-02-12 00:00:00','판매중'),(111,23,19700,'2024-04-11 00:00:00','판매완료'),(112,14,12500,'2016-10-06 00:00:00','판매중'),(113,5,17800,'2023-10-11 00:00:00','판매완료'),(114,19,17300,'2025-02-13 00:00:00','판매중'),(115,20,16500,'2025-02-25 00:00:00','판매중'),(116,92,5500,'2024-09-13 00:00:00','판매중'),(117,81,14300,'2025-01-03 00:00:00','판매완료'),(118,21,5000,'2025-04-13 00:00:00','판매중'),(119,71,17200,'2024-12-02 00:00:00','판매중'),(120,23,8500,'2024-05-22 00:00:00','판매완료'),(121,36,15500,'2025-01-12 00:00:00','판매중'),(122,78,19100,'2025-04-27 00:00:00','판매완료'),(123,80,19500,'2013-06-20 00:00:00','판매중'),(124,4,14100,'2009-03-26 00:00:00','판매중'),(125,7,18500,'2024-05-23 00:00:00','판매중'),(126,32,18100,'2024-12-19 00:00:00','판매중'),(127,34,13800,'2025-03-29 00:00:00','판매완료'),(128,60,5200,'2025-03-03 00:00:00','판매중'),(129,40,8700,'2024-10-01 00:00:00','판매중'),(130,85,17000,'2025-02-26 00:00:00','판매중'),(131,91,8000,'2025-02-15 00:00:00','판매완료'),(132,56,15200,'2024-07-17 00:00:00','판매중'),(133,4,13500,'2013-12-16 00:00:00','판매완료'),(134,56,15400,'2024-03-27 00:00:00','판매완료'),(135,66,14200,'2024-10-25 00:00:00','판매중'),(136,94,5100,'2025-03-18 00:00:00','판매중'),(137,79,17000,'2020-08-17 00:00:00','판매완료'),(138,41,13900,'2024-06-04 00:00:00','판매중'),(139,39,10200,'2025-02-01 00:00:00','판매중'),(140,64,15700,'2020-07-23 00:00:00','판매완료'),(141,11,17500,'2023-08-26 00:00:00','판매완료'),(142,99,18800,'2019-06-28 00:00:00','판매중'),(143,100,6300,'2025-05-02 00:00:00','판매중'),(144,46,9600,'2024-12-22 00:00:00','판매중'),(145,40,10400,'2023-03-10 00:00:00','판매완료'),(146,23,14000,'2024-04-05 00:00:00','판매중'),(147,73,6200,'2025-02-01 00:00:00','판매완료'),(148,20,9700,'2025-03-03 00:00:00','판매중'),(149,93,12700,'2025-05-11 00:00:00','판매완료'),(150,28,8500,'2025-01-04 00:00:00','판매중'),(151,85,10400,'2025-03-05 00:00:00','판매중'),(152,4,17400,'2010-04-10 00:00:00','판매중'),(153,52,6700,'2023-05-09 00:00:00','판매완료'),(154,84,11200,'2024-05-28 00:00:00','판매완료'),(155,4,19500,'2008-04-27 00:00:00','판매중'),(156,21,11400,'2025-04-03 00:00:00','판매완료'),(157,3,5300,'2025-05-07 00:00:00','판매중'),(158,70,12800,'2022-09-24 00:00:00','판매중'),(159,64,15400,'2023-07-05 00:00:00','판매완료'),(160,51,8100,'2021-04-04 00:00:00','판매중'),(161,79,5100,'2022-03-30 00:00:00','판매중'),(162,47,16400,'2025-02-06 00:00:00','판매중'),(163,39,12800,'2025-04-17 00:00:00','판매중'),(164,43,12300,'2024-04-27 00:00:00','판매중'),(165,14,7000,'2023-04-06 00:00:00','판매중'),(166,29,19400,'2022-03-19 00:00:00','판매중'),(167,14,14200,'2013-08-20 00:00:00','판매중'),(168,94,19500,'2025-01-13 00:00:00','판매완료'),(169,7,6700,'2025-05-14 00:00:00','판매중'),(170,32,15700,'2023-04-14 00:00:00','판매중'),(171,62,6100,'2023-02-20 00:00:00','판매완료'),(172,39,6300,'2025-02-01 00:00:00','판매중'),(173,32,9900,'2024-03-27 00:00:00','판매완료'),(174,77,19600,'2024-01-07 00:00:00','판매완료'),(175,31,5600,'2024-03-18 00:00:00','판매중'),(176,77,8600,'2024-08-13 00:00:00','판매중'),(177,34,6100,'2025-02-19 00:00:00','판매완료'),(178,35,17900,'2023-08-10 00:00:00','판매중'),(179,97,15700,'2025-01-16 00:00:00','판매중'),(180,71,6100,'2017-08-27 00:00:00','판매중'),(181,90,13200,'2022-11-03 00:00:00','판매완료'),(182,91,12900,'2025-02-25 00:00:00','판매완료'),(183,52,13400,'2023-08-07 00:00:00','판매완료'),(184,14,5500,'2015-08-22 00:00:00','판매완료'),(185,93,15700,'2025-01-07 00:00:00','판매완료'),(186,17,10100,'2024-11-25 00:00:00','판매완료'),(187,94,12200,'2025-05-17 00:00:00','판매중'),(188,87,18100,'2025-03-14 00:00:00','판매완료'),(189,60,15400,'2024-07-24 00:00:00','판매중'),(190,92,13600,'2024-02-08 00:00:00','판매중'),(191,97,6400,'2025-05-10 00:00:00','판매완료'),(192,92,11000,'2025-02-27 00:00:00','판매완료'),(193,81,16600,'2025-03-18 00:00:00','판매완료'),(194,38,10800,'2024-11-13 00:00:00','판매완료'),(195,33,18000,'2024-01-18 00:00:00','판매중'),(196,29,7900,'2025-04-01 00:00:00','판매중'),(197,39,8600,'2025-03-12 00:00:00','판매완료'),(198,56,15000,'2024-09-07 00:00:00','판매완료'),(199,51,13600,'2024-05-05 00:00:00','판매중'),(200,65,5500,'2023-05-18 00:00:00','판매중'),(201,33,6700,'2025-04-23 00:00:00','판매중'),(202,84,9600,'2025-01-19 00:00:00','판매완료'),(203,24,6300,'2022-11-23 00:00:00','판매중'),(204,15,6500,'2024-01-28 00:00:00','판매완료'),(205,71,17200,'2023-07-14 00:00:00','판매완료'),(206,17,8200,'2022-02-09 00:00:00','판매중'),(207,1,18600,'2015-05-01 00:00:00','판매완료'),(208,68,18600,'2025-01-08 00:00:00','판매중'),(209,28,15900,'2025-02-20 00:00:00','판매완료'),(210,44,6200,'2022-02-14 00:00:00','판매중'),(211,43,13900,'2024-10-28 00:00:00','판매완료'),(212,50,15800,'2022-03-27 00:00:00','판매완료'),(213,24,16400,'2023-06-04 00:00:00','판매중'),(214,54,14200,'2025-02-20 00:00:00','판매완료'),(215,93,10100,'2025-05-03 00:00:00','판매중'),(216,34,7100,'2025-03-30 00:00:00','판매완료'),(217,8,7800,'2023-07-20 00:00:00','판매완료'),(218,69,15800,'2024-11-18 00:00:00','판매중'),(219,55,13800,'2024-06-05 00:00:00','판매완료'),(220,66,14100,'2020-09-05 00:00:00','판매중'),(221,25,15900,'2025-01-02 00:00:00','판매중'),(222,44,7400,'2023-05-26 00:00:00','판매완료'),(223,65,6400,'2024-10-14 00:00:00','판매완료'),(224,100,7800,'2025-01-22 00:00:00','판매완료'),(225,77,16900,'2025-03-05 00:00:00','판매완료'),(226,17,6900,'2022-07-04 00:00:00','판매완료'),(227,71,7900,'2022-05-26 00:00:00','판매중'),(228,75,8500,'2024-07-22 00:00:00','판매중'),(229,34,12200,'2025-01-27 00:00:00','판매완료'),(230,97,17000,'2025-05-09 00:00:00','판매중'),(231,98,5200,'2019-12-31 00:00:00','판매중'),(232,76,17500,'2025-04-02 00:00:00','판매중'),(233,89,15900,'2024-07-19 00:00:00','판매완료'),(234,78,8300,'2021-12-24 00:00:00','판매중'),(235,2,5800,'2022-01-09 00:00:00','판매중'),(236,89,12800,'2024-03-05 00:00:00','판매중'),(237,22,14800,'2023-11-30 00:00:00','판매완료'),(238,81,14700,'2025-01-05 00:00:00','판매중'),(239,40,16100,'2024-12-29 00:00:00','판매중'),(240,46,14100,'2025-01-02 00:00:00','판매완료'),(241,35,6600,'2025-01-04 00:00:00','판매중'),(242,83,11700,'2025-05-09 00:00:00','판매완료'),(243,1,7100,'2019-01-25 00:00:00','판매중'),(244,64,14600,'2019-07-29 00:00:00','판매중'),(245,98,7400,'2022-01-12 00:00:00','판매중'),(246,36,5300,'2025-01-05 00:00:00','판매완료'),(247,63,13200,'2024-11-26 00:00:00','판매중'),(248,34,8200,'2025-03-12 00:00:00','판매중'),(249,19,15400,'2025-04-14 00:00:00','판매중'),(250,99,5100,'2019-09-22 00:00:00','판매중'),(251,92,8300,'2024-04-15 00:00:00','판매중'),(252,84,5800,'2025-01-17 00:00:00','판매완료'),(253,17,17500,'2023-12-07 00:00:00','판매중'),(254,22,12900,'2024-12-04 00:00:00','판매완료'),(255,36,15500,'2025-02-16 00:00:00','판매완료'),(256,99,9200,'2018-01-10 00:00:00','판매중'),(257,49,9300,'2025-03-03 00:00:00','판매중'),(258,83,17000,'2025-02-01 00:00:00','판매중'),(259,67,15600,'2021-06-30 00:00:00','판매완료'),(260,62,11900,'2025-03-17 00:00:00','판매중'),(261,89,12100,'2025-02-08 00:00:00','판매완료'),(262,7,11100,'2023-09-05 00:00:00','판매완료'),(263,19,7400,'2025-03-10 00:00:00','판매중'),(264,1,6900,'2018-08-22 00:00:00','판매완료'),(265,5,13700,'2023-01-12 00:00:00','판매완료'),(266,3,17800,'2023-12-10 00:00:00','판매중'),(267,28,13100,'2025-01-25 00:00:00','판매중'),(268,46,17000,'2024-12-27 00:00:00','판매완료'),(269,44,6300,'2021-11-12 00:00:00','판매중'),(270,52,17600,'2024-04-14 00:00:00','판매완료'),(271,15,6300,'2024-05-30 00:00:00','판매중'),(272,24,15400,'2024-07-23 00:00:00','판매중'),(273,55,13500,'2024-03-01 00:00:00','판매중'),(274,83,6200,'2025-01-28 00:00:00','판매완료'),(275,59,7800,'2024-04-26 00:00:00','판매중'),(276,85,7600,'2025-01-31 00:00:00','판매중'),(277,2,13700,'2024-11-18 00:00:00','판매완료'),(278,37,18300,'2024-11-13 00:00:00','판매완료'),(279,37,15800,'2024-10-24 00:00:00','판매중'),(280,23,5000,'2024-03-20 00:00:00','판매중'),(281,11,5100,'2023-02-07 00:00:00','판매중'),(282,63,9900,'2024-08-22 00:00:00','판매중'),(283,16,14400,'2024-02-22 00:00:00','판매완료'),(284,47,15500,'2022-06-24 00:00:00','판매중'),(285,11,13600,'2023-05-26 00:00:00','판매중'),(286,75,14700,'2022-06-20 00:00:00','판매완료'),(287,67,12900,'2023-11-01 00:00:00','판매완료'),(288,94,16600,'2025-04-25 00:00:00','판매중'),(289,52,14100,'2024-11-24 00:00:00','판매완료'),(290,6,9900,'2024-12-02 00:00:00','판매중'),(291,57,13600,'2025-04-07 00:00:00','판매중'),(292,51,14500,'2023-08-31 00:00:00','판매완료'),(293,19,17300,'2025-01-14 00:00:00','판매완료'),(294,36,14500,'2025-04-02 00:00:00','판매완료'),(295,6,10300,'2024-01-21 00:00:00','판매중'),(296,40,15300,'2021-06-16 00:00:00','판매중'),(297,45,14200,'2023-06-23 00:00:00','판매중'),(298,96,17300,'2025-04-12 00:00:00','판매중'),(299,98,11900,'2019-07-05 00:00:00','판매중'),(300,62,5100,'2023-03-08 00:00:00','판매중');
/*!40000 ALTER TABLE `usedbook` ENABLE KEYS */;
UNLOCK TABLES;

--
-- Table structure for table `user`
--

DROP TABLE IF EXISTS `user`;
/*!40101 SET @saved_cs_client     = @@character_set_client */;
/*!50503 SET character_set_client = utf8mb4 */;
CREATE TABLE `user` (
  `user_id` int NOT NULL,
  `username` varchar(50) NOT NULL,
  `email` varchar(100) NOT NULL,
  `join_date` date NOT NULL DEFAULT (curdate()),
  `address` varchar(255) DEFAULT NULL,
  PRIMARY KEY (`user_id`)
) ENGINE=InnoDB DEFAULT CHARSET=utf8mb4 COLLATE=utf8mb4_0900_ai_ci;
/*!40101 SET character_set_client = @saved_cs_client */;

--
-- Dumping data for table `user`
--

LOCK TABLES `user` WRITE;
/*!40000 ALTER TABLE `user` DISABLE KEYS */;
INSERT INTO `user` VALUES (1,'강지형','eaque897@daum.net','2025-02-15','(07605) 서울특별시 강서구 방화대로33길 13 1층'),(2,'린평순','debitis855@nate.com','2025-03-18','(04025) 서울특별시 마포구 월드컵로3길 31-30 3층'),(3,'술훈복','alias569@daum.net','2024-08-10','(63528) 제주 서귀포시 안덕면 사계로114번길 54-58 1층'),(4,'성옥수','fugiat306@daum.net','2024-12-09','(17006) 경기도 용인시 기흥구 동백5로 22 쥬네브문월드 가동 137호'),(5,'성새화','itaque831@nate.com','2024-12-23','(63333) 제주특별자치도 제주시 조천읍 함덕5길 8-23'),(6,'으온혼','quos616@gmail.com','2023-08-04','(03979) 서울특별시 마포구 성미산로23길 60'),(7,'잔빈심','iste729@gmail.com','2024-06-13','(07016) 서울특별시 동작구 동작대로9가길 32 1층'),(8,'승만탁','maiores772@kakao.com','2023-08-24','(54022) 전라북도 군산시 구영5길 21-26'),(9,'양늬무','dolorum100@naver.com','2024-05-15','(63569) 제주특별자치도 서귀포시 막동산로 19'),(10,'백치강','non940@naver.com','2025-03-28','(02864) 서울특별시 성북구 삼선교로16길 16-3'),(11,'은천화','dolorum956@nate.com','2023-12-01','(03765) 서울특별시 서대문구 이화여대길 88-11'),(12,'임수구','voluptate431@nate.com','2024-08-27','(12533) 경기도 양평군 양동면 고송길 35-37'),(13,'려반가','ad331@gmail.com','2024-08-21','(03194) 서울특별시 종로구 청계천로 159 3층 외부 바열 328호'),(14,'양초섭','blanditiis915@naver.com','2023-06-10','(04339) 서울특별시 용산구 신흥로16길 7'),(15,'노운슬','corrupti794@naver.com','2024-03-29','(48930) 부산광역시 중구 대청로141번길 17 1층'),(16,'최월공','dolore68@naver.com','2025-02-19','(51428) 경상남도 창원시 의창구 외동반림로254번길 8-1'),(17,'련순엄','corrupti526@naver.com','2024-12-27','(04550) 서울특별시 중구 을지로 114-6 606호'),(18,'신양린','quod341@nate.com','2025-05-12','(16904) 경기도 용인시 기흥구 신촌로73번길 5-1 102호'),(19,'중을다','iusto645@nate.com','2023-08-01','(47900) 부산 동래구 온천천로453번길 14 2층'),(20,'옥제직','aspernatur337@daum.net','2024-04-05','(08752) 서울특별시 관악구 양녕로 19 1층,2층'),(21,'창랑별','accusamus10@naver.com','2024-10-24','(21566) 인천광역시 남동구 문화서로49번길 39 103호'),(22,'윤건잔','sunt826@daum.net','2024-03-31','(04345) 서울특별시 용산구 회나무로12길 5 Beleben 벨리븐'),(23,'태초후','reiciendis168@kakao.com','2024-12-12','(21337) 인천광역시 부평구 장제로249번길 16 1층'),(24,'환천추','consequatur784@daum.net','2024-07-12','(54039) 전라북도 군산시 풍문2길 5-2'),(25,'면관예','repellat705@gmail.com','2024-09-12','(23058) 인천광역시 강화군 양도면 강화남로428번길 46-27'),(26,'위관윤','assumenda434@nate.com','2024-10-12','(48967) 부산광역시 중구 책방골목길 8-1 1층'),(27,'들들우','distinctio205@kakao.com','2025-01-19','(04549) 서울특별시 중구 을지로20길 32-3 203호'),(28,'연변누','quos888@kakao.com','2023-12-24','(17389) 경기도 이천시 마장면 덕평로877번길 16'),(29,'오천걸','mollitia357@gmail.com','2024-03-24','(03999) 서울특별시 마포구 월드컵북로9길 30'),(30,'정홍애','enim336@naver.com','2024-09-18','(34085) 대전광역시 유성구 은구비서로24번길 6 지하 1층'),(31,'방분대','iure534@daum.net','2024-12-25','(57340) 전라남도 담양군 담양읍 객사3길 9-1'),(32,'들옥초','autem162@nate.com','2024-04-25','(41958) 대구광역시 중구 봉산문화길 19 2층'),(33,'창봉명','dolores366@daum.net','2025-03-10','(63361) 제주특별자치도 제주시 구좌읍 세화11길 8'),(34,'화솔다','accusamus454@naver.com','2023-10-19','(10298) 경기도 고양시 덕양구 원당로113번길 48-7'),(35,'일재흠','ducimus830@nate.com','2023-05-27','(24412) 강원도 춘천시 신동면 금병의숙1길 19'),(36,'공더휴','adipisci177@gmail.com','2024-11-09','(63005) 제주 제주시 한경면 저지동길 8-31'),(37,'혜비미','debitis846@kakao.com','2024-09-16','(15447) 경기도 안산시 단원구 화정천서로 115 2층 201호'),(38,'일분효','delectus133@daum.net','2025-05-13','(02529) 서울특별시 동대문구 답십리로63길 30 101호'),(39,'고언탁','saepe136@naver.com','2024-03-16','(55038) 전라북도 전주시 완산구 전라감영4길 16-7 3층'),(40,'하문개','totam686@kakao.com','2024-08-18','(59743) 전남 여수시 공화남1길 11 1층 왼쪽'),(41,'직찬들','eius836@daum.net','2025-03-11','(34625) 대전광역시 동구 선화로 212 2층'),(42,'혜해옥','cumque792@nate.com','2025-02-23','(63055) 제주 제주시 애월읍 장유길 44'),(43,'엄웅분','tempore952@gmail.com','2025-03-18','(04337) 서울특별시 용산구 신흥로 115-1'),(44,'순량혁','dolore914@daum.net','2025-04-23','(05009) 서울특별시 광진구 능동로19길 5 지하'),(45,'혜초상','beatae791@gmail.com','2024-10-03','(33124) 충청남도 부여군 규암면 자온로 82'),(46,'빈신지','ut997@nate.com','2023-07-19','(08737) 서울특별시 관악구 관악로 204 3층 301호'),(47,'현근규','eum404@nate.com','2023-07-08','(08613) 서울특별시 금천구 시흥대로73길 11 무지개상가 309호'),(48,'조정술','ad446@daum.net','2024-02-10','(51017) 경상남도 김해시 율하3로8번길 38'),(49,'세연섬','doloribus202@kakao.com','2024-05-02','(61980) 광주광역시 서구 화운로 136 1층'),(50,'태구기','culpa762@naver.com','2023-08-02','(59746) 전라남도 여수시 이순신광장로 220 1층 106호 태양맨션상가');
/*!40000 ALTER TABLE `user` ENABLE KEYS */;
UNLOCK TABLES;

--
-- Temporary view structure for view `user_purchase_history`
--

DROP TABLE IF EXISTS `user_purchase_history`;
/*!50001 DROP VIEW IF EXISTS `user_purchase_history`*/;
SET @saved_cs_client     = @@character_set_client;
/*!50503 SET character_set_client = utf8mb4 */;
/*!50001 CREATE VIEW `user_purchase_history` AS SELECT 
 1 AS `purchase_id`,
 1 AS `buyer_id`,
 1 AS `username`,
 1 AS `purchased_date`,
 1 AS `used_book_id`,
 1 AS `book_title`,
 1 AS `final_price`*/;
SET character_set_client = @saved_cs_client;

--
-- Final view structure for view `user_purchase_history`
--

/*!50001 DROP VIEW IF EXISTS `user_purchase_history`*/;
/*!50001 SET @saved_cs_client          = @@character_set_client */;
/*!50001 SET @saved_cs_results         = @@character_set_results */;
/*!50001 SET @saved_col_connection     = @@collation_connection */;
/*!50001 SET character_set_client      = utf8mb4 */;
/*!50001 SET character_set_results     = utf8mb4 */;
/*!50001 SET collation_connection      = utf8mb4_0900_ai_ci */;
/*!50001 CREATE ALGORITHM=UNDEFINED */
/*!50013 DEFINER=`root`@`localhost` SQL SECURITY DEFINER */
/*!50001 VIEW `user_purchase_history` AS select `p`.`purchase_id` AS `purchase_id`,`p`.`buyer_id` AS `buyer_id`,`u`.`username` AS `username`,`p`.`purchased_date` AS `purchased_date`,`ub`.`used_book_id` AS `used_book_id`,`b`.`title` AS `book_title`,`p`.`final_price` AS `final_price` from (((`purchase` `p` join `user` `u` on((`p`.`buyer_id` = `u`.`user_id`))) join `usedbook` `ub` on((`p`.`used_book_id` = `ub`.`used_book_id`))) join `book` `b` on((`ub`.`book_id` = `b`.`book_id`))) */;
/*!50001 SET character_set_client      = @saved_cs_client */;
/*!50001 SET character_set_results     = @saved_cs_results */;
/*!50001 SET collation_connection      = @saved_col_connection */;
/*!40103 SET TIME_ZONE=@OLD_TIME_ZONE */;

/*!40101 SET SQL_MODE=@OLD_SQL_MODE */;
/*!40014 SET FOREIGN_KEY_CHECKS=@OLD_FOREIGN_KEY_CHECKS */;
/*!40014 SET UNIQUE_CHECKS=@OLD_UNIQUE_CHECKS */;
/*!40101 SET CHARACTER_SET_CLIENT=@OLD_CHARACTER_SET_CLIENT */;
/*!40101 SET CHARACTER_SET_RESULTS=@OLD_CHARACTER_SET_RESULTS */;
/*!40101 SET COLLATION_CONNECTION=@OLD_COLLATION_CONNECTION */;
/*!40111 SET SQL_NOTES=@OLD_SQL_NOTES */;

-- Dump completed on 2025-05-27  1:09:56
