-- MySQL dump 10.13  Distrib 8.4.5, for Win64 (x86_64)
--
-- Host: localhost    Database: bookstorea
-- ------------------------------------------------------
-- Server version	8.4.5

/*!40101 SET @OLD_CHARACTER_SET_CLIENT=@@CHARACTER_SET_CLIENT */;
/*!40101 SET @OLD_CHARACTER_SET_RESULTS=@@CHARACTER_SET_RESULTS */;
/*!40101 SET @OLD_COLLATION_CONNECTION=@@COLLATION_CONNECTION */;
/*!50503 SET NAMES utf8mb4 */;
/*!40103 SET @OLD_TIME_ZONE=@@TIME_ZONE */;
/*!40103 SET TIME_ZONE='+00:00' */;
/*!40014 SET @OLD_UNIQUE_CHECKS=@@UNIQUE_CHECKS, UNIQUE_CHECKS=0 */;
/*!40014 SET @OLD_FOREIGN_KEY_CHECKS=@@FOREIGN_KEY_CHECKS, FOREIGN_KEY_CHECKS=0 */;
/*!40101 SET @OLD_SQL_MODE=@@SQL_MODE, SQL_MODE='NO_AUTO_VALUE_ON_ZERO' */;
/*!40111 SET @OLD_SQL_NOTES=@@SQL_NOTES, SQL_NOTES=0 */;

--
-- Table structure for table `book`
--

DROP TABLE IF EXISTS `book`;
/*!40101 SET @saved_cs_client     = @@character_set_client */;
/*!50503 SET character_set_client = utf8mb4 */;
CREATE TABLE `book` (
  `book_id` int NOT NULL AUTO_INCREMENT,
  `title` varchar(255) NOT NULL,
  `author` varchar(100) NOT NULL,
  `publisher` varchar(100) DEFAULT NULL,
  `isbn` varchar(20) DEFAULT NULL,
  `published_date` year DEFAULT NULL,
  PRIMARY KEY (`book_id`),
  UNIQUE KEY `isbn` (`isbn`)
) ENGINE=InnoDB AUTO_INCREMENT=201 DEFAULT CHARSET=utf8mb4 COLLATE=utf8mb4_0900_ai_ci;
/*!40101 SET character_set_client = @saved_cs_client */;

--
-- Dumping data for table `book`
--

LOCK TABLES `book` WRITE;
/*!40000 ALTER TABLE `book` DISABLE KEYS */;
INSERT INTO `book` VALUES (1,'소년이 온다','한강','창비','9788936434120',2014),(2,'작별하지 않는다','한강','문학동네','9788954682152',2021),(3,'채식주의자 (리마스터판)','한강','창비','9788936434595',2022),(4,'흰','한강','문학동네','9791141601713',2025),(5,'ETS 토익 정기시험 기출문제집 1000 Vol. 4 Reading (리딩)','ETS','(주)YBM(와이비엠)','9788917239508',2023),(6,'이처럼 사소한 것들','클레어 키건','다산책방','9791130646381',2023),(7,'서랍에 저녁을 넣어 두었다','한강','문학과지성사','9788932024639',2013),(8,'그의 운명에 대한 아주 개인적인 생각','유시민','생각의길','9788965138068',2024),(9,'불변의 법칙','모건 하우절','서삼독','9791198517425',2024),(10,'세이노의 가르침 (화이트 에디션)','세이노','데이원','9791168473690',2023),(11,'희랍어 시간','한강','문학동네','9788954616515',2011),(12,'트렌드 코리아 2025','김난도 외','미래의창','9788959897223',2024),(13,'모순','양귀자','쓰다','9788998441012',2013),(14,'빨모쌤의 라이브 영어회화','빨간모자쌤 신용하','웅진지식하우스','9788901281797',2024),(15,'나를 소모하지 않는 현명한 태도에 관하여','마티아스 뇔케','퍼스트펭귄','9791198682505',2024),(16,'언젠가 우리가 같은 별을 바라본다면','차인표','해결책','9791191061048',2021),(17,'일류의 조건','사이토 다카시','필름(Feelm)','9791193262122',2024),(18,'맡겨진 소녀','클레어 키건','다산책방','9791130698199',2023),(19,'선재 업고 튀어 1~2 세트 - 전2권','이시은','북로그컴퍼니','9791168030817',2024),(20,'아이는 무엇으로 자라는가','버지니아 사티어','포레스트북스','9791193506202',2023),(21,'리틀 라이프 1','한야 야나기하라','시공사','9788952776372',2016),(22,'허송세월','김훈','나남출판','9788930041683',2024),(23,'디 에센셜 한강 (무선 보급판)','한강','문학동네','9788954693462',2023),(24,'처음부터 시작하는 주식투자 단타전략','홍인기','길벗','9791140707492',2023),(25,'영원한 천국','정유정','은행나무','9791167374561',2024),(26,'THE MONEY BOOK 더 머니북','토스','비바리퍼블리카','9791198686114',2024),(27,'도둑맞은 집중력','요한 하리','어크로스','9791167740984',2023),(28,'넥서스','유발 하라리','김영사','9791194330424',2024),(29,'리틀 라이프 2','한야 야나기하라','시공사','9788952776389',2016),(30,'일본어 무작정 따라하기 완전판','후지이 아사리','길벗이지톡','9791165219956',2022),(31,'EBS 다큐프라임 자본주의','EBS 자본주의 제작팀','가나출판사','9788957365793',2013),(32,'당신이 누군가를 죽였다','히가시노 게이고','북다','9791170611561',2024),(33,'내 몸 혁명','박용우','루미너스','9791198553317',2024),(34,'트럼프 2.0 시대','박종훈','글로퍼스','9791198987600',2024),(35,'찌그러져도 동그라미입니다','김창완','웅진지식하우스','9788901280684',2024),(36,'바람이 분다, 가라','한강','문학과지성사','9788932020006',2010),(37,'남에게 보여주려고 인생을 낭비하지 마라','아르투어 쇼펜하우어','페이지2(page2)','9791169850445',2023),(38,'두 사람의 인터내셔널','김기태','문학동네','9788954697941',2024),(39,'알사탕 제조법','백희나','Storybowl(스토리보울)','9791198610607',2024),(40,'만화로 보는 3분 철학 1 : 서양 고대 철학편','김재훈.서정욱','카시오페아','9791190776752',2021),(41,'국어 잘하는 아이가 이깁니다','나민애','김영사','9788934965404',2024),(42,'작은 땅의 야수들','김주혜','다산책방','9791130642574',2023),(43,'더 좋은 문장을 쓰고 싶은 당신을 위한 필사책','이주윤','빅피시','9791194033127',2024),(44,'나는 읽고 쓰고 버린다','손웅정','난다','9791191859836',2024),(45,'2024 제15회 젊은작가상 수상작품집','김멜라 외','문학동네','9788954638746',2024),(46,'데미안 (오리지널 초판본 표지디자인)','헤르만 헤세','코너스톤','9791187011590',2017),(47,'물고기는 존재하지 않는다','룰루 밀러','곰출판','9791189327156',2021),(48,'느리게 나이 드는 습관','정희원','한빛라이프','9791193080146',2023),(49,'죽이고 싶은 아이 2','이꽃님','우리학교','9791167552723',2024),(50,'사랑인 줄 알았는데 부정맥','사단법인 전국유료실버타운협회 포푸라샤 편집부','포레스트북스','9791193506073',2024),(51,'좋은 문장 표현에서 문장부호까지!','이수연','마리북스','9791193270134',2024),(52,'여수의 사랑','한강','문학과지성사','9788932034812',2018),(53,'구의 증명','최진영','은행나무','9791167372864',2023),(54,'흐르는 강물처럼','셸리 리드','다산책방','9791130649672',2024),(55,'초역 부처의 말','코이케 류노스케','포레스트북스','9791193506516',2024),(56,'불안 세대','조너선 하이트','웅진지식하우스','9788901285894',2024),(57,'이기적 유전자','리처드 도킨스','을유문화사','9788932473901',2018),(58,'코스모스','칼 세이건','사이언스북스','9788983711892',2006),(59,'압수수색','김용진.한상진.봉지욱','뉴스타파','9791198933225',2025),(60,'저속노화 식사법','정희원','테이스트북스','9791141606862',2024),(61,'고층 입원실의 갱스터 할머니','양유진','21세기북스','9791171174508',2024),(62,'흔한남매 16','흔한남매','미래엔아이세움','9791168418011',2024),(63,'시대예보: 호명사회','송길영','교보문고(단행본)','9791170611875',2024),(64,'주술회전 27 트리플 특장판','아쿠타미 게게','서울미디어코믹스(서울문화사)','9791136791047',2024),(65,'퍼스널 MBA','조쉬 카우프만','진성북스','9788997743605',2024),(66,'패밀리 레스토랑 가자. 上','와야마 야마','문학동네','9788954698726',2024),(67,'사피엔스','유발 하라리','김영사','9788934972464',2023),(68,'나는 나의 스무 살을 가장 존중한다','이하영','토네이도','9791158512859',2024),(69,'부모의 어휘력','김종원','카시오페아','9791168271999',2024),(70,'대온실 수리 보고서','김금희','창비','9788936439651',2024),(71,'총 균 쇠','제레드 다이아몬드','김영사','9788934942467',2023),(72,'아주 희미한 빛으로도','최은영','문학동네','9788954695053',2023),(73,'사피엔스 : 그래픽 히스토리 Vol.1','다니엘 카사나브','김영사','9788934991328',2020),(74,'진짜 쓰는 실무 엑셀','오빠두','제이펍','9791191600704',2022),(75,'데일 카네기 인간관계론 (50만부 돌파 초판 무삭제 완역본)','데일 카네기','현대지성','9791187142560',2019),(76,'지적 대화를 위한 넓고 얕은 지식 1','채사장','웨일북','9791190313186',2020),(77,'찬란한 멸종','이정모','다산북스','9791130655017',2024),(78,'꽃길이 따로 있나, 내 삶이 꽃인 것을','오평선','포레스트북스','9791193506394',2024),(79,'원피스 108','오다 에이치로','대원씨아이(만화)','9791172039448',2024),(80,'즐거운 어른','이옥선','이야기장수','9791194184034',2024),(81,'감정의 이해','엠마 헵번','포레스트북스','9791193506455',2024),(82,'딕테','차학경','문학사상','9788970123103',2024),(83,'죽음의 수용소에서','빅터 프랭클','청아출판사','9788936811549',2020),(84,'흔한남매 17','흔한남매','미래엔아이세움','9791168418844',2024),(85,'내가 한 말을 내가 오해하지 않기로 함','문상훈','위너스북','9791189352745',2024),(86,'던전밥 14','쿠이 료코','㈜소미미디어','9791138482769',2024),(87,'룩 백','후지모토 타츠키','학산문화사(만화)','9791168761841',2022),(88,'세상은 이야기로 만들어졌다','자미라 엘 우아실.프리데만 카릭','원더박스','9791192953151',2023),(89,'혼자일 수 없다면 나아갈 수 없다','프리드리히 니체','포레스트북스','9791193506387',2024),(90,'나는 왜 남들보다 쉽게 지칠까','최재훈','서스테인','9791193388075',2024),(91,'인간 실격','다자이 오사무','민음사','9788937461033',2004),(92,'박태웅의 AI 강의 2025','박태웅','한빛비즈','9791157847679',2024),(93,'내 여자의 열매','한강','문학과지성사','9788932034829',2018),(94,'내면소통','김주환','인플루엔셜(주)','9791168340855',2023),(95,'나는 다정한 관찰자가 되기로 했다','이은경','서교책방','9791198752406',2024),(96,'사라진 것들','앤드루 포터','문학동네','9788954697354',2024),(97,'싯다르타','헤르만 헤세','민음사','9788937460586',2002),(98,'급류','정대건','민음사','9788937473401',2022),(99,'누군가를 이토록 사랑한 적','이병률','문학과지성사','9788932042725',2024),(100,'무례한 친구가 생겼어요','크리스티나 퍼니발','리틀포레스트','9791193506332',2024),(101,'푸른 들판을 걷다','클레어 키건','다산책방','9791130654621',2024),(102,'내 언어의 한계는 내 세계의 한계이다','김종원','마인드셋','9791194072003',2024),(103,'죽이고 싶은 아이','이꽃님','우리학교','9791190337755',2021),(104,'음악소설집 音樂小說集','김애란 외','프란츠','9791197325892',2024),(105,'데미안','헤르만 헤세','민음사','9788937460449',2000),(106,'홍학의 자리','정해연','엘릭시르','9788954681155',2021),(107,'내가 생각한 인생이 아니야','류시화','수오서재','9791193238172',2023),(108,'강인함의 힘','스티브 매그니스','상상스퀘어','9791192389776',2024),(109,'쿠이 료코 낙서집 데이드림 아워','쿠이 료코','㈜소미미디어','9791138483162',2024),(110,'여름을 한 입 베어 물었더니','이꽃님','문학동네','9788954694575',2023),(111,'검은 사슴','한강','문학동네','9788954648905',2017),(112,'어른의 행복은 조용하다','태수','페이지2(page2)','9791169851053',2024),(113,'로봇 드림','사라 바론','놀','9791130651309',2024),(114,'나는 행복한 푸바오 할부지입니다','강철원','시공사','9791171251179',2024),(115,'해피버쓰데이','백희나','Storybowl(스토리보울)','9791198807281',2024),(116,'JLPT 일본어능력시험 한권으로 끝내기 N3','이치우. 기타지마 치즈코','다락원','9788927712435',2021),(117,'어떤 어른','김소영','사계절','9791169813419',2024),(118,'던전밥 13','쿠이 료코','㈜소미미디어','9791138481762',2024),(119,'나에게 들려주는 예쁜 말','김종원','상상아이(상상아카데미)','9791193379158',2024),(120,'해커스 일본어 첫걸음 : 기초 20일 독학 완성!','해커스JLPT연구소','해커스어학연구소(Hackers)','9788965424215',2024),(121,'주아쌤의 툭 치면 탁 나오는 영어회화 (특별 부록 한정판)','주아쌤','몽스북','9791191401981',2024),(122,'원피스 107','오다 에이이치로','대원씨아이(만화)','9791171723331',2024),(123,'트렌드 코리아 2024','김난도 외','미래의창','9788959897179',2023),(124,'하이큐!! 매거진 2024 MAY','후루다테 하루이치','대원씨아이(만화)','9791172450021',2024),(125,'극락가 2','사노 유토','대원씨아이(만화)','9791142302558',2024),(126,'삶이 흔들릴 때 뇌과학을 읽습니다','이케가야 유지','힉스','9791198704504',2024),(127,'나의 히어로 아카데미아 41 (트리플 특장판)','호리코시 코헤이','서울미디어코믹스(서울문화사)','9791136793959',2024),(128,'나의 인생만사 답사기','유홍준','창비','9788936480608',2024),(129,'유목민의 투자의 정석','유목민','리더스북','9788901279282',2024),(130,'긴긴밤','루리','문학동네','9788954677158',2021),(131,'흔한남매 18','흔한남매','미래엔아이세움','9791173114038',2024),(132,'사랑을 무게로 안 느끼게','박완서','세계사','9788933872352',2024),(133,'달리기를 말할 때 내가 하고 싶은 이야기','무라카미 하루키','문학사상','9788970128337',2009),(134,'질병 해방','피터 아티아.빌 기퍼드','부키','9791193528129',2024),(135,'철학은 날씨를 바꾼다','서동욱','김영사','9788934971351',2024),(136,'원피스 109','오다 에이치로','대원씨아이(만화)','9791172884925',2024),(137,'일본어 문법 무작정 따라하기','후지이 아사리','길벗이지톡','9791140702978',2023),(138,'용선생 교과서 세계사 1','사회평론 역사연구소','사회평론','9791162733189',2023),(139,'인생은 순간이다','김성근','다산북스','9791130648385',2023),(140,'컨셉 수업','호소다 다카히로','알에이치코리아(RHK)','9788925575438',2024),(141,'물질의 세계','에드 콘웨이','인플루엔셜(주)','9791168341746',2024),(142,'지적 대화를 위한 넓고 얕은 지식 무한','채사장','웨일북','9791192097978',2024),(143,'생각의 연금술','제임스 알렌','포레스트북스','9791193506844',2024),(144,'시한부','백은별','바른북스','9791193647646',2024),(145,'푸바오, 언제나 사랑해','강철원','시공주니어','9791171253128',2024),(146,'인생의 의미','토마스 힐란드 에릭센','더퀘스트','9791140710690',2024),(147,'이은경쌤의 초등어휘일력 365 (스프링)','이은경','포레스트북스','9791192625300',2022),(148,'신화의 숲','김헌','포레스트북스','9791193506448',2024),(149,'지박소년 하나코 군 21','아이다이로','서울미디어코믹스(서울문화사)','9791136784605',2024),(150,'철학의 쓸모','로랑스 드빌레르','FIKA(피카)','9791193866146',2024),(151,'제철 행복','김신지','인플루엔셜(주)','9791168341890',2024),(152,'어떻게 살 것인가','이광수','이든하우스','9791198564139',2024),(153,'오십에 읽는 주역','강기진','유노북스','9791192300917',2023),(154,'일본어 상용한자 무작정 따라하기 1','권경배','길벗이지톡','9791140703050',2023),(155,'세계를 건너 너에게 갈게','이꽃님','문학동네','9788954650212',2018),(156,'키위엔 영어회화 하루 5분의 기적','박강준','키위엔','9791198002907',2022),(157,'삼체 1부 : 삼체문제','류츠신','자음과모음','9788954442695',2022),(158,'괴수 8호 side B 1','히다노 켄타로','서울미디어코믹스(서울문화사)','9791136789891',2024),(159,'일의 감각','조수용','B Media Company','9791193383193',2024),(160,'아주 세속적인 지혜','발타자르 그라시안','페이지2(page2)','9791169850179',2023),(161,'고양이 해결사 깜냥 7','홍민정','창비','9788936448752',2024),(162,'빨간내복야코 맞춤법 절대 안 틀리는 책 1','오차','위즈덤하우스','9791171711451',2024),(163,'나는 배당투자로 매일 스타벅스 커피를 공짜로 마신다','송민섭','21세기북스','9791171171989',2023),(164,'아주 작은 대화의 기술','레일 라운즈','현대지성','9791139716795',2024),(165,'해독 혁명','닥터 라이블리','웅진지식하우스','9788901285146',2024),(166,'김재우의 영어회화 100','김재우','상상스퀘어','9791192389172',2023),(167,'수레바퀴 아래서 (오리지널 초판본 표지디자인)','헤르만 헤세','코너스톤','9791187011606',2017),(168,'마흔에 읽는 쇼펜하우어 (리커버, 200쇄 기념 확장판)','강용수','유노북스','9791192300818',2023),(169,'숙론','최재천','김영사','9788934950196',2024),(170,'삐뽀삐뽀 119 소아과 (개정13판)','하정훈','유니책방','9791195795505',2024),(171,'어두울 때에야 보이는 것들이 있습니다','슈테판 츠바이크','다산초당','9791130657462',2024),(172,'부자 아빠 가난한 아빠 1 (20주년 특별 기념판)','로버트 기요사키','민음인','9791158883591',2018),(173,'말하지 않으면 인생은 바뀌지 않는다','샘 혼','서삼독','9791193904046',2024),(174,'웡카','시빌 파운더','시공주니어','9791171252565',2024),(175,'비트코인 슈퍼 사이클','신민철','(주)거인의정원','9791198252487',2024),(176,'프로젝트 헤일메리','앤디 위어','알에이치코리아(RHK)','9788925588735',2021),(177,'감정 호텔','리디아 브란코비치','책읽는곰','9791158364519',2024),(178,'메리골드 마음 사진관','윤정은','북로망스','9791198530325',2024),(179,'철도원 삼대','황석영','창비','9788936434434',2020),(180,'빛이 이끄는 곳으로','백희성','북로망스','9791193937198',2024),(181,'율의 시선 (반양장)','김민서','창비','9788936457259',2024),(182,'회복탄력성 (15만부 기념 리커버)','김주환','위즈덤하우스','9791189938772',2019),(183,'침묵을 배우는 시간','코르넬리아 토프','서교책방','9791198752444',2024),(184,'아주 작은 습관의 힘','제임스 클리어','비즈니스북스','9791162540640',2019),(185,'가난한 아이들은 어떻게 어른이 되는가','강지나','돌베개','9791192836355',2023),(186,'왜 당신은 다른 사람을 위해 살고 있는가','고윤','딥앤와이드(Deep&WIde)','9791191369540',2024),(187,'츠츠츠츠','이지은','사계절','9791169812085',2024),(188,'깨진 틈이 있어야 그 사이로 빛이 들어온다','프리드리히 니체','페이지2(page2)','9791169850681',2024),(189,'동사 X 전치사 도감','권은희','길벗이지톡','9791140709960',2024),(190,'1984 (오리지널 초판본 표지 디자인)','조지 오웰','코너스톤','9791190669238',2020),(191,'JLPT 일본어능력시험 한권으로 끝내기 N2','이치우.기타지마 치즈코','다락원','9788927712428',2021),(192,'가난한 찰리의 연감','찰리 멍거','김영사','9788934911388',2024),(193,'이방인','알베르 카뮈','민음사','9788937443848',2019),(194,'용선생 교과서 세계사 2','사회평론 역사연구소','사회평론','9791162733196',2023),(195,'유전자 지배 사회','최정균','동아시아','9788962622706',2024),(196,'모우어','천선란','문학동네','9791141601447',2024),(197,'진짜 나를 찾아라','법정','샘터사','9788946422728',2024),(198,'영어로 문장 만들기 훈련 1차 임계점','유은하','사람in','9791171010875',2024),(199,'만화로 보는 3분 철학 2 : 서양 중세·근대 철학편','김재훈.서정욱','카시오페아','9791168270015',2021),(200,'우리는 사랑 안에 살고 있다','유혜주.조정연','21세기북스','9791171179077',2024);
/*!40000 ALTER TABLE `book` ENABLE KEYS */;
UNLOCK TABLES;

--
-- Table structure for table `purchase`
--

DROP TABLE IF EXISTS `purchase`;
/*!40101 SET @saved_cs_client     = @@character_set_client */;
/*!50503 SET character_set_client = utf8mb4 */;
CREATE TABLE `purchase` (
  `purchase_id` int NOT NULL AUTO_INCREMENT,
  `used_book_id` int NOT NULL,
  `buyer_id` int NOT NULL,
  `purchased_date` datetime NOT NULL DEFAULT CURRENT_TIMESTAMP,
  `final_price` int NOT NULL,
  `reward_points` int GENERATED ALWAYS AS (floor((`final_price` * 0.01))) STORED,
  PRIMARY KEY (`purchase_id`,`used_book_id`),
  KEY `idx_purchase_usedbook` (`used_book_id`),
  KEY `idx_purchase_buyer` (`buyer_id`),
  CONSTRAINT `purchase_ibfk_1` FOREIGN KEY (`used_book_id`) REFERENCES `usedbook` (`used_book_id`) ON DELETE RESTRICT ON UPDATE CASCADE,
  CONSTRAINT `purchase_ibfk_2` FOREIGN KEY (`buyer_id`) REFERENCES `users` (`user_id`) ON DELETE RESTRICT ON UPDATE CASCADE
) ENGINE=InnoDB AUTO_INCREMENT=96 DEFAULT CHARSET=utf8mb4 COLLATE=utf8mb4_0900_ai_ci;
/*!40101 SET character_set_client = @saved_cs_client */;

--
-- Dumping data for table `purchase`
--

LOCK TABLES `purchase` WRITE;
/*!40000 ALTER TABLE `purchase` DISABLE KEYS */;
INSERT INTO `purchase` (`purchase_id`, `used_book_id`, `buyer_id`, `purchased_date`, `final_price`) VALUES (1,66,72,'2025-03-12 05:19:06',14850),(2,40,69,'2025-05-13 12:04:30',12096),(2,136,69,'2025-05-13 12:04:30',18765),(2,261,69,'2025-05-13 12:04:30',21456),(3,7,5,'2024-12-23 16:35:02',10584),(3,94,5,'2024-12-23 16:35:02',36000),(3,345,5,'2024-12-23 16:35:02',11475),(4,91,72,'2025-05-16 11:14:51',33750),(5,126,72,'2025-03-04 12:10:24',10710),(5,229,72,'2025-03-04 12:10:24',8189),(6,16,57,'2025-05-29 02:12:03',9787),(7,39,76,'2025-04-22 09:56:23',10584),(7,92,76,'2025-04-22 09:56:23',33750),(7,119,76,'2025-04-22 09:56:23',12474),(7,164,76,'2025-04-22 09:56:23',12474),(8,331,81,'2025-04-26 22:15:35',10710),(9,51,28,'2025-03-31 03:49:34',8775),(10,87,45,'2024-12-04 13:35:33',8775),(11,154,87,'2024-12-08 12:11:05',10125),(12,130,97,'2025-05-13 00:22:46',31499),(12,183,97,'2025-05-13 00:22:46',11214),(13,359,94,'2025-04-21 13:56:28',12960),(13,397,94,'2025-04-21 13:56:28',11812),(14,9,25,'2025-03-28 06:08:42',10584),(14,211,25,'2025-03-28 06:08:42',14850),(14,295,25,'2025-03-28 06:08:42',12816),(15,131,21,'2024-12-09 07:18:33',13860),(15,170,21,'2024-12-09 07:18:33',11340),(16,313,24,'2025-05-10 17:39:18',9954),(17,3,6,'2025-04-17 16:51:59',9450),(17,6,6,'2025-04-17 16:51:59',10584),(17,78,6,'2025-04-17 16:51:59',7559),(17,243,6,'2025-04-17 16:51:59',17010),(17,341,6,'2025-04-17 16:51:59',6750),(18,270,72,'2025-05-19 00:36:43',10440),(19,191,57,'2025-02-15 22:42:21',4050),(20,20,50,'2025-05-28 04:27:49',10440),(20,60,50,'2025-05-28 04:27:49',12600),(21,38,63,'2025-04-13 23:48:51',12096),(22,35,27,'2025-01-31 06:03:54',8640),(22,108,27,'2025-01-31 06:03:54',10800),(22,203,27,'2025-01-31 06:03:54',14256),(23,353,66,'2025-05-11 00:01:44',3779),(24,171,57,'2025-03-09 22:13:43',12487),(25,120,12,'2025-04-19 16:48:30',10584),(25,182,12,'2025-04-19 16:48:30',11025),(26,5,75,'2025-05-23 15:22:19',9450),(27,209,30,'2025-02-10 02:13:57',11340),(28,52,11,'2025-01-04 09:54:29',8775),(28,53,11,'2025-01-04 09:54:29',8189),(28,361,11,'2025-01-04 09:54:29',8189),(29,286,64,'2025-04-03 01:23:38',12150),(30,10,6,'2025-04-17 09:09:59',12096),(30,54,6,'2025-04-17 09:09:59',8775),(30,61,6,'2025-04-17 09:09:59',8775),(30,153,6,'2025-04-17 09:09:59',12150),(31,90,78,'2025-02-09 10:34:44',8189),(32,43,98,'2025-05-01 22:24:56',15749),(32,49,98,'2025-05-01 22:24:56',4860),(32,280,98,'2025-05-01 22:24:56',11340),(32,339,98,'2025-05-01 22:24:56',5760),(32,349,98,'2025-05-01 22:24:56',13860),(33,97,59,'2025-03-09 16:53:52',11812),(34,127,49,'2025-01-20 02:31:38',11475),(35,8,33,'2025-02-04 14:09:54',11340),(36,73,61,'2025-05-12 22:58:53',12816),(37,288,72,'2025-01-23 22:54:05',11340),(38,50,82,'2025-04-01 05:13:27',5184),(39,134,77,'2025-01-12 22:00:00',15840),(39,142,77,'2025-01-12 22:00:00',6480),(39,178,77,'2025-01-12 22:00:00',9135),(39,276,77,'2025-01-12 22:00:00',9135),(39,330,77,'2025-01-12 22:00:00',2970),(40,105,60,'2025-05-11 09:53:37',11844),(41,71,41,'2025-05-16 16:09:04',11214),(41,146,41,'2025-05-16 16:09:04',12690),(41,272,41,'2025-05-16 16:09:04',5355),(41,319,41,'2025-05-16 16:09:04',13365),(41,327,41,'2025-05-16 16:09:04',12825),(42,74,49,'2025-05-08 14:53:14',11214),(43,309,35,'2025-05-03 20:38:12',7559),(44,123,30,'2025-04-14 06:32:56',15749),(45,58,63,'2025-01-19 02:26:58',13500),(45,79,63,'2025-01-19 02:26:58',8100),(45,166,63,'2025-01-19 02:26:58',20115),(45,377,63,'2025-01-19 02:26:58',12825),(46,98,5,'2025-04-23 03:55:55',11812),(46,315,5,'2025-04-23 03:55:55',9360),(47,321,49,'2025-05-17 12:02:12',6615),(48,179,100,'2025-03-07 13:57:06',12816),(49,190,75,'2024-12-28 14:07:40',12150),(50,148,49,'2025-03-19 10:22:27',11475),(51,159,6,'2024-12-20 01:42:31',12096),(52,241,87,'2025-05-20 02:12:03',11214),(52,253,87,'2025-05-20 02:12:03',16379),(53,33,15,'2025-03-13 05:31:53',7559),(54,342,30,'2025-05-07 11:13:16',12825),(55,89,7,'2025-05-28 21:41:03',9360),(56,21,79,'2025-03-25 19:01:04',14256),(56,129,79,'2025-03-25 19:01:04',4387),(56,132,79,'2025-03-25 19:01:04',12285),(57,85,91,'2025-02-07 23:14:30',13365),(58,27,72,'2025-01-23 12:12:55',8694),(58,80,72,'2025-01-23 12:12:55',8100),(58,225,72,'2025-01-23 12:12:55',11340),(59,122,28,'2024-12-08 16:19:23',9135),(60,324,90,'2025-02-28 11:28:37',11214),(61,77,3,'2025-03-27 21:25:25',8100),(61,194,3,'2025-03-27 21:25:25',5040),(62,375,30,'2025-05-24 04:53:33',11812),(63,290,47,'2025-05-27 12:07:50',11655),(64,245,68,'2025-04-18 11:34:35',12240),(65,88,2,'2025-03-10 11:05:05',9360),(65,335,2,'2025-03-10 11:05:05',11340),(66,355,100,'2025-05-28 08:12:08',15840),(67,76,63,'2025-03-31 01:41:58',7559),(68,31,44,'2025-01-21 15:32:52',8640),(69,226,99,'2024-12-27 06:32:23',14850),(69,238,99,'2024-12-27 06:32:23',15840),(69,240,99,'2024-12-27 06:32:23',9787),(69,252,99,'2024-12-27 06:32:23',12474),(70,251,6,'2025-05-09 15:29:12',11340),(70,259,6,'2025-05-09 15:29:12',12600),(70,333,6,'2025-05-09 15:29:12',10080),(70,357,6,'2025-05-09 15:29:12',3168),(71,294,3,'2024-12-15 09:49:58',11214),(72,26,27,'2025-03-21 12:00:19',9936),(72,63,27,'2025-03-21 12:00:19',8775),(72,83,27,'2025-03-21 12:00:19',14256),(72,300,27,'2025-03-21 12:00:19',12240),(73,37,84,'2025-03-09 19:30:00',11340),(73,255,84,'2025-03-09 19:30:00',11970),(73,336,84,'2025-03-09 19:30:00',14850),(73,344,84,'2025-03-09 19:30:00',12960),(73,400,84,'2025-03-09 19:30:00',8100),(74,19,21,'2025-05-29 02:12:03',10440),(74,348,21,'2025-05-29 02:12:03',10710),(75,69,43,'2025-04-18 03:14:54',15840),(76,36,94,'2025-04-27 20:05:09',11340),(77,185,100,'2025-03-29 18:21:12',6120),(78,308,14,'2025-05-27 15:12:19',13432),(79,57,63,'2025-04-30 05:09:11',14400),(80,249,68,'2025-01-30 20:13:40',12285),(81,14,6,'2025-05-16 03:15:07',12240),(82,32,30,'2024-12-14 01:30:53',8640),(83,4,73,'2025-04-16 16:38:40',10125),(84,11,64,'2024-12-20 18:40:58',11475),(85,275,34,'2025-05-02 07:09:40',11340),(86,266,57,'2025-05-20 13:22:23',3779),(87,269,94,'2025-05-25 20:46:07',11214),(88,218,13,'2025-05-24 20:25:12',13365),(89,28,35,'2025-04-12 22:24:32',9315),(90,34,49,'2025-04-16 18:14:32',8640),(91,117,94,'2025-03-11 12:24:54',3712),(92,322,56,'2025-04-10 13:16:22',13432),(93,18,49,'2025-05-20 02:12:03',9787),(93,271,49,'2025-05-20 02:12:03',12285),(93,354,49,'2025-05-20 02:12:03',10800),(94,55,38,'2025-02-16 03:38:46',9360),(95,356,95,'2025-05-24 05:29:17',13860);
/*!40000 ALTER TABLE `purchase` ENABLE KEYS */;
UNLOCK TABLES;

--
-- Table structure for table `shipping`
--

DROP TABLE IF EXISTS `shipping`;
/*!40101 SET @saved_cs_client     = @@character_set_client */;
/*!50503 SET character_set_client = utf8mb4 */;
CREATE TABLE `shipping` (
  `shipping_id` int NOT NULL AUTO_INCREMENT,
  `purchase_id` int NOT NULL,
  `used_book_id` int NOT NULL,
  `shipping_address` varchar(255) NOT NULL,
  `shipped_at` datetime DEFAULT NULL,
  `delivered_at` datetime DEFAULT NULL,
  `shipping_status` enum('배송준비중','배송중','배송완료') NOT NULL DEFAULT '배송준비중',
  PRIMARY KEY (`shipping_id`,`purchase_id`,`used_book_id`),
  KEY `purchase_id` (`purchase_id`,`used_book_id`),
  KEY `idx_shipping_purchase` (`purchase_id`),
  CONSTRAINT `shipping_ibfk_1` FOREIGN KEY (`purchase_id`, `used_book_id`) REFERENCES `purchase` (`purchase_id`, `used_book_id`) ON DELETE RESTRICT ON UPDATE CASCADE
) ENGINE=InnoDB AUTO_INCREMENT=121 DEFAULT CHARSET=utf8mb4 COLLATE=utf8mb4_0900_ai_ci;
/*!40101 SET character_set_client = @saved_cs_client */;

--
-- Dumping data for table `shipping`
--

LOCK TABLES `shipping` WRITE;
/*!40000 ALTER TABLE `shipping` DISABLE KEYS */;
INSERT INTO `shipping` VALUES (1,84,11,'(58557) 전남 무안군 청계면 복길로 131','2025-05-24 20:23:39',NULL,'배송중'),(2,15,131,'(61188) 광주 북구 면앙로6번길 61 노벰버레인','2025-04-06 00:19:41',NULL,'배송중'),(3,37,288,'(22516) 인천광역시 동구 화수로47번길 14','2025-04-17 13:29:22',NULL,'배송중'),(4,3,94,'(14303) 경기도 광명시 오리로619번길 32 1층','2025-04-09 12:23:33',NULL,'배송중'),(5,38,50,'(07016) 서울특별시 동작구 동작대로9가길 32 1층 다정한 책방','2025-04-04 08:35:08',NULL,'배송중'),(6,11,154,'(37590) 경상북도 포항시 북구 천마로72번길 7 남광하우스토리 상가동 201호','2025-04-24 19:18:48',NULL,'배송중'),(7,63,290,'(04779) 서울특별시 성동구 성수일로1길 10-1 1층','2025-05-29 23:45:06',NULL,'배송중'),(8,55,89,'(63634) 제주 서귀포시 성산읍 일주동로 5210 캔디책방','2025-05-29 23:56:13',NULL,'배송중'),(9,32,339,'(08752) 서울특별시 관악구 봉천로 401-1 2층','2025-05-14 03:47:31',NULL,'배송중'),(10,93,354,'(18303) 경기도 화성시 봉담읍 오래3길 7 1층 상가','2025-05-20 12:12:03','2025-05-22 15:12:03','배송완료'),(11,7,164,'(63008) 제주특별자치도 제주시 한경면 고산로 26 유명제과 2층','2025-05-20 16:05:44',NULL,'배송중'),(12,93,18,'(18303) 경기도 화성시 봉담읍 오래3길 7 1층 상가','2025-05-20 05:12:03','2025-05-22 14:12:03','배송완료'),(13,25,182,'(04778) 서울특별시 성동구 왕십리로 92 4층','2025-05-04 16:45:41',NULL,'배송중'),(14,70,357,'(05283) 서울특별시 강동구 천호대로221길 30 1층 오른쪽','2025-05-09 18:29:12','2025-05-12 04:29:12','배송완료'),(15,61,77,'(54022) 전라북도 군산시 구영5길 21-26','2025-03-28 01:25:25','2025-03-29 10:25:25','배송완료'),(16,41,71,'(48302) 부산광역시 수영구 남천바다로15번길 40','2025-05-24 12:55:13',NULL,'배송중'),(17,74,348,'(61188) 광주 북구 면앙로6번길 61 노벰버레인','2025-05-29 14:07:20',NULL,'배송중'),(18,58,80,'(22516) 인천광역시 동구 화수로47번길 14','2025-02-11 11:33:31',NULL,'배송중'),(19,26,5,'(51458) 경상남도 창원시 성산구 창이대로719번길 17','2025-05-27 23:38:15',NULL,'배송중'),(20,30,61,'(05283) 서울특별시 강동구 천호대로221길 30 1층 오른쪽','2025-05-10 11:56:08',NULL,'배송중'),(21,65,335,'(03194) 서울특별시 종로구 청계천로 159 세운상가 4층 가 427호','2025-04-06 22:18:10',NULL,'배송중'),(22,69,226,'(41416) 대구광역시 북구 학정동로 66 1층','2024-12-27 07:32:23','2024-12-29 16:32:23','배송완료'),(23,47,321,'(18303) 경기도 화성시 봉담읍 오래3길 7 1층 상가','2025-05-19 14:49:50',NULL,'배송중'),(24,72,63,'(03194) 서울특별시 종로구 청계천로 159 3층 외부 바열 328호','2025-04-14 12:50:33',NULL,'배송중'),(25,49,190,'(51458) 경상남도 창원시 성산구 창이대로719번길 17','2025-05-21 21:52:04',NULL,'배송중'),(26,74,19,'(61188) 광주 북구 면앙로6번길 61 노벰버레인','2025-05-29 21:23:49',NULL,'배송중'),(27,13,397,'(54034) 전북 군산시 구암3.1로 116 (경암동)','2025-04-22 00:56:28','2025-04-25 01:56:28','배송완료'),(28,59,122,'(03060) 서울특별시 종로구 율곡로5길 24','2024-12-23 14:18:30',NULL,'배송중'),(29,22,35,'(03194) 서울특별시 종로구 청계천로 159 3층 외부 바열 328호','2025-03-03 09:36:14','2025-03-08 09:36:14','배송완료'),(30,10,87,'(63046) 제주 제주시 애월읍 고내북동길 15 1층','2025-03-11 18:28:57','2025-03-16 18:28:57','배송완료'),(31,28,361,'(63194) 제주특별자치도 제주시 삼성로1길 1 , 1층','2025-03-17 18:11:33','2025-03-20 18:11:33','배송완료'),(32,53,33,'(21364) 인천광역시 부평구 부평대로165번길 26 1층 쓰는하루','2025-05-16 19:24:12','2025-05-18 19:24:12','배송완료'),(33,12,130,'(54039) 전라북도 군산시 풍문2길 5-2 책방 조용한흥분색','2025-05-14 01:22:46','2025-05-17 09:22:46','배송완료'),(34,17,78,'(05283) 서울특별시 강동구 천호대로221길 30 1층 오른쪽','2025-05-16 04:20:36','2025-05-21 04:20:36','배송완료'),(35,87,269,'(54034) 전북 군산시 구암3.1로 116 (경암동)','2025-05-27 08:51:01',NULL,'배송중'),(36,56,129,'(58726) 전남 목포시 차범석길23번길 15 1층','2025-04-15 10:34:40','2025-04-18 10:34:40','배송완료'),(37,89,28,'(04550) 서울특별시 중구 을지로 114-6 606호','2025-05-19 17:45:27','2025-05-24 17:45:27','배송완료'),(38,64,245,'(48930) 부산광역시 중구 대청로141번길 17 1층','2025-04-22 03:23:03','2025-04-24 03:23:03','배송완료'),(39,28,52,'(63194) 제주특별자치도 제주시 삼성로1길 1 , 1층','2025-05-10 23:15:27','2025-05-15 23:15:27','배송완료'),(40,83,4,'(24838) 강원도 속초시 중앙로46번길 45','2025-05-08 11:57:19','2025-05-12 11:57:19','배송완료'),(41,22,108,'(03194) 서울특별시 종로구 청계천로 159 3층 외부 바열 328호','2025-05-10 09:17:55','2025-05-14 09:17:55','배송완료'),(42,80,249,'(48930) 부산광역시 중구 대청로141번길 17 1층','2025-03-24 01:11:57','2025-03-27 01:11:57','배송완료'),(43,56,21,'(58726) 전남 목포시 차범석길23번길 15 1층','2025-05-26 09:40:51',NULL,'배송중'),(44,52,241,'(37590) 경상북도 포항시 북구 천마로72번길 7 남광하우스토리 상가동 201호','2025-05-20 03:12:03','2025-05-23 10:12:03','배송완료'),(45,14,295,'(57964) 전라남도 순천시 역전2길 10 심다','2025-03-28 07:08:42','2025-03-31 17:08:42','배송완료'),(46,16,313,'(04053) 서울특별시 마포구 와우산로29마길 10-3 2층','2025-05-16 07:29:28','2025-05-20 07:29:28','배송완료'),(47,29,286,'(58557) 전남 무안군 청계면 복길로 131','2025-04-06 15:23:09','2025-04-12 15:23:09','배송완료'),(48,58,225,'(22516) 인천광역시 동구 화수로47번길 14','2025-04-14 08:15:56','2025-04-21 08:15:56','배송완료'),(49,32,43,'(08752) 서울특별시 관악구 봉천로 401-1 2층','2025-05-23 08:06:17','2025-05-26 08:06:17','배송완료'),(50,30,10,'(05283) 서울특별시 강동구 천호대로221길 30 1층 오른쪽','2025-05-15 23:47:14','2025-05-18 23:47:14','배송완료'),(51,20,60,'(61640) 광주광역시 남구 천변좌로418번길 17 1층','2025-05-28 15:32:28',NULL,'배송중'),(52,7,119,'(63008) 제주특별자치도 제주시 한경면 고산로 26 유명제과 2층','2025-05-03 03:46:20','2025-05-04 03:46:20','배송완료'),(53,36,73,'(48109) 부산광역시 해운대구 좌동순환로 275 2F','2025-05-23 17:03:49','2025-05-29 17:03:49','배송완료'),(54,30,54,'(05283) 서울특별시 강동구 천호대로221길 30 1층 오른쪽','2025-05-07 15:02:26','2025-05-09 15:02:26','배송완료'),(55,67,76,'(63362) 제주특별자치도 제주시 구좌읍 상하도길 46-12','2025-05-09 06:21:04','2025-05-13 06:21:04','배송완료'),(56,66,355,'(02833) 서울특별시 성북구 동소문로3길 68','2025-05-29 16:50:28',NULL,'배송중'),(57,5,126,'(22516) 인천광역시 동구 화수로47번길 14','2025-03-04 15:10:24','2025-03-07 00:10:24','배송완료'),(58,18,270,'(22516) 인천광역시 동구 화수로47번길 14','2025-05-26 04:05:10',NULL,'배송중'),(59,48,179,'(02833) 서울특별시 성북구 동소문로3길 68','2025-03-14 21:58:48','2025-03-16 21:58:48','배송완료'),(60,24,171,'(61979) 광주 서구 화운로156번길 12-1 1층','2025-04-09 16:17:56','2025-04-13 16:17:56','배송완료'),(61,39,330,'(31123) 충청남도 천안시 동남구 먹거리8길 11 1층','2025-02-19 06:11:36','2025-02-25 06:11:36','배송완료'),(62,32,49,'(08752) 서울특별시 관악구 봉천로 401-1 2층','2025-05-12 18:30:10','2025-05-14 18:30:10','배송완료'),(63,8,331,'(26423) 강원도 원주시 금불4길 23 제1층 102호','2025-05-01 12:23:13','2025-05-07 12:23:13','배송완료'),(64,60,324,'(16624) 경기도 수원시 권선구 매송고색로711번길 26','2025-03-31 04:21:55','2025-04-04 04:21:55','배송완료'),(65,40,105,'(02864) 서울특별시 성북구 삼선교로16길 16-3','2025-05-14 09:23:59','2025-05-18 09:23:59','배송완료'),(66,23,353,'(04536) 서울특별시 중구 명동4길 14 3층 아이엠굿북','2025-05-14 21:00:29','2025-05-20 21:00:29','배송완료'),(67,78,308,'(63595) 제주 서귀포시 태평로 409-2','2025-05-29 07:24:09',NULL,'배송중'),(68,73,37,'(37664) 경상북도 포항시 남구 효자동길10번길 32','2025-03-10 02:30:00','2025-03-11 05:30:00','배송완료'),(69,15,170,'(61188) 광주 북구 면앙로6번길 61 노벰버레인','2024-12-27 02:59:11','2025-01-01 02:59:11','배송완료'),(70,6,16,'(61979) 광주 서구 화운로156번길 12-1 1층','2025-05-29 07:36:15',NULL,'배송중'),(71,69,238,'(41416) 대구광역시 북구 학정동로 66 1층','2024-12-28 12:32:23','2024-12-30 20:32:23','배송완료'),(72,3,345,'(14303) 경기도 광명시 오리로619번길 32 1층','2025-03-31 03:44:39','2025-04-05 03:44:39','배송완료'),(73,58,27,'(22516) 인천광역시 동구 화수로47번길 14','2025-02-18 23:14:17','2025-02-20 23:14:17','배송완료'),(74,17,243,'(05283) 서울특별시 강동구 천호대로221길 30 1층 오른쪽','2025-05-14 02:15:10','2025-05-18 02:15:10','배송완료'),(75,72,300,'(03194) 서울특별시 종로구 청계천로 159 3층 외부 바열 328호','2025-05-22 16:56:13','2025-05-25 16:56:13','배송완료'),(76,39,134,'(31123) 충청남도 천안시 동남구 먹거리8길 11 1층','2025-04-08 01:22:38','2025-04-13 01:22:38','배송완료'),(77,50,148,'(18303) 경기도 화성시 봉담읍 오래3길 7 1층 상가','2025-04-16 15:11:44','2025-04-17 15:11:44','배송완료'),(78,39,276,'(31123) 충청남도 천안시 동남구 먹거리8길 11 1층','2025-05-15 20:17:24','2025-05-16 20:17:24','배송완료'),(79,1,66,'(22516) 인천광역시 동구 화수로47번길 14','2025-05-07 14:03:35','2025-05-13 14:03:35','배송완료'),(80,52,253,'(37590) 경상북도 포항시 북구 천마로72번길 7 남광하우스토리 상가동 201호','2025-05-20 03:12:03','2025-05-21 03:12:03','배송완료'),(81,41,327,'(48302) 부산광역시 수영구 남천바다로15번길 40','2025-05-20 12:15:37','2025-05-24 12:15:37','배송완료'),(82,70,251,'(05283) 서울특별시 강동구 천호대로221길 30 1층 오른쪽','2025-05-09 19:29:12','2025-05-13 03:29:12','배송완료'),(83,73,336,'(37664) 경상북도 포항시 남구 효자동길10번길 32','2025-03-11 06:30:00','2025-03-12 07:30:00','배송완료'),(84,9,51,'(03060) 서울특별시 종로구 율곡로5길 24','2025-05-11 15:55:12','2025-05-18 15:55:12','배송완료'),(85,70,333,'(05283) 서울특별시 강동구 천호대로221길 30 1층 오른쪽','2025-05-10 02:29:12','2025-05-13 05:29:12','배송완료'),(86,75,69,'(03664) 서울특별시 서대문구 증가로6길 43 1층 102호','2025-04-29 20:10:53','2025-04-30 20:10:53','배송완료'),(87,41,319,'(48302) 부산광역시 수영구 남천바다로15번길 40','2025-05-19 17:15:31','2025-05-26 17:15:31','배송완료'),(88,71,294,'(54022) 전라북도 군산시 구영5길 21-26','2025-04-10 13:17:08','2025-04-13 13:17:08','배송완료'),(89,39,142,'(31123) 충청남도 천안시 동남구 먹거리8길 11 1층','2025-02-24 08:39:57','2025-03-03 08:39:57','배송완료'),(90,22,203,'(03194) 서울특별시 종로구 청계천로 159 3층 외부 바열 328호','2025-03-23 22:47:35','2025-03-28 22:47:35','배송완료'),(91,4,91,'(22516) 인천광역시 동구 화수로47번길 14','2025-05-24 04:12:09','2025-05-27 04:12:09','배송완료'),(92,39,178,'(31123) 충청남도 천안시 동남구 먹거리8길 11 1층','2025-02-16 02:38:32','2025-02-22 02:38:32','배송완료'),(93,45,377,'(63362) 제주특별자치도 제주시 구좌읍 상하도길 46-12','2025-01-19 08:26:58','2025-01-21 19:26:58','배송완료'),(94,61,194,'(54022) 전라북도 군산시 구영5길 21-26','2025-03-28 23:25:25','2025-04-01 07:25:25','배송완료'),(95,21,38,'(63362) 제주특별자치도 제주시 구좌읍 상하도길 46-12','2025-04-27 15:10:30','2025-05-01 15:10:30','배송완료'),(96,31,90,'(03765) 서울특별시 서대문구 이화여대길 88-11','2025-03-07 09:52:43','2025-03-09 09:52:43','배송완료'),(97,7,39,'(63008) 제주특별자치도 제주시 한경면 고산로 26 유명제과 2층','2025-04-24 09:07:47','2025-04-26 09:07:47','배송완료'),(98,70,259,'(05283) 서울특별시 강동구 천호대로221길 30 1층 오른쪽','2025-05-09 20:29:12','2025-05-12 06:29:12','배송완료'),(99,5,229,'(22516) 인천광역시 동구 화수로47번길 14','2025-03-04 22:10:24','2025-03-07 09:10:24','배송완료'),(100,46,315,'(14303) 경기도 광명시 오리로619번길 32 1층','2025-05-26 01:50:20',NULL,'배송중'),(101,43,309,'(04550) 서울특별시 중구 을지로 114-6 606호','2025-05-18 08:08:26','2025-05-24 08:08:26','배송완료'),(102,77,185,'(02833) 서울특별시 성북구 동소문로3길 68','2025-04-12 08:21:59','2025-04-17 08:21:59','배송완료'),(103,2,136,'(61480) 광주광역시 동구 충장로46번길 8 1층','2025-05-13 22:04:30','2025-05-15 22:04:30','배송완료'),(104,91,117,'(54034) 전북 군산시 구암3.1로 116 (경암동)','2025-03-13 10:55:54','2025-03-18 10:55:54','배송완료'),(105,19,191,'(61979) 광주 서구 화운로156번길 12-1 1층','2025-03-22 00:47:35','2025-03-24 00:47:35','배송완료'),(106,30,153,'(05283) 서울특별시 강동구 천호대로221길 30 1층 오른쪽','2025-04-29 03:18:19','2025-05-04 03:18:19','배송완료'),(107,81,14,'(05283) 서울특별시 강동구 천호대로221길 30 1층 오른쪽','2025-05-19 03:37:32','2025-05-21 03:37:32','배송완료'),(108,57,85,'(02644) 서울특별시 동대문구 천호대로89길 9 2층','2025-05-14 17:30:54','2025-05-18 17:30:54','배송완료'),(109,32,349,'(08752) 서울특별시 관악구 봉천로 401-1 2층','2025-05-22 13:20:13','2025-05-29 13:20:13','배송완료'),(110,62,375,'(48947) 부산광역시 중구 광복중앙로33번길 16-7 1층 책방오월, 더 타로','2025-05-24 07:34:06','2025-05-28 07:34:06','배송완료'),(111,17,341,'(05283) 서울특별시 강동구 천호대로221길 30 1층 오른쪽','2025-05-17 23:40:47','2025-05-24 23:40:47','배송완료'),(112,73,400,'(37664) 경상북도 포항시 남구 효자동길10번길 32','2025-03-10 02:30:00','2025-03-11 07:30:00','배송완료'),(113,90,34,'(18303) 경기도 화성시 봉담읍 오래3길 7 1층 상가','2025-04-22 20:18:44','2025-04-23 20:18:44','배송완료'),(114,13,359,'(54034) 전북 군산시 구암3.1로 116 (경암동)','2025-04-21 14:56:28','2025-04-24 21:56:28','배송완료'),(115,69,240,'(41416) 대구광역시 북구 학정동로 66 1층','2024-12-28 09:32:23','2024-12-29 19:32:23','배송완료'),(116,14,9,'(57964) 전라남도 순천시 역전2길 10 심다','2025-03-28 08:08:42','2025-03-30 11:08:42','배송완료'),(117,65,88,'(03194) 서울특별시 종로구 청계천로 159 세운상가 4층 가 427호','2025-04-05 23:54:04','2025-04-11 23:54:04','배송완료'),(118,35,8,'(63343) 제주 제주시 조천읍 곱은달서길 115','2025-04-12 08:23:44','2025-04-16 08:23:44','배송완료'),(119,32,280,'(08752) 서울특별시 관악구 봉천로 401-1 2층','2025-05-26 08:48:13','2025-05-27 08:48:13','배송완료'),(120,45,166,'(63362) 제주특별자치도 제주시 구좌읍 상하도길 46-12','2025-01-19 07:26:58','2025-01-21 15:26:58','배송완료');
/*!40000 ALTER TABLE `shipping` ENABLE KEYS */;
UNLOCK TABLES;

--
-- Table structure for table `usedbook`
--

DROP TABLE IF EXISTS `usedbook`;
/*!40101 SET @saved_cs_client     = @@character_set_client */;
/*!50503 SET character_set_client = utf8mb4 */;
CREATE TABLE `usedbook` (
  `used_book_id` int NOT NULL AUTO_INCREMENT,
  `book_id` int NOT NULL,
  `price` int NOT NULL,
  `registered_date` datetime NOT NULL DEFAULT CURRENT_TIMESTAMP,
  `status` enum('판매중','판매완료') NOT NULL DEFAULT '판매중',
  PRIMARY KEY (`used_book_id`),
  KEY `idx_usedbook_bookid` (`book_id`),
  CONSTRAINT `usedbook_ibfk_1` FOREIGN KEY (`book_id`) REFERENCES `book` (`book_id`) ON DELETE RESTRICT ON UPDATE CASCADE
) ENGINE=InnoDB AUTO_INCREMENT=401 DEFAULT CHARSET=utf8mb4 COLLATE=utf8mb4_0900_ai_ci;
/*!40101 SET character_set_client = @saved_cs_client */;

--
-- Dumping data for table `usedbook`
--

LOCK TABLES `usedbook` WRITE;
/*!40000 ALTER TABLE `usedbook` DISABLE KEYS */;
INSERT INTO `usedbook` VALUES (1,1,13500,'2023-10-03 21:02:39','판매중'),(2,1,13500,'2022-09-26 20:54:40','판매중'),(3,1,13500,'2018-07-17 04:01:05','판매완료'),(4,1,13500,'2022-12-11 06:45:18','판매완료'),(5,1,13500,'2014-09-10 01:37:15','판매완료'),(6,2,15120,'2023-04-29 05:29:24','판매완료'),(7,2,15120,'2024-07-09 22:05:02','판매완료'),(8,2,15120,'2024-04-25 12:44:27','판매완료'),(9,2,15120,'2024-05-07 05:25:41','판매완료'),(10,2,15120,'2023-04-24 00:23:57','판매완료'),(11,3,15300,'2023-09-06 17:14:59','판매완료'),(12,3,15300,'2024-10-08 12:51:34','판매중'),(13,3,15300,'2023-09-10 00:00:19','판매중'),(14,3,15300,'2023-06-03 08:08:25','판매완료'),(15,3,15300,'2023-04-21 11:47:25','판매중'),(16,4,13050,'2025-05-29 19:25:37','판매완료'),(17,4,13050,'2025-05-29 14:17:00','판매중'),(18,4,13050,'2025-05-29 09:26:17','판매완료'),(19,4,13050,'2025-05-29 03:53:34','판매완료'),(20,4,13050,'2025-05-19 22:39:46','판매완료'),(21,5,17820,'2024-08-16 15:21:27','판매완료'),(22,5,17820,'2024-09-16 19:49:35','판매중'),(23,5,17820,'2024-10-08 20:22:53','판매중'),(24,5,17820,'2024-08-28 16:35:24','판매중'),(25,5,17820,'2024-04-24 21:28:24','판매중'),(26,6,12420,'2025-01-23 04:07:43','판매완료'),(27,6,12420,'2024-05-23 09:58:48','판매완료'),(28,6,12420,'2024-03-16 14:26:32','판매완료'),(29,6,12420,'2025-01-21 21:31:15','판매중'),(30,6,12420,'2025-04-01 00:45:07','판매중'),(31,7,10800,'2019-03-13 07:29:38','판매완료'),(32,7,10800,'2019-12-17 02:59:38','판매완료'),(33,7,10800,'2020-09-25 20:10:33','판매완료'),(34,7,10800,'2020-01-16 13:08:18','판매완료'),(35,7,10800,'2019-12-01 14:26:23','판매완료'),(36,8,15120,'2025-04-19 06:02:01','판매완료'),(37,8,15120,'2025-01-23 08:12:31','판매완료'),(38,8,15120,'2025-04-12 03:18:16','판매완료'),(39,8,15120,'2025-04-14 17:43:03','판매완료'),(40,8,15120,'2024-10-31 08:20:40','판매완료'),(41,9,22500,'2024-08-08 01:12:14','판매중'),(42,9,22500,'2024-09-19 14:50:00','판매중'),(43,9,22500,'2024-10-15 16:37:01','판매완료'),(44,9,22500,'2025-04-08 04:40:31','판매중'),(45,9,22500,'2025-01-27 03:08:43','판매중'),(46,10,6480,'2024-12-21 07:38:47','판매중'),(47,10,6480,'2023-11-13 21:28:05','판매중'),(48,10,6480,'2024-08-06 16:10:31','판매중'),(49,10,6480,'2024-08-31 06:19:29','판매완료'),(50,10,6480,'2024-11-02 14:58:31','판매완료'),(51,11,11700,'2012-10-18 08:16:47','판매완료'),(52,11,11700,'2012-08-23 16:09:36','판매완료'),(53,11,11700,'2020-02-11 23:19:50','판매완료'),(54,11,11700,'2025-02-16 01:33:16','판매완료'),(55,11,11700,'2023-01-16 21:13:04','판매완료'),(56,12,18000,'2025-05-19 02:44:49','판매중'),(57,12,18000,'2025-02-24 18:26:34','판매완료'),(58,12,18000,'2025-03-05 12:20:08','판매완료'),(59,12,18000,'2025-05-27 11:52:35','판매중'),(60,12,18000,'2025-02-18 01:38:56','판매완료'),(61,13,11700,'2015-07-05 14:13:03','판매완료'),(62,13,11700,'2018-06-01 18:40:05','판매중'),(63,13,11700,'2021-03-20 17:24:37','판매완료'),(64,13,11700,'2018-05-17 12:05:56','판매중'),(65,13,11700,'2021-08-02 18:09:29','판매중'),(66,14,19800,'2025-02-17 10:52:27','판매완료'),(67,14,19800,'2025-02-18 16:04:47','판매중'),(68,14,19800,'2025-03-23 03:53:32','판매중'),(69,14,19800,'2024-09-16 18:47:59','판매완료'),(70,14,19800,'2024-12-27 01:02:02','판매중'),(71,15,16020,'2025-05-21 15:45:40','판매완료'),(72,15,16020,'2025-01-08 05:04:53','판매중'),(73,15,16020,'2025-01-23 02:23:35','판매완료'),(74,15,16020,'2025-02-22 23:19:37','판매완료'),(75,15,16020,'2025-04-19 16:58:57','판매중'),(76,16,10800,'2024-12-08 19:25:50','판매완료'),(77,16,10800,'2024-12-31 02:14:18','판매완료'),(78,16,10800,'2025-03-18 21:32:55','판매완료'),(79,16,10800,'2023-08-26 18:30:42','판매완료'),(80,16,10800,'2024-01-01 14:13:02','판매완료'),(81,17,17820,'2025-01-14 14:49:27','판매중'),(82,17,17820,'2025-04-22 15:07:09','판매중'),(83,17,17820,'2025-05-28 07:09:45','판매완료'),(84,17,17820,'2024-06-14 12:27:53','판매중'),(85,17,17820,'2024-07-30 23:54:04','판매완료'),(86,18,11700,'2025-01-02 15:19:34','판매중'),(87,18,11700,'2024-09-07 06:43:27','판매완료'),(88,18,11700,'2024-06-22 19:54:48','판매완료'),(89,18,11700,'2025-05-16 12:05:04','판매완료'),(90,18,11700,'2024-04-01 04:15:12','판매완료'),(91,19,45000,'2025-04-27 01:32:56','판매완료'),(92,19,45000,'2024-10-28 06:41:19','판매완료'),(93,19,45000,'2025-03-08 19:10:00','판매중'),(94,19,45000,'2024-12-11 04:45:51','판매완료'),(95,19,45000,'2025-04-19 22:31:35','판매중'),(96,20,15750,'2024-04-26 12:59:56','판매중'),(97,20,15750,'2024-08-20 19:41:25','판매완료'),(98,20,15750,'2025-05-05 12:35:39','판매완료'),(99,20,15750,'2025-01-08 09:35:35','판매중'),(100,20,15750,'2024-10-02 09:11:21','판매중'),(101,66,7650,'2024-07-27 03:15:45','판매중'),(102,14,19800,'2025-05-26 08:59:57','판매중'),(103,145,20700,'2024-08-23 11:28:42','판매중'),(104,75,10350,'2020-09-17 15:22:07','판매중'),(105,146,16920,'2025-05-06 23:05:28','판매완료'),(106,39,9000,'2025-03-31 01:34:33','판매중'),(107,19,45000,'2025-05-26 14:24:41','판매중'),(108,194,14400,'2024-05-07 10:03:17','판매완료'),(109,157,15300,'2024-11-11 20:26:24','판매중'),(110,4,13050,'2025-05-29 19:48:00','판매중'),(111,81,15120,'2025-03-11 07:28:55','판매중'),(112,126,16200,'2024-12-07 15:51:39','판매중'),(113,185,15750,'2024-03-14 19:34:30','판매중'),(114,96,16200,'2024-11-09 14:22:59','판매중'),(115,50,11970,'2025-01-11 20:59:55','판매중'),(116,96,16200,'2025-02-14 10:33:17','판매중'),(117,79,4950,'2025-02-15 03:32:02','판매완료'),(118,196,15300,'2025-05-25 05:02:36','판매중'),(119,17,17820,'2024-06-26 02:17:33','판매완료'),(120,187,15120,'2025-04-02 19:11:01','판매완료'),(121,74,18900,'2022-09-15 22:37:29','판매중'),(122,133,13050,'2020-12-25 20:22:22','판매완료'),(123,9,22500,'2024-12-13 04:04:56','판매완료'),(124,71,26820,'2024-06-05 08:44:29','판매중'),(125,184,14400,'2023-02-12 11:04:52','판매중'),(126,157,15300,'2022-10-26 13:50:18','판매완료'),(127,47,15300,'2024-12-21 12:46:18','판매완료'),(128,168,15300,'2024-01-23 01:17:33','판매중'),(129,125,5850,'2025-04-12 10:04:00','판매완료'),(130,19,45000,'2024-10-05 15:43:40','판매완료'),(131,31,19800,'2018-10-24 21:23:47','판매완료'),(132,156,17550,'2024-02-12 03:27:50','판매완료'),(133,1,13500,'2022-04-24 06:00:20','판매중'),(134,128,19800,'2025-03-25 06:11:14','판매완료'),(135,127,5400,'2024-12-27 07:39:23','판매중'),(136,28,25020,'2025-04-24 06:46:05','판매완료'),(137,8,15120,'2025-02-11 02:46:49','판매중'),(138,47,15300,'2024-12-26 01:20:58','판매중'),(139,111,13950,'2022-05-20 22:51:45','판매중'),(140,19,45000,'2025-03-25 14:00:21','판매중'),(141,89,15750,'2025-01-30 07:45:11','판매중'),(142,91,8100,'2023-06-30 17:12:10','판매완료'),(143,199,15120,'2024-01-11 04:38:22','판매중'),(144,10,6480,'2024-08-18 05:39:01','판매중'),(145,165,16650,'2024-11-18 18:29:31','판매중'),(146,27,16920,'2024-06-21 22:20:05','판매완료'),(147,39,9000,'2024-07-01 18:32:10','판매중'),(148,54,15300,'2024-09-11 07:29:40','판매완료'),(149,122,4950,'2024-08-01 09:09:30','판매중'),(150,110,11250,'2025-02-13 21:43:33','판매중'),(151,34,18000,'2025-04-10 02:47:50','판매중'),(152,147,16920,'2024-03-25 03:50:20','판매중'),(153,70,16200,'2025-01-29 08:52:24','판매완료'),(154,177,13500,'2024-08-05 19:12:28','판매완료'),(155,56,22320,'2025-04-05 10:55:19','판매중'),(156,159,19800,'2025-05-10 20:31:39','판매중'),(157,137,23400,'2024-07-08 09:27:19','판매중'),(158,156,17550,'2023-11-10 01:26:45','판매중'),(159,199,15120,'2022-11-18 16:50:25','판매완료'),(160,39,9000,'2024-11-02 22:45:10','판매중'),(161,173,18000,'2025-03-25 23:27:43','판매중'),(162,75,10350,'2020-05-12 09:57:49','판매중'),(163,100,15030,'2024-11-10 14:29:57','판매중'),(164,143,17820,'2025-05-01 19:14:35','판매완료'),(165,193,9000,'2023-12-13 15:00:43','판매중'),(166,170,26820,'2024-06-20 13:45:35','판매완료'),(167,194,14400,'2024-06-04 06:09:43','판매중'),(168,8,15120,'2024-10-21 03:35:13','판매중'),(169,130,11250,'2022-12-04 05:41:21','판매중'),(170,82,16200,'2025-05-16 18:24:06','판매완료'),(171,165,16650,'2025-01-04 02:09:41','판매완료'),(172,38,15120,'2025-03-19 12:28:41','판매중'),(173,62,13050,'2025-02-02 02:36:11','판매중'),(174,50,11970,'2024-11-16 04:48:03','판매중'),(175,111,13950,'2024-01-27 18:02:17','판매중'),(176,133,13050,'2023-08-18 03:24:31','판매중'),(177,71,26820,'2023-12-07 14:51:21','판매중'),(178,133,13050,'2023-06-26 12:35:23','판매완료'),(179,15,16020,'2024-10-13 20:34:18','판매완료'),(180,183,16650,'2024-11-05 21:39:08','판매중'),(181,15,16020,'2025-03-03 07:11:29','판매중'),(182,37,15750,'2024-05-30 19:50:06','판매완료'),(183,55,16020,'2025-04-12 19:49:16','판매완료'),(184,152,15300,'2024-11-26 14:19:29','판매중'),(185,66,7650,'2025-02-20 18:17:19','판매완료'),(186,179,18000,'2022-01-26 05:31:58','판매중'),(187,132,16200,'2024-10-11 05:51:06','판매중'),(188,101,15120,'2025-02-20 00:59:48','판매중'),(189,37,15750,'2024-12-12 07:02:17','판매중'),(190,68,16200,'2024-11-25 12:12:55','판매완료'),(191,149,5400,'2024-10-03 02:53:40','판매완료'),(192,137,23400,'2024-06-29 03:02:44','판매중'),(193,43,19800,'2025-05-02 22:16:57','판매중'),(194,97,7200,'2007-05-23 00:55:16','판매완료'),(195,145,20700,'2025-04-05 17:09:08','판매중'),(196,155,12150,'2021-10-02 09:28:58','판매중'),(197,40,14400,'2023-07-08 01:45:41','판매중'),(198,89,15750,'2024-12-03 08:56:26','판매중'),(199,107,16200,'2025-05-26 07:25:06','판매중'),(200,51,16200,'2024-10-07 16:49:29','판매중'),(201,87,5400,'2023-06-20 17:17:23','판매중'),(202,123,17100,'2024-05-11 20:27:24','판매중'),(203,17,17820,'2024-11-05 21:12:27','판매완료'),(204,72,15120,'2024-09-07 15:43:06','판매중'),(205,57,18000,'2024-05-08 22:37:22','판매중'),(206,103,11250,'2024-04-29 20:17:09','판매중'),(207,21,13320,'2021-03-10 09:53:15','판매중'),(208,155,12150,'2022-01-10 15:52:53','판매중'),(209,42,16200,'2024-01-10 13:44:31','판매완료'),(210,57,18000,'2019-10-22 23:04:33','판매중'),(211,128,19800,'2025-04-23 22:03:06','판매완료'),(212,59,18000,'2025-05-29 10:16:54','판매중'),(213,62,13050,'2024-11-26 09:15:51','판매중'),(214,139,16200,'2024-04-02 20:45:52','판매중'),(215,135,16920,'2025-02-12 23:56:49','판매중'),(216,195,15750,'2024-12-03 09:00:45','판매중'),(217,59,18000,'2025-05-29 07:19:10','판매중'),(218,17,17820,'2024-10-04 19:40:25','판매완료'),(219,33,17550,'2025-02-02 03:27:05','판매중'),(220,22,16200,'2025-05-23 05:53:02','판매중'),(221,56,22320,'2025-02-09 23:18:24','판매중'),(222,79,4950,'2024-12-26 18:51:05','판매중'),(223,195,15750,'2025-05-26 08:06:19','판매중'),(224,72,15120,'2025-01-01 06:30:22','판매중'),(225,22,16200,'2024-10-31 16:08:42','판매완료'),(226,128,19800,'2025-05-16 16:10:38','판매완료'),(227,111,13950,'2019-09-29 18:05:04','판매중'),(228,128,19800,'2025-04-24 00:34:36','판매중'),(229,11,11700,'2025-02-05 07:45:39','판매완료'),(230,54,15300,'2025-04-17 18:05:44','판매중'),(231,23,15300,'2025-03-10 14:26:29','판매중'),(232,173,18000,'2024-10-28 07:46:58','판매중'),(233,185,15750,'2024-04-20 13:38:03','판매중'),(234,140,19800,'2025-03-30 19:51:47','판매중'),(235,90,16020,'2024-12-17 20:45:51','판매중'),(236,162,12600,'2025-04-02 03:40:51','판매중'),(237,102,16920,'2025-01-12 00:38:40','판매중'),(238,176,19800,'2023-05-16 12:11:02','판매완료'),(239,161,12600,'2025-04-04 06:52:11','판매중'),(240,133,13050,'2019-12-24 08:52:09','판매완료'),(241,15,16020,'2025-05-21 16:23:32','판매완료'),(242,5,17820,'2024-03-05 17:34:19','판매중'),(243,191,24300,'2023-03-06 12:11:02','판매완료'),(244,56,22320,'2025-04-02 20:14:52','판매중'),(245,152,15300,'2024-12-22 06:17:07','판매완료'),(246,71,26820,'2025-05-10 04:15:56','판매중'),(247,62,13050,'2024-11-30 03:57:20','판매중'),(248,52,14400,'2023-10-17 13:16:06','판매중'),(249,156,17550,'2023-10-06 22:47:40','판매완료'),(250,21,13320,'2019-05-11 18:06:51','판매중'),(251,199,15120,'2023-09-29 12:35:31','판매완료'),(252,32,17820,'2024-11-23 06:28:58','판매완료'),(253,137,23400,'2024-03-16 06:00:14','판매완료'),(254,125,5850,'2024-09-17 09:32:27','판매중'),(255,76,17100,'2022-08-12 21:25:54','판매완료'),(256,29,13320,'2020-11-18 11:16:18','판매중'),(257,156,17550,'2024-01-23 10:28:40','판매중'),(258,161,12600,'2025-05-01 08:26:48','판매중'),(259,109,18000,'2025-04-02 20:37:21','판매완료'),(260,76,17100,'2023-01-08 03:02:28','판매중'),(261,170,26820,'2024-08-07 14:13:59','판매완료'),(262,107,16200,'2024-11-16 23:39:08','판매중'),(263,163,21600,'2024-05-04 16:08:33','판매중'),(264,59,18000,'2025-05-29 22:10:53','판매중'),(265,149,5400,'2024-11-26 17:48:50','판매중'),(266,136,5400,'2025-05-19 08:20:48','판매완료'),(267,128,19800,'2025-05-10 17:12:54','판매중'),(268,60,17100,'2025-04-07 02:31:02','판매중'),(269,55,16020,'2025-03-26 03:09:56','판매완료'),(270,62,13050,'2024-08-23 05:47:35','판매완료'),(271,156,17550,'2023-07-31 22:06:48','판매완료'),(272,66,7650,'2024-12-12 04:27:26','판매완료'),(273,117,16200,'2025-04-21 04:48:26','판매중'),(274,6,12420,'2024-05-04 20:46:19','판매중'),(275,144,15120,'2025-01-23 11:17:28','판매완료'),(276,4,13050,'2025-05-29 02:07:58','판매완료'),(277,127,5400,'2025-05-01 07:24:45','판매중'),(278,158,5400,'2025-02-22 01:22:40','판매중'),(279,165,16650,'2025-04-17 09:29:26','판매중'),(280,72,15120,'2024-07-31 16:26:39','판매완료'),(281,88,24300,'2024-12-16 16:13:35','판매중'),(282,130,11250,'2022-03-20 04:35:46','판매중'),(283,142,17100,'2025-05-20 15:39:17','판매중'),(284,149,5400,'2024-09-28 01:50:32','판매중'),(285,58,17910,'2011-07-20 14:39:19','판매중'),(286,114,16200,'2024-12-20 03:21:57','판매완료'),(287,166,19800,'2023-11-13 09:48:53','판매중'),(288,68,16200,'2024-11-14 11:40:00','판매완료'),(289,131,14220,'2025-05-29 01:58:21','판매중'),(290,183,16650,'2025-05-23 14:49:09','판매완료'),(291,172,15300,'2020-03-01 00:07:36','판매중'),(292,23,15300,'2024-02-21 07:18:14','판매중'),(293,23,15300,'2024-09-08 14:31:50','판매중'),(294,15,16020,'2024-06-28 20:46:28','판매완료'),(295,112,16020,'2025-01-09 02:10:21','판매완료'),(296,78,15120,'2025-01-11 17:17:57','판매중'),(297,25,17820,'2024-12-30 10:17:33','판매중'),(298,110,11250,'2023-12-16 05:44:41','판매중'),(299,87,5400,'2022-10-23 08:37:53','판매중'),(300,153,15300,'2025-02-23 00:05:54','판매완료'),(301,193,9000,'2024-12-24 19:11:02','판매중'),(302,144,15120,'2024-06-26 17:32:02','판매중'),(303,87,5400,'2024-09-08 14:36:22','판매중'),(304,82,16200,'2025-04-15 13:59:28','판매중'),(305,127,5400,'2025-04-05 17:30:12','판매중'),(306,152,15300,'2025-03-29 22:41:45','판매중'),(307,196,15300,'2025-02-25 12:56:25','판매중'),(308,58,17910,'2018-04-19 20:38:45','판매완료'),(309,53,10800,'2025-03-30 11:52:01','판매완료'),(310,116,24300,'2024-03-16 04:15:51','판매중'),(311,79,4950,'2025-03-10 00:44:06','판매중'),(312,76,17100,'2022-02-05 18:12:50','판매중'),(313,131,14220,'2025-05-09 10:50:49','판매완료'),(314,177,13500,'2025-04-17 18:10:23','판매중'),(315,11,11700,'2015-01-15 17:05:30','판매완료'),(316,157,15300,'2023-12-11 08:03:54','판매중'),(317,192,29700,'2025-03-13 03:43:49','판매중'),(318,196,15300,'2025-01-11 00:37:32','판매중'),(319,85,17820,'2025-05-05 04:08:15','판매완료'),(320,109,18000,'2025-02-18 00:01:48','판매중'),(321,83,8820,'2024-09-07 11:14:17','판매완료'),(322,164,17910,'2025-02-10 03:33:21','판매완료'),(323,63,19800,'2025-04-10 21:10:20','판매중'),(324,95,16020,'2025-02-27 10:54:00','판매완료'),(325,62,13050,'2024-12-09 11:52:33','판매중'),(326,33,17550,'2024-12-09 16:08:52','판매중'),(327,123,17100,'2025-03-05 04:01:53','판매완료'),(328,59,18000,'2025-05-29 12:27:21','판매중'),(329,39,9000,'2025-02-17 11:59:37','판매중'),(330,190,3960,'2024-08-16 09:19:22','판매완료'),(331,196,15300,'2025-04-03 07:25:15','판매완료'),(332,167,2970,'2024-01-06 12:46:14','판매중'),(333,194,14400,'2024-09-25 06:30:55','판매완료'),(334,38,15120,'2024-10-31 04:07:03','판매중'),(335,38,15120,'2025-05-25 20:15:43','판매완료'),(336,128,19800,'2025-05-04 22:47:24','판매완료'),(337,45,13500,'2024-12-12 12:43:32','판매중'),(338,171,15120,'2025-03-30 14:29:11','판매중'),(339,105,7200,'2002-12-04 19:02:16','판매완료'),(340,152,15300,'2024-10-24 23:46:35','판매중'),(341,39,9000,'2024-12-18 15:44:30','판매완료'),(342,60,17100,'2025-02-21 15:06:55','판매완료'),(343,6,12420,'2025-05-19 05:51:34','판매중'),(344,114,16200,'2025-04-25 03:02:14','판매완료'),(345,44,15300,'2025-05-28 02:29:09','판매완료'),(346,169,16200,'2024-12-02 09:38:54','판매중'),(347,198,19800,'2025-04-01 19:57:11','판매중'),(348,23,15300,'2024-06-14 17:46:01','판매완료'),(349,128,19800,'2025-04-28 13:36:06','판매완료'),(350,180,16920,'2025-03-21 09:03:32','판매중'),(351,40,14400,'2023-03-23 02:47:33','판매중'),(352,68,16200,'2025-02-04 18:30:04','판매중'),(353,87,5400,'2022-12-17 05:11:12','판매완료'),(354,138,14400,'2025-01-24 09:19:19','판매완료'),(355,43,19800,'2025-05-19 19:01:32','판매완료'),(356,14,19800,'2024-08-07 22:01:18','판매완료'),(357,190,3960,'2021-10-30 04:41:03','판매완료'),(358,189,17820,'2025-03-21 14:02:39','판매중'),(359,96,16200,'2025-04-13 12:28:53','판매완료'),(360,185,15750,'2025-05-07 23:47:11','판매중'),(361,13,11700,'2014-08-27 12:30:24','판매완료'),(362,85,17820,'2025-05-01 10:04:51','판매중'),(363,1,13500,'2017-06-26 01:27:04','판매중'),(364,94,29700,'2025-04-27 20:07:06','판매중'),(365,32,17820,'2024-12-14 16:56:31','판매중'),(366,26,19800,'2024-08-10 10:23:55','판매중'),(367,121,16920,'2025-01-13 04:29:51','판매중'),(368,81,15120,'2025-04-12 10:55:25','판매중'),(369,43,19800,'2025-01-31 18:58:32','판매중'),(370,59,18000,'2025-05-29 10:14:22','판매중'),(371,17,17820,'2025-05-04 12:34:52','판매중'),(372,171,15120,'2025-05-06 16:08:15','판매중'),(373,38,15120,'2025-04-29 16:22:31','판매중'),(374,44,15300,'2025-01-28 00:56:56','판매중'),(375,89,15750,'2025-05-21 12:30:15','판매완료'),(376,4,13050,'2025-05-29 12:15:12','판매중'),(377,60,17100,'2025-03-07 01:37:00','판매완료'),(378,83,8820,'2020-11-05 07:52:53','판매중'),(379,55,16020,'2025-01-24 18:55:38','판매중'),(380,2,15120,'2024-07-10 21:03:12','판매중'),(381,5,17820,'2025-05-09 19:12:41','판매중'),(382,50,11970,'2025-01-23 08:52:55','판매중'),(383,85,17820,'2025-02-19 20:29:40','판매중'),(384,169,16200,'2025-01-22 00:30:14','판매중'),(385,63,19800,'2025-03-23 12:29:06','판매중'),(386,80,15120,'2025-03-17 11:27:51','판매중'),(387,178,15300,'2025-04-01 19:48:26','판매중'),(388,31,19800,'2022-05-20 06:57:54','판매중'),(389,36,12600,'2016-04-29 16:45:15','판매중'),(390,65,31950,'2024-07-28 01:22:57','판매중'),(391,133,13050,'2021-06-04 07:54:33','판매중'),(392,73,16020,'2023-08-23 05:14:37','판매중'),(393,179,18000,'2020-08-20 09:48:01','판매중'),(394,155,12150,'2021-06-17 15:38:46','판매중'),(395,166,19800,'2025-05-14 19:53:17','판매중'),(396,140,19800,'2024-08-13 06:25:45','판매중'),(397,41,15750,'2025-02-06 23:29:43','판매완료'),(398,166,19800,'2024-06-01 22:17:07','판매중'),(399,133,13050,'2011-09-23 21:58:27','판매중'),(400,7,10800,'2019-12-05 07:13:17','판매완료');
/*!40000 ALTER TABLE `usedbook` ENABLE KEYS */;
UNLOCK TABLES;

--
-- Temporary view structure for view `user_purchase_history`
--

DROP TABLE IF EXISTS `user_purchase_history`;
/*!50001 DROP VIEW IF EXISTS `user_purchase_history`*/;
SET @saved_cs_client     = @@character_set_client;
/*!50503 SET character_set_client = utf8mb4 */;
/*!50001 CREATE VIEW `user_purchase_history` AS SELECT 
 1 AS `purchase_id`,
 1 AS `buyer_id`,
 1 AS `username`,
 1 AS `purchased_date`,
 1 AS `used_book_id`,
 1 AS `book_title`,
 1 AS `final_price`*/;
SET character_set_client = @saved_cs_client;

--
-- Table structure for table `users`
--

DROP TABLE IF EXISTS `users`;
/*!40101 SET @saved_cs_client     = @@character_set_client */;
/*!50503 SET character_set_client = utf8mb4 */;
CREATE TABLE `users` (
  `user_id` int NOT NULL,
  `username` varchar(50) NOT NULL,
  `email` varchar(100) NOT NULL,
  `join_date` datetime NOT NULL DEFAULT CURRENT_TIMESTAMP,
  `address` varchar(255) DEFAULT NULL,
  `points` int unsigned NOT NULL DEFAULT '0',
  PRIMARY KEY (`user_id`)
) ENGINE=InnoDB DEFAULT CHARSET=utf8mb4 COLLATE=utf8mb4_0900_ai_ci;
/*!40101 SET character_set_client = @saved_cs_client */;

--
-- Dumping data for table `users`
--

LOCK TABLES `users` WRITE;
/*!40000 ALTER TABLE `users` DISABLE KEYS */;
INSERT INTO `users` VALUES (1,'김지훈','dolores586@gmail.com','2025-02-02 05:01:24','(36916) 경상북도 문경시 문경읍 청운로 49 달맞이스페이스 2층',0),(2,'최미영','officiis810@kakao.com','2023-09-05 15:09:52','(03194) 서울특별시 종로구 청계천로 159 세운상가 4층 가 427호',0),(3,'박채원','molestias699@daum.net','2024-04-01 06:14:44','(54022) 전라북도 군산시 구영5길 21-26',0),(4,'김은지','consectetur833@nate.com','2025-01-02 14:37:04','(63002) 제주 제주시 한경면 신창5길 5 돌창고(깃발 걸린 곳)',0),(5,'한영희','neque589@nate.com','2023-08-26 12:59:40','(14303) 경기도 광명시 오리로619번길 32 1층',0),(6,'김성훈','at360@daum.net','2024-08-04 07:11:07','(05283) 서울특별시 강동구 천호대로221길 30 1층 오른쪽',0),(7,'권지현','omnis834@kakao.com','2025-02-24 11:55:25','(63634) 제주 서귀포시 성산읍 일주동로 5210 캔디책방',0),(8,'김혜진','mollitia799@naver.com','2024-05-10 17:18:43','(63363) 제주특별자치도 제주시 구좌읍 문주란로5길 34-2',0),(9,'황정훈','similique651@daum.net','2025-05-04 09:24:26','(22731) 인천광역시 서구 염곡로498번안길 5-20 1층 서점안착 호미사진관',0),(10,'이영자','ad169@daum.net','2024-06-05 21:51:37','(48231) 부산 수영구 망미번영로 69-1 쇼핑그라운드2 101호',0),(11,'류현정','quos126@kakao.com','2024-08-08 01:10:09','(63194) 제주특별자치도 제주시 삼성로1길 1 , 1층',0),(12,'고윤서','debitis240@naver.com','2025-03-18 18:29:28','(04778) 서울특별시 성동구 왕십리로 92 4층',0),(13,'김영자','architecto751@naver.com','2023-09-29 12:30:21','(16509) 경기도 수원시 영통구 에듀타운로 101 에듀하임오피스텔 108동 B103호',0),(14,'주예원','eaque986@gmail.com','2023-06-01 13:40:49','(63595) 제주 서귀포시 태평로 409-2',0),(15,'이병철','perspiciatis757@daum.net','2023-06-11 08:40:16','(21364) 인천광역시 부평구 부평대로165번길 26 1층 쓰는하루',0),(16,'김지우','ipsa322@naver.com','2025-04-23 09:52:53','(42607) 대구광역시 달서구 선원로53길 11',0),(17,'김지혜','quia161@naver.com','2024-12-30 02:23:00','(63055) 제주 제주시 애월읍 장유길 44',0),(18,'남정숙','sed496@nate.com','2023-10-09 15:04:11','(03039) 서울특별시 종로구 필운대로 15-10 4층',0),(19,'하윤서','illo884@kakao.com','2024-08-12 00:26:04','(14285) 경기도 광명시 오리로1009번길 2 1층 북앤드로잉',0),(20,'김상현','dolore990@gmail.com','2025-03-12 03:12:32','(08740) 서울특별시 관악구 행운1길 40 1층',0),(21,'김윤서','quos216@daum.net','2023-08-29 13:43:25','(61188) 광주 북구 면앙로6번길 61 노벰버레인',0),(22,'김우진','officiis591@daum.net','2025-04-17 20:36:30','(28417) 충청북도 청주시 흥덕구 짐대로42번길 26',0),(23,'서정웅','libero443@naver.com','2025-04-10 21:27:56','(24264) 강원도 춘천시 향교옆길13번길 22',0),(24,'권옥자','iste442@nate.com','2024-08-24 13:40:35','(04053) 서울특별시 마포구 와우산로29마길 10-3 2층',0),(25,'강서현','omnis999@daum.net','2023-11-06 20:49:40','(57964) 전라남도 순천시 역전2길 10 심다',0),(26,'이성수','quaerat82@nate.com','2024-12-19 00:15:45','(34609) 대전광역시 동구 동대전로 121 1층 102호',0),(27,'서순자','officia364@daum.net','2024-04-20 00:19:00','(03194) 서울특별시 종로구 청계천로 159 3층 외부 바열 328호',0),(28,'장상철','architecto511@naver.com','2024-12-03 08:12:02','(03060) 서울특별시 종로구 율곡로5길 24',0),(29,'노종수','hic432@naver.com','2024-09-07 03:16:23','(04728) 서울특별시 성동구 무수막길 56 1F',0),(30,'장영호','itaque107@naver.com','2024-07-29 21:13:08','(48947) 부산광역시 중구 광복중앙로33번길 16-7 1층 책방오월, 더 타로',0),(31,'김준호','ipsam387@nate.com','2023-10-11 20:37:48','(63333) 제주특별자치도 제주시 조천읍 함덕5길 8-23',0),(32,'박민재','fugit459@kakao.com','2025-02-20 14:24:16','(27222) 충청북도 제천시 덕산면 신현3길 27',0),(33,'김준혁','alias442@gmail.com','2025-04-16 11:25:25','(63343) 제주 제주시 조천읍 곱은달서길 115',0),(34,'안우진','totam206@daum.net','2023-10-02 16:21:32','(22729) 인천광역시 서구 심곡로24번길 18 1층 마음책방',0),(35,'박영미','odit900@naver.com','2024-03-22 08:01:39','(04550) 서울특별시 중구 을지로 114-6 606호',0),(36,'김수민','a559sapiente@nate.com','2023-10-14 00:54:55','(04074) 서울특별시 마포구 어울마당로2길 19 3층',0),(37,'박현우','et664@nate.com','2023-12-09 02:58:18','(62248) 광주광역시 광산구 수완로74번길 11-8',0),(38,'김혜진','minus10@naver.com','2023-12-08 01:47:43','(07605) 서울특별시 강서구 방화대로33길 13 1층',0),(39,'박영순','illo594@gmail.com','2024-09-05 09:31:56','(53277) 경상남도 거제시 사등면 거제대로 5394-2 주황색 지붕 건물',0),(40,'강중수','cum549@nate.com','2023-09-15 21:08:46','(02832) 서울특별시 성북구 동소문로13가길 36 성북동책방',0),(41,'윤경자','esse986@daum.net','2023-06-11 09:39:42','(48302) 부산광역시 수영구 남천바다로15번길 40',0),(42,'이서영','tempora969@daum.net','2023-07-05 03:49:53','(63333) 제주특별자치도 제주시 조천읍 함덕로 9',0),(43,'김현숙','hic787@gmail.com','2024-08-20 09:58:11','(03664) 서울특별시 서대문구 증가로6길 43 1층 102호',0),(44,'박승민','quia990@daum.net','2024-04-22 12:09:12','(17006) 경기도 용인시 기흥구 동백5로 22 쥬네브문월드 가동 137호',0),(45,'이재현','itaque686@daum.net','2024-10-28 02:45:48','(63046) 제주 제주시 애월읍 고내북동길 15 1층',0),(46,'김민수','unde522@nate.com','2024-09-08 06:37:22','(14709) 경기도 부천시 경인로 211-1',0),(47,'홍은지','laborum402@gmail.com','2024-05-29 14:07:09','(04779) 서울특별시 성동구 성수일로1길 10-1 1층',0),(48,'배중수','molestiae900@nate.com','2024-05-04 17:36:51','(05510) 서울특별시 송파구 올림픽로 269 롯데캐슬골드 지하1층 교보잠실점',0),(49,'이유진','minus756@daum.net','2024-05-07 07:20:24','(18303) 경기도 화성시 봉담읍 오래3길 7 1층 상가',0),(50,'송경희','delectus758@daum.net','2023-11-19 02:09:17','(61640) 광주광역시 남구 천변좌로418번길 17 1층',0),(51,'김정희','recusandae909@daum.net','2023-06-17 03:54:08','(08739) 서울특별시 관악구 남부순환로231길 11 태주빌라 1층',0),(52,'홍정희','impedit389@kakao.com','2024-03-03 17:32:39','(34649) 대전광역시 동구 대동로 44',0),(53,'류미숙','quis457@daum.net','2023-06-14 04:50:12','(15806) 경기도 군포시 금산로 84 1층',0),(54,'김광수','exercitationem314@daum.net','2024-01-04 12:31:11','(34117) 대전광역시 유성구 신성로62번길 15 1층',0),(55,'진성수','blanditiis43@kakao.com','2024-01-04 05:30:51','(04339) 서울특별시 용산구 신흥로16길 7',0),(56,'고경숙','at718@gmail.com','2025-04-20 02:33:15','(63035) 제주 제주시 애월읍 납읍로2길 15-1 단독건물',0),(57,'김예원','ipsa378@nate.com','2024-06-15 12:03:06','(61979) 광주 서구 화운로156번길 12-1 1층',0),(58,'진광수','dolore882@nate.com','2024-08-17 20:33:44','(17389) 경기도 이천시 마장면 덕평로877번길 16',0),(59,'조중수','asperiores28@kakao.com','2025-04-23 15:11:45','(63036) 제주특별자치도 제주시 애월읍 고하상로 125-1 순여네국수, 하가1476 맞은 편 초록지붕',0),(60,'오광수','maiores632@kakao.com','2024-01-15 03:09:34','(02864) 서울특별시 성북구 삼선교로16길 16-3',0),(61,'최성민','perferendis182@kakao.com','2024-07-19 03:28:02','(48109) 부산광역시 해운대구 좌동순환로 275 2F',0),(62,'서광수','eius379@gmail.com','2025-03-05 21:05:15','(41958) 대구광역시 중구 명륜로23길 28',0),(63,'노미영','quod334@daum.net','2024-04-17 01:05:36','(63362) 제주특별자치도 제주시 구좌읍 상하도길 46-12',0),(64,'윤명숙','corrupti882@kakao.com','2024-03-27 00:22:41','(58557) 전남 무안군 청계면 복길로 131',0),(65,'심종수','architecto597@nate.com','2024-03-12 03:56:05','(03703) 서울특별시 서대문구 연희로11라길 10-6 2층 우측',0),(66,'김영진','natus765@kakao.com','2024-02-20 02:05:55','(04536) 서울특별시 중구 명동4길 14 3층 아이엠굿북',0),(67,'고승현','magni733@kakao.com','2023-08-21 02:35:06','(54830) 전라북도 전주시 덕진구 두간11길 15',0),(68,'장경수','iure954@kakao.com','2023-10-20 15:41:43','(48930) 부산광역시 중구 대청로141번길 17 1층',0),(69,'김지혜','ex806@gmail.com','2025-04-25 03:48:48','(61480) 광주광역시 동구 충장로46번길 8 1층',0),(70,'김민석','debitis750@naver.com','2024-06-01 21:21:28','(04025) 서울특별시 마포구 월드컵로3길 31-30 3층',0),(71,'최지후','nulla83@kakao.com','2024-01-16 22:51:23','(11350) 경기도 동두천시 동두천로 115 중앙프라자 4층 403호',0),(72,'이주원','rerum788@nate.com','2025-04-02 05:37:56','(22516) 인천광역시 동구 화수로47번길 14',0),(73,'김정희','laudantium433@kakao.com','2023-09-24 12:11:06','(24838) 강원도 속초시 중앙로46번길 45',0),(74,'이숙자','consequatur397@daum.net','2024-05-28 02:32:00','(02829) 서울특별시 성북구 동소문로29길 10 1층',0),(75,'이지훈','cupiditate887@gmail.com','2025-02-27 03:05:43','(51458) 경상남도 창원시 성산구 창이대로719번길 17',0),(76,'윤준혁','corrupti859@naver.com','2024-06-09 02:04:58','(63008) 제주특별자치도 제주시 한경면 고산로 26 유명제과 2층',0),(77,'한영희','repudiandae43@kakao.com','2024-02-04 00:50:10','(31123) 충청남도 천안시 동남구 먹거리8길 11 1층',0),(78,'조지영','sed803@gmail.com','2023-07-19 19:24:26','(03765) 서울특별시 서대문구 이화여대길 88-11',0),(79,'김상현','debitis507@gmail.com','2023-10-17 09:45:18','(58726) 전남 목포시 차범석길23번길 15 1층',0),(80,'임선영','dolores16@gmail.com','2024-06-04 12:35:02','(33124) 충청남도 부여군 규암면 자온로 82 책방 세:간',0),(81,'구진호','deleniti969@daum.net','2023-06-16 15:07:29','(26423) 강원도 원주시 금불4길 23 제1층 102호',0),(82,'윤현준','maiores210@gmail.com','2024-01-28 14:25:09','(07016) 서울특별시 동작구 동작대로9가길 32 1층 다정한 책방',0),(83,'최준서','libero289@nate.com','2024-01-26 09:53:41','(07605) 서울특별시 강서구 양천로24길 113 지하1층',0),(84,'박예준','dolorem587@daum.net','2023-12-05 15:02:39','(37664) 경상북도 포항시 남구 효자동길10번길 32',0),(85,'강현준','esse533@gmail.com','2025-01-20 01:30:59','(54647) 전북 익산시 동서로5길 116 2층 블루본즈 카페',0),(86,'김정수','quidem649@naver.com','2023-10-19 07:40:22','(58568) 전남 무안군 삼향읍 남악5로60번길 31-8',0),(87,'이현지','dicta310@nate.com','2024-03-28 11:01:29','(37590) 경상북도 포항시 북구 천마로72번길 7 남광하우스토리 상가동 201호',0),(88,'이민지','eos770@daum.net','2024-07-05 07:30:00','(16525) 경기도 수원시 영통구 매여울로40번길 42-2 1층 102호',0),(89,'백지민','reiciendis521@kakao.com','2024-05-20 05:43:16','(63355) 제주특별자치도 제주시 구좌읍 송당6길 38-1 제2동',0),(90,'서수빈','aliquid426@naver.com','2024-12-13 04:28:19','(16624) 경기도 수원시 권선구 매송고색로711번길 26',0),(91,'박현우','labore311@naver.com','2023-09-22 06:04:44','(02644) 서울특별시 동대문구 천호대로89길 9 2층',0),(92,'한상훈','ullam713@naver.com','2023-06-09 13:24:25','(49494) 부산 사하구 윤공단로 12 2층. 다대포예술기지',0),(93,'이상호','error798@nate.com','2023-09-16 00:28:46','(34949) 대전광역시 중구 테미로 48 1층',0),(94,'김승민','cum873@kakao.com','2025-01-08 11:41:39','(54034) 전북 군산시 구암3.1로 116 (경암동)',0),(95,'이우진','impedit648@naver.com','2025-02-18 11:47:21','(16904) 경기도 용인시 기흥구 신촌로73번길 5-1 102호',0),(96,'박성수','labore757@gmail.com','2025-04-04 21:12:24','(04625) 서울특별시 중구 퇴계로36길 29 기남빌딩 5층 603호',0),(97,'윤선영','impedit847@daum.net','2024-11-01 21:45:44','(54039) 전라북도 군산시 풍문2길 5-2 책방 조용한흥분색',0),(98,'김중수','iste157@naver.com','2023-09-04 00:31:29','(08752) 서울특별시 관악구 봉천로 401-1 2층',0),(99,'김숙자','odit955@gmail.com','2024-03-13 11:45:57','(41416) 대구광역시 북구 학정동로 66 1층',0),(100,'이승민','doloremque253@gmail.com','2023-06-27 18:20:11','(02833) 서울특별시 성북구 동소문로3길 68',0);
/*!40000 ALTER TABLE `users` ENABLE KEYS */;
UNLOCK TABLES;

--
-- Final view structure for view `user_purchase_history`
--

/*!50001 DROP VIEW IF EXISTS `user_purchase_history`*/;
/*!50001 SET @saved_cs_client          = @@character_set_client */;
/*!50001 SET @saved_cs_results         = @@character_set_results */;
/*!50001 SET @saved_col_connection     = @@collation_connection */;
/*!50001 SET character_set_client      = utf8mb4 */;
/*!50001 SET character_set_results     = utf8mb4 */;
/*!50001 SET collation_connection      = utf8mb4_0900_ai_ci */;
/*!50001 CREATE ALGORITHM=UNDEFINED */
/*!50013 DEFINER=`root`@`localhost` SQL SECURITY DEFINER */
/*!50001 VIEW `user_purchase_history` AS select `p`.`purchase_id` AS `purchase_id`,`p`.`buyer_id` AS `buyer_id`,`u`.`username` AS `username`,`p`.`purchased_date` AS `purchased_date`,`ub`.`used_book_id` AS `used_book_id`,`b`.`title` AS `book_title`,`p`.`final_price` AS `final_price` from (((`purchase` `p` join `users` `u` on((`p`.`buyer_id` = `u`.`user_id`))) join `usedbook` `ub` on((`p`.`used_book_id` = `ub`.`used_book_id`))) join `book` `b` on((`ub`.`book_id` = `b`.`book_id`))) */;
/*!50001 SET character_set_client      = @saved_cs_client */;
/*!50001 SET character_set_results     = @saved_cs_results */;
/*!50001 SET collation_connection      = @saved_col_connection */;
/*!40103 SET TIME_ZONE=@OLD_TIME_ZONE */;

/*!40101 SET SQL_MODE=@OLD_SQL_MODE */;
/*!40014 SET FOREIGN_KEY_CHECKS=@OLD_FOREIGN_KEY_CHECKS */;
/*!40014 SET UNIQUE_CHECKS=@OLD_UNIQUE_CHECKS */;
/*!40101 SET CHARACTER_SET_CLIENT=@OLD_CHARACTER_SET_CLIENT */;
/*!40101 SET CHARACTER_SET_RESULTS=@OLD_CHARACTER_SET_RESULTS */;
/*!40101 SET COLLATION_CONNECTION=@OLD_COLLATION_CONNECTION */;
/*!40111 SET SQL_NOTES=@OLD_SQL_NOTES */;

-- Dump completed on 2025-05-30 11:58:25
