-- 중고 도서 마켓플레이스 초기 데이터
SET FOREIGN_KEY_CHECKS = 0;

-- User 테이블 데이터
INSERT INTO User (user_id, username, email, join_date, address) VALUES (1, '강지형', 'eaque897@daum.net', '2025-02-15', '(07605) 서울특별시 강서구 방화대로33길 13 1층');
INSERT INTO User (user_id, username, email, join_date, address) VALUES (2, '린평순', 'debitis855@nate.com', '2025-03-18', '(04025) 서울특별시 마포구 월드컵로3길 31-30 3층');
INSERT INTO User (user_id, username, email, join_date, address) VALUES (3, '술훈복', 'alias569@daum.net', '2024-08-10', '(63528) 제주 서귀포시 안덕면 사계로114번길 54-58 1층');
INSERT INTO User (user_id, username, email, join_date, address) VALUES (4, '성옥수', 'fugiat306@daum.net', '2024-12-09', '(17006) 경기도 용인시 기흥구 동백5로 22 쥬네브문월드 가동 137호');
INSERT INTO User (user_id, username, email, join_date, address) VALUES (5, '성새화', 'itaque831@nate.com', '2024-12-23', '(63333) 제주특별자치도 제주시 조천읍 함덕5길 8-23');
INSERT INTO User (user_id, username, email, join_date, address) VALUES (6, '으온혼', 'quos616@gmail.com', '2023-08-04', '(03979) 서울특별시 마포구 성미산로23길 60');
INSERT INTO User (user_id, username, email, join_date, address) VALUES (7, '잔빈심', 'iste729@gmail.com', '2024-06-13', '(07016) 서울특별시 동작구 동작대로9가길 32 1층');
INSERT INTO User (user_id, username, email, join_date, address) VALUES (8, '승만탁', 'maiores772@kakao.com', '2023-08-24', '(54022) 전라북도 군산시 구영5길 21-26');
INSERT INTO User (user_id, username, email, join_date, address) VALUES (9, '양늬무', 'dolorum100@naver.com', '2024-05-15', '(63569) 제주특별자치도 서귀포시 막동산로 19');
INSERT INTO User (user_id, username, email, join_date, address) VALUES (10, '백치강', 'non940@naver.com', '2025-03-28', '(02864) 서울특별시 성북구 삼선교로16길 16-3');
INSERT INTO User (user_id, username, email, join_date, address) VALUES (11, '은천화', 'dolorum956@nate.com', '2023-12-01', '(03765) 서울특별시 서대문구 이화여대길 88-11');
INSERT INTO User (user_id, username, email, join_date, address) VALUES (12, '임수구', 'voluptate431@nate.com', '2024-08-27', '(12533) 경기도 양평군 양동면 고송길 35-37');
INSERT INTO User (user_id, username, email, join_date, address) VALUES (13, '려반가', 'ad331@gmail.com', '2024-08-21', '(03194) 서울특별시 종로구 청계천로 159 3층 외부 바열 328호');
INSERT INTO User (user_id, username, email, join_date, address) VALUES (14, '양초섭', 'blanditiis915@naver.com', '2023-06-10', '(04339) 서울특별시 용산구 신흥로16길 7');
INSERT INTO User (user_id, username, email, join_date, address) VALUES (15, '노운슬', 'corrupti794@naver.com', '2024-03-29', '(48930) 부산광역시 중구 대청로141번길 17 1층');
INSERT INTO User (user_id, username, email, join_date, address) VALUES (16, '최월공', 'dolore68@naver.com', '2025-02-19', '(51428) 경상남도 창원시 의창구 외동반림로254번길 8-1');
INSERT INTO User (user_id, username, email, join_date, address) VALUES (17, '련순엄', 'corrupti526@naver.com', '2024-12-27', '(04550) 서울특별시 중구 을지로 114-6 606호');
INSERT INTO User (user_id, username, email, join_date, address) VALUES (18, '신양린', 'quod341@nate.com', '2025-05-12', '(16904) 경기도 용인시 기흥구 신촌로73번길 5-1 102호');
INSERT INTO User (user_id, username, email, join_date, address) VALUES (19, '중을다', 'iusto645@nate.com', '2023-08-01', '(47900) 부산 동래구 온천천로453번길 14 2층');
INSERT INTO User (user_id, username, email, join_date, address) VALUES (20, '옥제직', 'aspernatur337@daum.net', '2024-04-05', '(08752) 서울특별시 관악구 양녕로 19 1층,2층');
INSERT INTO User (user_id, username, email, join_date, address) VALUES (21, '창랑별', 'accusamus10@naver.com', '2024-10-24', '(21566) 인천광역시 남동구 문화서로49번길 39 103호');
INSERT INTO User (user_id, username, email, join_date, address) VALUES (22, '윤건잔', 'sunt826@daum.net', '2024-03-31', '(04345) 서울특별시 용산구 회나무로12길 5 Beleben 벨리븐');
INSERT INTO User (user_id, username, email, join_date, address) VALUES (23, '태초후', 'reiciendis168@kakao.com', '2024-12-12', '(21337) 인천광역시 부평구 장제로249번길 16 1층');
INSERT INTO User (user_id, username, email, join_date, address) VALUES (24, '환천추', 'consequatur784@daum.net', '2024-07-12', '(54039) 전라북도 군산시 풍문2길 5-2');
INSERT INTO User (user_id, username, email, join_date, address) VALUES (25, '면관예', 'repellat705@gmail.com', '2024-09-12', '(23058) 인천광역시 강화군 양도면 강화남로428번길 46-27');
INSERT INTO User (user_id, username, email, join_date, address) VALUES (26, '위관윤', 'assumenda434@nate.com', '2024-10-12', '(48967) 부산광역시 중구 책방골목길 8-1 1층');
INSERT INTO User (user_id, username, email, join_date, address) VALUES (27, '들들우', 'distinctio205@kakao.com', '2025-01-19', '(04549) 서울특별시 중구 을지로20길 32-3 203호');
INSERT INTO User (user_id, username, email, join_date, address) VALUES (28, '연변누', 'quos888@kakao.com', '2023-12-24', '(17389) 경기도 이천시 마장면 덕평로877번길 16');
INSERT INTO User (user_id, username, email, join_date, address) VALUES (29, '오천걸', 'mollitia357@gmail.com', '2024-03-24', '(03999) 서울특별시 마포구 월드컵북로9길 30');
INSERT INTO User (user_id, username, email, join_date, address) VALUES (30, '정홍애', 'enim336@naver.com', '2024-09-18', '(34085) 대전광역시 유성구 은구비서로24번길 6 지하 1층');
INSERT INTO User (user_id, username, email, join_date, address) VALUES (31, '방분대', 'iure534@daum.net', '2024-12-25', '(57340) 전라남도 담양군 담양읍 객사3길 9-1');
INSERT INTO User (user_id, username, email, join_date, address) VALUES (32, '들옥초', 'autem162@nate.com', '2024-04-25', '(41958) 대구광역시 중구 봉산문화길 19 2층');
INSERT INTO User (user_id, username, email, join_date, address) VALUES (33, '창봉명', 'dolores366@daum.net', '2025-03-10', '(63361) 제주특별자치도 제주시 구좌읍 세화11길 8');
INSERT INTO User (user_id, username, email, join_date, address) VALUES (34, '화솔다', 'accusamus454@naver.com', '2023-10-19', '(10298) 경기도 고양시 덕양구 원당로113번길 48-7');
INSERT INTO User (user_id, username, email, join_date, address) VALUES (35, '일재흠', 'ducimus830@nate.com', '2023-05-27', '(24412) 강원도 춘천시 신동면 금병의숙1길 19');
INSERT INTO User (user_id, username, email, join_date, address) VALUES (36, '공더휴', 'adipisci177@gmail.com', '2024-11-09', '(63005) 제주 제주시 한경면 저지동길 8-31');
INSERT INTO User (user_id, username, email, join_date, address) VALUES (37, '혜비미', 'debitis846@kakao.com', '2024-09-16', '(15447) 경기도 안산시 단원구 화정천서로 115 2층 201호');
INSERT INTO User (user_id, username, email, join_date, address) VALUES (38, '일분효', 'delectus133@daum.net', '2025-05-13', '(02529) 서울특별시 동대문구 답십리로63길 30 101호');
INSERT INTO User (user_id, username, email, join_date, address) VALUES (39, '고언탁', 'saepe136@naver.com', '2024-03-16', '(55038) 전라북도 전주시 완산구 전라감영4길 16-7 3층');
INSERT INTO User (user_id, username, email, join_date, address) VALUES (40, '하문개', 'totam686@kakao.com', '2024-08-18', '(59743) 전남 여수시 공화남1길 11 1층 왼쪽');
INSERT INTO User (user_id, username, email, join_date, address) VALUES (41, '직찬들', 'eius836@daum.net', '2025-03-11', '(34625) 대전광역시 동구 선화로 212 2층');
INSERT INTO User (user_id, username, email, join_date, address) VALUES (42, '혜해옥', 'cumque792@nate.com', '2025-02-23', '(63055) 제주 제주시 애월읍 장유길 44');
INSERT INTO User (user_id, username, email, join_date, address) VALUES (43, '엄웅분', 'tempore952@gmail.com', '2025-03-18', '(04337) 서울특별시 용산구 신흥로 115-1');
INSERT INTO User (user_id, username, email, join_date, address) VALUES (44, '순량혁', 'dolore914@daum.net', '2025-04-23', '(05009) 서울특별시 광진구 능동로19길 5 지하');
INSERT INTO User (user_id, username, email, join_date, address) VALUES (45, '혜초상', 'beatae791@gmail.com', '2024-10-03', '(33124) 충청남도 부여군 규암면 자온로 82');
INSERT INTO User (user_id, username, email, join_date, address) VALUES (46, '빈신지', 'ut997@nate.com', '2023-07-19', '(08737) 서울특별시 관악구 관악로 204 3층 301호');
INSERT INTO User (user_id, username, email, join_date, address) VALUES (47, '현근규', 'eum404@nate.com', '2023-07-08', '(08613) 서울특별시 금천구 시흥대로73길 11 무지개상가 309호');
INSERT INTO User (user_id, username, email, join_date, address) VALUES (48, '조정술', 'ad446@daum.net', '2024-02-10', '(51017) 경상남도 김해시 율하3로8번길 38');
INSERT INTO User (user_id, username, email, join_date, address) VALUES (49, '세연섬', 'doloribus202@kakao.com', '2024-05-02', '(61980) 광주광역시 서구 화운로 136 1층');
INSERT INTO User (user_id, username, email, join_date, address) VALUES (50, '태구기', 'culpa762@naver.com', '2023-08-02', '(59746) 전라남도 여수시 이순신광장로 220 1층 106호 태양맨션상가');

-- Book 테이블 데이터
INSERT INTO Book (book_id, title, author, publisher, isbn, published_date) VALUES (1, '소년이 온다 :한강 장편소설', '지은이: 한강', '창비', '9788936434120', '2014');
INSERT INTO Book (book_id, title, author, publisher, isbn, published_date) VALUES (2, '작별하지 않는다 :한강 장편소설', '지은이: 한강', '문학동네', '9788954682152', '2021');
INSERT INTO Book (book_id, title, author, publisher, isbn, published_date) VALUES (3, '불편한 편의점 :김호연 장편소설', '지은이: 김호연', '나무옆의자', '9791161571188', '2021');
INSERT INTO Book (book_id, title, author, publisher, isbn, published_date) VALUES (4, '채식주의자:한강 연작소설', '한강', '창비', '9788936433598', '2007');
INSERT INTO Book (book_id, title, author, publisher, isbn, published_date) VALUES (5, '채식주의자 :한강 장편소설', '지은이: 한강', '창비', '9788936434595', '2022');
INSERT INTO Book (book_id, title, author, publisher, isbn, published_date) VALUES (6, '이처럼 사소한 것들 :클레어 키건 소설', '지은이: 클레어 키건 ;옮긴이: 홍한별', '다산북스', '9791130646381', '2023');
INSERT INTO Book (book_id, title, author, publisher, isbn, published_date) VALUES (7, '불편한 편의점 :김호연 장편소설', '지은이: 김호연', '나무옆의자', '9791161571379', '2022');
INSERT INTO Book (book_id, title, author, publisher, isbn, published_date) VALUES (8, '희랍어 시간 :한강 장편소설', '지은이: 한강', '문학동네', '9788954616515', '2011');
INSERT INTO Book (book_id, title, author, publisher, isbn, published_date) VALUES (9, '이중 하나는 거짓말 :김애란 장편소설', '지은이: 김애란', '문학동네', '9791141601300', '2024');
INSERT INTO Book (book_id, title, author, publisher, isbn, published_date) VALUES (10, '흔한남매', '원작: 흔한남매 ;그림: 유난희', '미래엔', '9791168416369', '2019');
INSERT INTO Book (book_id, title, author, publisher, isbn, published_date) VALUES (11, '홍학의 자리 :정해연 장편소설', '지은이: 정해연', '문학동네', '9788954681155', '2021');
INSERT INTO Book (book_id, title, author, publisher, isbn, published_date) VALUES (12, '흰 :한강 소설', '지은이: 한강', '문학동네', '9788954651134', '2018');
INSERT INTO Book (book_id, title, author, publisher, isbn, published_date) VALUES (13, '모순 :양귀자 장편소설', '지은이: 양귀자', '쓰다', '9788998441012', '2013');
INSERT INTO Book (book_id, title, author, publisher, isbn, published_date) VALUES (14, '바람이 분다, 가라 :한강 장편소설', '한강', '문학과지성사', '9788932020006', '2010');
INSERT INTO Book (book_id, title, author, publisher, isbn, published_date) VALUES (15, '마흔에 읽는 쇼펜하우어 :마음의 위기를 다스리는 철학 수업', '강용수 지음', '유노콘텐츠그룹', '9791192300818', '2023');
INSERT INTO Book (book_id, title, author, publisher, isbn, published_date) VALUES (16, '달러구트 꿈 백화점 :주문하신 꿈은 매진입니다', '지은이: 이미예', '팩토리나인', '9791165341909', '2020');
INSERT INTO Book (book_id, title, author, publisher, isbn, published_date) VALUES (17, '고양이 해결사 깜냥', '홍민정 동화 ;김재희 그림', '창비', '9788936447694', '2020');
INSERT INTO Book (book_id, title, author, publisher, isbn, published_date) VALUES (18, '영원한 천국 :정유정 장편소설', '지은이: 정유정', '은행나무', '9791167374561', '2024');
INSERT INTO Book (book_id, title, author, publisher, isbn, published_date) VALUES (19, '두 사람의 인터내셔널 :김기태 소설', '지은이: 김기태', '문학동네', '9788954697941', '2024');
INSERT INTO Book (book_id, title, author, publisher, isbn, published_date) VALUES (20, '대온실 수리 보고서 :김금희 장편소설', '지은이: 김금희', '창비', '9788936439651', '2024');
INSERT INTO Book (book_id, title, author, publisher, isbn, published_date) VALUES (21, '나의 돈키호테 :김호연 장편소설', '지은이: 김호연', '나무옆의자', '9791161571768', '2024');
INSERT INTO Book (book_id, title, author, publisher, isbn, published_date) VALUES (22, '아버지의 해방일지 :정지아 장편소설', '지은이: 정지아', '창비', '9788936438838', '2022');
INSERT INTO Book (book_id, title, author, publisher, isbn, published_date) VALUES (23, '퓨처 셀프 :현재와 미래가 달라지는 놀라운 혁명', '벤저민 하디 지음 ;최은아 옮김', '상상스퀘어', '9791192389325', '2023');
INSERT INTO Book (book_id, title, author, publisher, isbn, published_date) VALUES (24, '밝은 밤 :최은영 장편소설', '지은이: 최은영', '문학동네', '9788954681179', '2021');
INSERT INTO Book (book_id, title, author, publisher, isbn, published_date) VALUES (25, '나는 메트로폴리탄 미술관의 경비원입니다 :가장 경이로운 세계 속으로 숨어버린 한 남자의 이야기', '패트릭 브링리 지음 ;조현주 옮김', '웅진씽크빅', '9788901276533', '2023');
INSERT INTO Book (book_id, title, author, publisher, isbn, published_date) VALUES (26, '당신이 누군가를 죽였다', '지은이: 히가시노 게이고 ;옮긴이: 최고은', '교보문고', '9791170611561', '2024');
INSERT INTO Book (book_id, title, author, publisher, isbn, published_date) VALUES (27, '고전이 답했다 :마땅히 살아야 할 삶에 대하여', '고명환 지음', '라곰', '9791193939130', '2024');
INSERT INTO Book (book_id, title, author, publisher, isbn, published_date) VALUES (28, '(2500년 동안 사랑받은) 초역 부처의 말 :행복으로 가는 길은 없다 행복이 곧 길이다', '코이케 류노스케 지음 ;박재현 옮김', '콘텐츠그룹 포레스트', '9791193506516', '2024');
INSERT INTO Book (book_id, title, author, publisher, isbn, published_date) VALUES (29, '지구 끝의 온실 :김초엽 장편소설', '지은이: 김초엽', 'Giant Books(자이언트북스)', '9791191824001', '2021');
INSERT INTO Book (book_id, title, author, publisher, isbn, published_date) VALUES (30, '물고기는 존재하지 않는다 :상실, 사랑 그리고 숨어 있는 삶의 질서에 관한 이야기', '룰루 밀러 지음 ;정지인 옮김', '곰출판', '9791189327156', '2021');
INSERT INTO Book (book_id, title, author, publisher, isbn, published_date) VALUES (31, '아몬드 :손원평 장편소설', '지은이: 손원평', '창비', '9788936434267', '2017');
INSERT INTO Book (book_id, title, author, publisher, isbn, published_date) VALUES (32, '언젠가 우리가 같은 별을 바라본다면 :차인표 장편소설', '글: 차인표', '해결책', '9791191061048', '2021');
INSERT INTO Book (book_id, title, author, publisher, isbn, published_date) VALUES (33, '도둑맞은 집중력 :집중력 위기의 시대, 삶의 주도권을 되찾는 법', '요한 하리 지음 ;김하현 옮김', '어크로스(어크로스출판그룹)', '9791167740984', '2023');
INSERT INTO Book (book_id, title, author, publisher, isbn, published_date) VALUES (34, '죽이고 싶은 아이 :이꽃님 장편소설', '지은이: 이꽃님', '우리학교', '9791167552723', '2024');
INSERT INTO Book (book_id, title, author, publisher, isbn, published_date) VALUES (35, '순례 주택 :유은실 소설', '지은이: 유은실', '비룡소', '9788949123493', '2021');
INSERT INTO Book (book_id, title, author, publisher, isbn, published_date) VALUES (36, '어른의 행복은 조용하다', '글: 태수', '페이지2북스', '9791169851053', '2024');
INSERT INTO Book (book_id, title, author, publisher, isbn, published_date) VALUES (37, '똥볶이 할멈 :K-히어로 판타지', '글: 강효미 ;그림: 김무연', '따끈따끈책방', '9791190409124', '2021');
INSERT INTO Book (book_id, title, author, publisher, isbn, published_date) VALUES (38, '맡겨진 소녀 :클레어 키건 소설', '지은이: 클레어 키건 ;옮긴이: 허진', '다산북스', '9791130698199', '2023');
INSERT INTO Book (book_id, title, author, publisher, isbn, published_date) VALUES (39, '즐거운 어른 :이옥선 산문', '지은이: 이옥선', '이야기장수', '9791194184034', '2024');
INSERT INTO Book (book_id, title, author, publisher, isbn, published_date) VALUES (40, '에그박사 :Egg&bugs', '원작: 에그박사 ;그림: 홍종현', '미래엔', '9791168417984', '2020');
INSERT INTO Book (book_id, title, author, publisher, isbn, published_date) VALUES (41, '설민석의 한국사 대모험', '글: 설민석,그림: 정현희', '휴먼큐브', '9791195794799', '2017');
INSERT INTO Book (book_id, title, author, publisher, isbn, published_date) VALUES (42, '넥서스 =석기시대부터 AI까지, 정보 네트워크로 보는 인류 역사', '지은이: 유발 하라리 ;옮긴이: 김명주', '김영사', '9791194330424', '2024');
INSERT INTO Book (book_id, title, author, publisher, isbn, published_date) VALUES (43, '메리골드 마음 세탁소 =윤정은 장편소설 /Marigold mind laundry', '글: 윤정은', '북로망스', '9791191891287', '2023');
INSERT INTO Book (book_id, title, author, publisher, isbn, published_date) VALUES (44, '종의 기원 =정유정 장편소설 /The origin of species', '지은이: 정유정', '은행나무', '9788956609959', '2016');
INSERT INTO Book (book_id, title, author, publisher, isbn, published_date) VALUES (45, '체리새우 :황영미 장편소설', '지은이: 황영미', '문학동네', '9788954654753', '2019');
INSERT INTO Book (book_id, title, author, publisher, isbn, published_date) VALUES (46, '세이노의 가르침 :피보다 진하게 살아라', '세이노 지음', '데이원', '9791168473690', '2023');
INSERT INTO Book (book_id, title, author, publisher, isbn, published_date) VALUES (47, '돈의 속성 :최상위 부자가 말하는 돈에 대한 모든 것', '지은이: 김승호', 'Snowfox(스노우폭스북스)', '9791188331796', '2020');
INSERT INTO Book (book_id, title, author, publisher, isbn, published_date) VALUES (48, '급류 :정대건 장편소설', '지은이: 정대건', '민음사', '9788937473401', '2022');
INSERT INTO Book (book_id, title, author, publisher, isbn, published_date) VALUES (49, '불변의 법칙 :절대 변하지 않는 것들에 대한 23가지 이야기', '지은이: 모건 하우절 ;옮긴이: 이수경', '서삼독', '9791198517425', '2024');
INSERT INTO Book (book_id, title, author, publisher, isbn, published_date) VALUES (50, '돈의 심리학 :당신은 왜 부자가 되지 못했는가', '모건 하우절 지음 ;이지연 옮김', '인플루엔셜', '9791191056372', '2021');
INSERT INTO Book (book_id, title, author, publisher, isbn, published_date) VALUES (51, '천 개의 파랑 :천선란 장편소설', '지은이: 천선란', '허블', '9791190090261', '2020');
INSERT INTO Book (book_id, title, author, publisher, isbn, published_date) VALUES (52, '어서오세요, 휴남동 서점입니다 :황보름 장편소설', '지은이: 황보름', '클레이하우스', '9791197377143', '2022');
INSERT INTO Book (book_id, title, author, publisher, isbn, published_date) VALUES (53, '저속노화 식사법 :노년내과 의사가 알려주는 기적의 식단 혁명', '정희원 지음', '문학동네', '9791141606862', '2024');
INSERT INTO Book (book_id, title, author, publisher, isbn, published_date) VALUES (54, '서랍에 저녁을 넣어 두었다 :한강 시집', '지은이: 한강', '문학과지성사', '9788932024639', '2013');
INSERT INTO Book (book_id, title, author, publisher, isbn, published_date) VALUES (55, '비스킷', '글: 김선미', '위즈덤하우스', '9791168127630', '2023');
INSERT INTO Book (book_id, title, author, publisher, isbn, published_date) VALUES (56, '한강', '지은이: 한강', '문학동네', '9788954693462', '2023');
INSERT INTO Book (book_id, title, author, publisher, isbn, published_date) VALUES (57, '당연하게도 나는 너를 :이꽃님 장편소설', '지은이: 이꽃님', '우리학교', '9791167550972', '2023');
INSERT INTO Book (book_id, title, author, publisher, isbn, published_date) VALUES (58, '아주 희미한 빛으로도 :최은영 소설', '지은이: 최은영', '문학동네', '9788954695053', '2023');
INSERT INTO Book (book_id, title, author, publisher, isbn, published_date) VALUES (59, '긴긴밤', '루리 글·그림', '문학동네', '9788954677158', '2021');
INSERT INTO Book (book_id, title, author, publisher, isbn, published_date) VALUES (60, '야옹이 수영 교실', '신현경 글 ;노예지 그림', '인플루엔셜', '9791168341180', '2023');
INSERT INTO Book (book_id, title, author, publisher, isbn, published_date) VALUES (61, '(이상한 과자 가게) 전천당', '히로시마 레이코 글 ;김정화 옮김', '길벗스쿨', '9791164060481', '2019');
INSERT INTO Book (book_id, title, author, publisher, isbn, published_date) VALUES (62, '세상의 마지막 기차역', '무라세 다케시 지음 ;김지연 옮김', '바이포엠 스튜디오', '9791191043754', '2022');
INSERT INTO Book (book_id, title, author, publisher, isbn, published_date) VALUES (63, '바다가 들리는 편의점', '마치다 소노코 지음 ;황국영 옮김', '바이포엠 스튜디오', '9791192579504', '2023');
INSERT INTO Book (book_id, title, author, publisher, isbn, published_date) VALUES (64, '세계를 건너 너에게 갈게 :이꽃님 장편소설', '글쓴이: 이꽃님', '문학동네', '9788954650212', '2018');
INSERT INTO Book (book_id, title, author, publisher, isbn, published_date) VALUES (65, '낭만 강아지 봉봉', '홍민정 글 ;김무연 그림', '다산북스', '9791130653433', '2022');
INSERT INTO Book (book_id, title, author, publisher, isbn, published_date) VALUES (66, '놓지 마 과학!', '글·그림: 신태훈,나승훈', '위즈덤하우스', '9791171712267', '2016');
INSERT INTO Book (book_id, title, author, publisher, isbn, published_date) VALUES (67, '그대의 차가운 손:한강 장편소설', '한강 지음', '문학과지성사', '9788932013046', '2002');
INSERT INTO Book (book_id, title, author, publisher, isbn, published_date) VALUES (68, '허송세월 :김훈 산문', '지은이: 김훈', '나남', '9788930041683', '2024');
INSERT INTO Book (book_id, title, author, publisher, isbn, published_date) VALUES (69, '완전한 행복 :정유정 장편소설', '지은이: 정유정', '은행나무', '9791167370280', '2021');
INSERT INTO Book (book_id, title, author, publisher, isbn, published_date) VALUES (70, '우리가 빛의 속도로 갈 수 없다면 :김초엽 소설', '지은이: 김초엽', '허블', '9791190090018', '2019');
INSERT INTO Book (book_id, title, author, publisher, isbn, published_date) VALUES (71, '사피엔스 :유인원에서 사이보그까지, 인간 역사의 대담하고 위대한 질문', '지은이: 유발 하라리 ;옮긴이: 조현욱', '김영사', '9788934972464', '2015');
INSERT INTO Book (book_id, title, author, publisher, isbn, published_date) VALUES (72, '달러구트 꿈 백화점 :이미예 장편소설', '지은이: 이미예', '팩토리나인', '9791165343729', '2021');
INSERT INTO Book (book_id, title, author, publisher, isbn, published_date) VALUES (73, '너에게 들려주는 단단한 말', '김종원 지음', '퍼스트펭귄', '9791198682550', '2024');
INSERT INTO Book (book_id, title, author, publisher, isbn, published_date) VALUES (74, '바깥은 여름 :김애란 소설', '지은이: 김애란', '문학동네', '9788954646079', '2017');
INSERT INTO Book (book_id, title, author, publisher, isbn, published_date) VALUES (75, '아홉 살 마음 사전', '박성우 글 ;김효은 그림', '창비', '9788936447014', '2017');
INSERT INTO Book (book_id, title, author, publisher, isbn, published_date) VALUES (76, '슈뻘맨의 숨은 과학 찾기 :엉뚱 도전 속에 숨은 과학 상식', '슈뻘맨 원작 ;류수형 그림', '미래엔', '9791168417786', '2023');
INSERT INTO Book (book_id, title, author, publisher, isbn, published_date) VALUES (77, '여름을 한 입 베어 물었더니 :이꽃님 장편소설', '글쓴이: 이꽃님', '문학동네', '9788954694575', '2023');
INSERT INTO Book (book_id, title, author, publisher, isbn, published_date) VALUES (78, '아주 작은 습관의 힘 :최고의 변화는 어떻게 만들어지는가', '제임스 클리어 지음 ;이한이 옮김', '비즈니스북스', '9791162540640', '2019');
INSERT INTO Book (book_id, title, author, publisher, isbn, published_date) VALUES (79, '여수의 사랑 :한강 소설집', '지은이: 한강', '문학과지성사', '9788932034812', '2018');
INSERT INTO Book (book_id, title, author, publisher, isbn, published_date) VALUES (80, '나미야 잡화점의 기적 :히가시노 게이고 장편소설', '지은이: 히가시노 게이고 ;옮긴이: 양윤옥', '현대문학', '9788972756194', '2012');
INSERT INTO Book (book_id, title, author, publisher, isbn, published_date) VALUES (81, '우연은 비켜 가지 않는다 :줄리언 반스 장편소설', '지은이: 줄리언 반스 ;옮긴이: 정영목', '다산북스', '9791130655925', '2024');
INSERT INTO Book (book_id, title, author, publisher, isbn, published_date) VALUES (82, '작은 땅의 야수들 :김주혜 장편소설', '지은이: 김주혜 ;옮긴이: 박소현', '다산북스', '9791130693927', '2022');
INSERT INTO Book (book_id, title, author, publisher, isbn, published_date) VALUES (83, '츠츠츠츠 :이지은 그림책', '글·그림: 이지은', '사계절(사계절출판사)', '9791169812085', '2024');
INSERT INTO Book (book_id, title, author, publisher, isbn, published_date) VALUES (84, '호랑이 빵집', '글: 서지원 ;그림: 홍그림', '지학사', '9791162041376', '2023');
INSERT INTO Book (book_id, title, author, publisher, isbn, published_date) VALUES (85, '이 지랄맞음이 쌓여 축제가 되겠지 :조승리 에세이', '글: 조승리', '달 출판사', '9791158161767', '2024');
INSERT INTO Book (book_id, title, author, publisher, isbn, published_date) VALUES (86, '국어 잘하는 아이가 이깁니다 :''갓민애'' 교수의 초등 국어 달인 만들기', '나민애 지음', '김영사', '9788934965404', '2024');
INSERT INTO Book (book_id, title, author, publisher, isbn, published_date) VALUES (87, '대도시의 사랑법 :박상영 연작소설', '지은이: 박상영', '창비', '9788936437978', '2019');
INSERT INTO Book (book_id, title, author, publisher, isbn, published_date) VALUES (88, '시선으로부터, :정세랑 장편소설', '지은이: 정세랑', '문학동네', '9788954672214', '2020');
INSERT INTO Book (book_id, title, author, publisher, isbn, published_date) VALUES (89, '(신기한 맛) 도깨비 식당', '김용세,센개 그림', '꿈터', '9791167390615', '2022');
INSERT INTO Book (book_id, title, author, publisher, isbn, published_date) VALUES (90, '내 여자의 열매 :한강 소설집', '지은이: 한강', '문학과지성사', '9788932034829', '2018');
INSERT INTO Book (book_id, title, author, publisher, isbn, published_date) VALUES (91, '그의 운명에 대한 아주 개인적인 생각', '지은이: 유시민', '아름다운사람들', '9788965138068', '2024');
INSERT INTO Book (book_id, title, author, publisher, isbn, published_date) VALUES (92, '백앤아 :교양이 층층 쌓이는 점프 맵', '원작: 백앤아 ;그림: 돌만', '샌드박스네트워크', '9791192504230', '2023');
INSERT INTO Book (book_id, title, author, publisher, isbn, published_date) VALUES (93, '빨간내복야코 맞춤법 절대 안 틀리는 책', '빨간내복야코 원작 ;이영아 그림', '위즈덤하우스', '9791171711451', '2024');
INSERT INTO Book (book_id, title, author, publisher, isbn, published_date) VALUES (94, '불안 세대 :디지털 세계는 우리 아이들을 어떻게 병들게 하는가', '조너선 하이트 지음 ;이충호 옮김', '웅진씽크빅', '9788901285894', '2024');
INSERT INTO Book (book_id, title, author, publisher, isbn, published_date) VALUES (95, '(읽으면서 바로 써먹는) 어린이 감정 표현', '글·그림: 한날', '파란정원', '9791158682842', '2024');
INSERT INTO Book (book_id, title, author, publisher, isbn, published_date) VALUES (96, '마녀와의 7일 :히가시노 게이고 장편소설', '지은이: 히가시노 게이고 ;옮긴이: 양윤옥', '현대문학', '9791167902573', '2024');
INSERT INTO Book (book_id, title, author, publisher, isbn, published_date) VALUES (97, '탕비실 :이미예 소설', '지은이: 이미예', '오팬하우스', '9791198809940', '2024');
INSERT INTO Book (book_id, title, author, publisher, isbn, published_date) VALUES (98, '파친코 :이민진 장편소설', '이민진 지음 ;이미정 옮김', '문학사상', '9788970129815', '2018');
INSERT INTO Book (book_id, title, author, publisher, isbn, published_date) VALUES (99, '(추리 천재) 엉덩이 탐정', '트롤 글·그림 ;김정화 옮김', '미래엔', '9791164137053', '2016');
INSERT INTO Book (book_id, title, author, publisher, isbn, published_date) VALUES (100, '신기한 맛 도깨비 식당 8', '김용세, 김병섭 (지은이), 센개 (그림)', '꿈터', '9791167391209', '2024');

-- UsedBook 테이블 데이터
INSERT INTO UsedBook (used_book_id, book_id, price, registered_date, status) VALUES (1, 1, 13600, '2015-10-14', '판매중');
INSERT INTO UsedBook (used_book_id, book_id, price, registered_date, status) VALUES (2, 1, 5400, '2021-04-07', '판매완료');
INSERT INTO UsedBook (used_book_id, book_id, price, registered_date, status) VALUES (3, 1, 15500, '2024-11-09', '판매완료');
INSERT INTO UsedBook (used_book_id, book_id, price, registered_date, status) VALUES (4, 1, 8100, '2024-04-16', '판매중');
INSERT INTO UsedBook (used_book_id, book_id, price, registered_date, status) VALUES (5, 1, 5800, '2017-01-21', '판매중');
INSERT INTO UsedBook (used_book_id, book_id, price, registered_date, status) VALUES (6, 2, 7500, '2023-05-01', '판매중');
INSERT INTO UsedBook (used_book_id, book_id, price, registered_date, status) VALUES (7, 2, 15400, '2023-02-10', '판매완료');
INSERT INTO UsedBook (used_book_id, book_id, price, registered_date, status) VALUES (8, 2, 18700, '2024-01-30', '판매중');
INSERT INTO UsedBook (used_book_id, book_id, price, registered_date, status) VALUES (9, 2, 12900, '2025-05-19', '판매완료');
INSERT INTO UsedBook (used_book_id, book_id, price, registered_date, status) VALUES (10, 2, 5600, '2022-03-06', '판매중');
INSERT INTO UsedBook (used_book_id, book_id, price, registered_date, status) VALUES (11, 3, 12200, '2024-06-17', '판매완료');
INSERT INTO UsedBook (used_book_id, book_id, price, registered_date, status) VALUES (12, 3, 14700, '2025-02-17', '판매완료');
INSERT INTO UsedBook (used_book_id, book_id, price, registered_date, status) VALUES (13, 3, 5200, '2023-07-29', '판매중');
INSERT INTO UsedBook (used_book_id, book_id, price, registered_date, status) VALUES (14, 3, 15200, '2024-08-19', '판매중');
INSERT INTO UsedBook (used_book_id, book_id, price, registered_date, status) VALUES (15, 3, 18800, '2022-10-13', '판매중');
INSERT INTO UsedBook (used_book_id, book_id, price, registered_date, status) VALUES (16, 4, 13000, '2008-01-01', '판매중');
INSERT INTO UsedBook (used_book_id, book_id, price, registered_date, status) VALUES (17, 4, 10600, '2016-11-08', '판매중');
INSERT INTO UsedBook (used_book_id, book_id, price, registered_date, status) VALUES (18, 4, 11300, '2025-05-07', '판매완료');
INSERT INTO UsedBook (used_book_id, book_id, price, registered_date, status) VALUES (19, 4, 6600, '2016-03-22', '판매완료');
INSERT INTO UsedBook (used_book_id, book_id, price, registered_date, status) VALUES (20, 4, 10900, '2024-09-16', '판매중');
INSERT INTO UsedBook (used_book_id, book_id, price, registered_date, status) VALUES (21, 5, 5600, '2023-06-04', '판매중');
INSERT INTO UsedBook (used_book_id, book_id, price, registered_date, status) VALUES (22, 5, 15300, '2023-07-04', '판매완료');
INSERT INTO UsedBook (used_book_id, book_id, price, registered_date, status) VALUES (23, 5, 6200, '2025-04-19', '판매완료');
INSERT INTO UsedBook (used_book_id, book_id, price, registered_date, status) VALUES (24, 5, 7800, '2023-01-30', '판매중');
INSERT INTO UsedBook (used_book_id, book_id, price, registered_date, status) VALUES (25, 5, 12400, '2025-03-22', '판매중');
INSERT INTO UsedBook (used_book_id, book_id, price, registered_date, status) VALUES (26, 6, 7600, '2025-01-06', '판매완료');
INSERT INTO UsedBook (used_book_id, book_id, price, registered_date, status) VALUES (27, 6, 12900, '2025-02-08', '판매중');
INSERT INTO UsedBook (used_book_id, book_id, price, registered_date, status) VALUES (28, 6, 14200, '2025-04-23', '판매중');
INSERT INTO UsedBook (used_book_id, book_id, price, registered_date, status) VALUES (29, 6, 14300, '2025-03-19', '판매중');
INSERT INTO UsedBook (used_book_id, book_id, price, registered_date, status) VALUES (30, 6, 5400, '2024-07-07', '판매중');
INSERT INTO UsedBook (used_book_id, book_id, price, registered_date, status) VALUES (31, 7, 16200, '2023-05-22', '판매완료');
INSERT INTO UsedBook (used_book_id, book_id, price, registered_date, status) VALUES (32, 7, 9700, '2024-12-09', '판매중');
INSERT INTO UsedBook (used_book_id, book_id, price, registered_date, status) VALUES (33, 7, 9500, '2024-07-10', '판매중');
INSERT INTO UsedBook (used_book_id, book_id, price, registered_date, status) VALUES (34, 7, 11600, '2024-08-01', '판매중');
INSERT INTO UsedBook (used_book_id, book_id, price, registered_date, status) VALUES (35, 7, 10400, '2024-04-12', '판매완료');
INSERT INTO UsedBook (used_book_id, book_id, price, registered_date, status) VALUES (36, 8, 12400, '2021-04-17', '판매중');
INSERT INTO UsedBook (used_book_id, book_id, price, registered_date, status) VALUES (37, 8, 9500, '2016-04-16', '판매완료');
INSERT INTO UsedBook (used_book_id, book_id, price, registered_date, status) VALUES (38, 8, 12500, '2023-09-27', '판매중');
INSERT INTO UsedBook (used_book_id, book_id, price, registered_date, status) VALUES (39, 8, 15000, '2025-04-18', '판매중');
INSERT INTO UsedBook (used_book_id, book_id, price, registered_date, status) VALUES (40, 8, 8800, '2014-07-21', '판매중');
INSERT INTO UsedBook (used_book_id, book_id, price, registered_date, status) VALUES (41, 9, 11400, '2025-02-19', '판매완료');
INSERT INTO UsedBook (used_book_id, book_id, price, registered_date, status) VALUES (42, 9, 13400, '2025-05-03', '판매중');
INSERT INTO UsedBook (used_book_id, book_id, price, registered_date, status) VALUES (43, 9, 18400, '2025-01-30', '판매완료');
INSERT INTO UsedBook (used_book_id, book_id, price, registered_date, status) VALUES (44, 9, 13200, '2025-01-02', '판매완료');
INSERT INTO UsedBook (used_book_id, book_id, price, registered_date, status) VALUES (45, 9, 6400, '2025-04-10', '판매중');
INSERT INTO UsedBook (used_book_id, book_id, price, registered_date, status) VALUES (46, 10, 6500, '2020-03-25', '판매완료');
INSERT INTO UsedBook (used_book_id, book_id, price, registered_date, status) VALUES (47, 10, 16300, '2025-05-13', '판매완료');
INSERT INTO UsedBook (used_book_id, book_id, price, registered_date, status) VALUES (48, 10, 7200, '2024-09-08', '판매중');
INSERT INTO UsedBook (used_book_id, book_id, price, registered_date, status) VALUES (49, 10, 10700, '2020-05-23', '판매중');
INSERT INTO UsedBook (used_book_id, book_id, price, registered_date, status) VALUES (50, 10, 9900, '2020-11-28', '판매중');
INSERT INTO UsedBook (used_book_id, book_id, price, registered_date, status) VALUES (51, 11, 10100, '2022-04-06', '판매완료');
INSERT INTO UsedBook (used_book_id, book_id, price, registered_date, status) VALUES (52, 11, 15000, '2022-09-20', '판매중');
INSERT INTO UsedBook (used_book_id, book_id, price, registered_date, status) VALUES (53, 11, 5100, '2022-08-26', '판매중');
INSERT INTO UsedBook (used_book_id, book_id, price, registered_date, status) VALUES (54, 11, 12000, '2022-07-21', '판매완료');
INSERT INTO UsedBook (used_book_id, book_id, price, registered_date, status) VALUES (55, 11, 9500, '2022-04-29', '판매완료');
INSERT INTO UsedBook (used_book_id, book_id, price, registered_date, status) VALUES (56, 12, 17500, '2024-02-26', '판매중');
INSERT INTO UsedBook (used_book_id, book_id, price, registered_date, status) VALUES (57, 12, 17700, '2022-10-09', '판매완료');
INSERT INTO UsedBook (used_book_id, book_id, price, registered_date, status) VALUES (58, 12, 9200, '2023-08-16', '판매완료');
INSERT INTO UsedBook (used_book_id, book_id, price, registered_date, status) VALUES (59, 12, 18400, '2019-08-18', '판매중');
INSERT INTO UsedBook (used_book_id, book_id, price, registered_date, status) VALUES (60, 12, 18800, '2020-01-02', '판매완료');
INSERT INTO UsedBook (used_book_id, book_id, price, registered_date, status) VALUES (61, 13, 16700, '2014-03-15', '판매중');
INSERT INTO UsedBook (used_book_id, book_id, price, registered_date, status) VALUES (62, 13, 11500, '2014-10-14', '판매완료');
INSERT INTO UsedBook (used_book_id, book_id, price, registered_date, status) VALUES (63, 13, 18400, '2022-04-22', '판매중');
INSERT INTO UsedBook (used_book_id, book_id, price, registered_date, status) VALUES (64, 13, 8000, '2014-06-28', '판매중');
INSERT INTO UsedBook (used_book_id, book_id, price, registered_date, status) VALUES (65, 13, 19100, '2022-06-27', '판매중');
INSERT INTO UsedBook (used_book_id, book_id, price, registered_date, status) VALUES (66, 14, 19500, '2022-07-04', '판매완료');
INSERT INTO UsedBook (used_book_id, book_id, price, registered_date, status) VALUES (67, 14, 9900, '2022-06-23', '판매완료');
INSERT INTO UsedBook (used_book_id, book_id, price, registered_date, status) VALUES (68, 14, 15500, '2022-11-17', '판매완료');
INSERT INTO UsedBook (used_book_id, book_id, price, registered_date, status) VALUES (69, 14, 9200, '2011-09-20', '판매중');
INSERT INTO UsedBook (used_book_id, book_id, price, registered_date, status) VALUES (70, 14, 16900, '2017-03-10', '판매완료');
INSERT INTO UsedBook (used_book_id, book_id, price, registered_date, status) VALUES (71, 15, 19500, '2025-03-06', '판매완료');
INSERT INTO UsedBook (used_book_id, book_id, price, registered_date, status) VALUES (72, 15, 5800, '2024-07-11', '판매중');
INSERT INTO UsedBook (used_book_id, book_id, price, registered_date, status) VALUES (73, 15, 19900, '2024-05-06', '판매완료');
INSERT INTO UsedBook (used_book_id, book_id, price, registered_date, status) VALUES (74, 15, 9800, '2024-08-11', '판매중');
INSERT INTO UsedBook (used_book_id, book_id, price, registered_date, status) VALUES (75, 15, 7300, '2024-12-05', '판매중');
INSERT INTO UsedBook (used_book_id, book_id, price, registered_date, status) VALUES (76, 16, 17200, '2023-03-24', '판매완료');
INSERT INTO UsedBook (used_book_id, book_id, price, registered_date, status) VALUES (77, 16, 5800, '2024-05-28', '판매중');
INSERT INTO UsedBook (used_book_id, book_id, price, registered_date, status) VALUES (78, 16, 9400, '2023-01-15', '판매중');
INSERT INTO UsedBook (used_book_id, book_id, price, registered_date, status) VALUES (79, 16, 6600, '2023-10-13', '판매중');
INSERT INTO UsedBook (used_book_id, book_id, price, registered_date, status) VALUES (80, 16, 15100, '2023-08-25', '판매중');
INSERT INTO UsedBook (used_book_id, book_id, price, registered_date, status) VALUES (81, 17, 9100, '2024-09-27', '판매완료');
INSERT INTO UsedBook (used_book_id, book_id, price, registered_date, status) VALUES (82, 17, 12500, '2021-05-07', '판매중');
INSERT INTO UsedBook (used_book_id, book_id, price, registered_date, status) VALUES (83, 17, 8100, '2025-05-17', '판매중');
INSERT INTO UsedBook (used_book_id, book_id, price, registered_date, status) VALUES (84, 17, 13700, '2023-06-05', '판매중');
INSERT INTO UsedBook (used_book_id, book_id, price, registered_date, status) VALUES (85, 17, 8500, '2021-01-03', '판매완료');
INSERT INTO UsedBook (used_book_id, book_id, price, registered_date, status) VALUES (86, 18, 19700, '2025-03-01', '판매완료');
INSERT INTO UsedBook (used_book_id, book_id, price, registered_date, status) VALUES (87, 18, 14800, '2025-02-21', '판매완료');
INSERT INTO UsedBook (used_book_id, book_id, price, registered_date, status) VALUES (88, 18, 14900, '2025-01-26', '판매중');
INSERT INTO UsedBook (used_book_id, book_id, price, registered_date, status) VALUES (89, 18, 13400, '2025-02-26', '판매완료');
INSERT INTO UsedBook (used_book_id, book_id, price, registered_date, status) VALUES (90, 18, 11200, '2025-03-22', '판매중');
INSERT INTO UsedBook (used_book_id, book_id, price, registered_date, status) VALUES (91, 19, 12200, '2025-03-12', '판매중');
INSERT INTO UsedBook (used_book_id, book_id, price, registered_date, status) VALUES (92, 19, 5600, '2025-01-03', '판매중');
INSERT INTO UsedBook (used_book_id, book_id, price, registered_date, status) VALUES (93, 19, 12800, '2025-04-24', '판매중');
INSERT INTO UsedBook (used_book_id, book_id, price, registered_date, status) VALUES (94, 19, 18500, '2025-04-04', '판매중');
INSERT INTO UsedBook (used_book_id, book_id, price, registered_date, status) VALUES (95, 19, 17100, '2025-02-05', '판매완료');
INSERT INTO UsedBook (used_book_id, book_id, price, registered_date, status) VALUES (96, 20, 12700, '2025-03-15', '판매중');
INSERT INTO UsedBook (used_book_id, book_id, price, registered_date, status) VALUES (97, 20, 6400, '2025-05-10', '판매중');
INSERT INTO UsedBook (used_book_id, book_id, price, registered_date, status) VALUES (98, 20, 13600, '2025-02-05', '판매완료');
INSERT INTO UsedBook (used_book_id, book_id, price, registered_date, status) VALUES (99, 20, 14300, '2025-01-19', '판매중');
INSERT INTO UsedBook (used_book_id, book_id, price, registered_date, status) VALUES (100, 20, 11500, '2025-02-14', '판매완료');
INSERT INTO UsedBook (used_book_id, book_id, price, registered_date, status) VALUES (101, 10, 7300, '2020-09-05', '판매중');
INSERT INTO UsedBook (used_book_id, book_id, price, registered_date, status) VALUES (102, 22, 5300, '2024-08-22', '판매중');
INSERT INTO UsedBook (used_book_id, book_id, price, registered_date, status) VALUES (103, 31, 14000, '2022-03-16', '판매완료');
INSERT INTO UsedBook (used_book_id, book_id, price, registered_date, status) VALUES (104, 45, 6400, '2020-09-26', '판매완료');
INSERT INTO UsedBook (used_book_id, book_id, price, registered_date, status) VALUES (105, 34, 19300, '2025-03-26', '판매중');
INSERT INTO UsedBook (used_book_id, book_id, price, registered_date, status) VALUES (106, 74, 19800, '2023-06-17', '판매완료');
INSERT INTO UsedBook (used_book_id, book_id, price, registered_date, status) VALUES (107, 31, 5700, '2024-03-07', '판매완료');
INSERT INTO UsedBook (used_book_id, book_id, price, registered_date, status) VALUES (108, 61, 8800, '2025-03-05', '판매중');
INSERT INTO UsedBook (used_book_id, book_id, price, registered_date, status) VALUES (109, 56, 14300, '2024-12-05', '판매완료');
INSERT INTO UsedBook (used_book_id, book_id, price, registered_date, status) VALUES (110, 34, 13600, '2025-02-12', '판매중');
INSERT INTO UsedBook (used_book_id, book_id, price, registered_date, status) VALUES (111, 23, 19700, '2024-04-11', '판매완료');
INSERT INTO UsedBook (used_book_id, book_id, price, registered_date, status) VALUES (112, 14, 12500, '2016-10-06', '판매중');
INSERT INTO UsedBook (used_book_id, book_id, price, registered_date, status) VALUES (113, 5, 17800, '2023-10-11', '판매완료');
INSERT INTO UsedBook (used_book_id, book_id, price, registered_date, status) VALUES (114, 19, 17300, '2025-02-13', '판매중');
INSERT INTO UsedBook (used_book_id, book_id, price, registered_date, status) VALUES (115, 20, 16500, '2025-02-25', '판매중');
INSERT INTO UsedBook (used_book_id, book_id, price, registered_date, status) VALUES (116, 92, 5500, '2024-09-13', '판매중');
INSERT INTO UsedBook (used_book_id, book_id, price, registered_date, status) VALUES (117, 81, 14300, '2025-01-03', '판매완료');
INSERT INTO UsedBook (used_book_id, book_id, price, registered_date, status) VALUES (118, 21, 5000, '2025-04-13', '판매중');
INSERT INTO UsedBook (used_book_id, book_id, price, registered_date, status) VALUES (119, 71, 17200, '2024-12-02', '판매중');
INSERT INTO UsedBook (used_book_id, book_id, price, registered_date, status) VALUES (120, 23, 8500, '2024-05-22', '판매완료');
INSERT INTO UsedBook (used_book_id, book_id, price, registered_date, status) VALUES (121, 36, 15500, '2025-01-12', '판매중');
INSERT INTO UsedBook (used_book_id, book_id, price, registered_date, status) VALUES (122, 78, 19100, '2025-04-27', '판매완료');
INSERT INTO UsedBook (used_book_id, book_id, price, registered_date, status) VALUES (123, 80, 19500, '2013-06-20', '판매중');
INSERT INTO UsedBook (used_book_id, book_id, price, registered_date, status) VALUES (124, 4, 14100, '2009-03-26', '판매중');
INSERT INTO UsedBook (used_book_id, book_id, price, registered_date, status) VALUES (125, 7, 18500, '2024-05-23', '판매중');
INSERT INTO UsedBook (used_book_id, book_id, price, registered_date, status) VALUES (126, 32, 18100, '2024-12-19', '판매중');
INSERT INTO UsedBook (used_book_id, book_id, price, registered_date, status) VALUES (127, 34, 13800, '2025-03-29', '판매완료');
INSERT INTO UsedBook (used_book_id, book_id, price, registered_date, status) VALUES (128, 60, 5200, '2025-03-03', '판매중');
INSERT INTO UsedBook (used_book_id, book_id, price, registered_date, status) VALUES (129, 40, 8700, '2024-10-01', '판매중');
INSERT INTO UsedBook (used_book_id, book_id, price, registered_date, status) VALUES (130, 85, 17000, '2025-02-26', '판매중');
INSERT INTO UsedBook (used_book_id, book_id, price, registered_date, status) VALUES (131, 91, 8000, '2025-02-15', '판매완료');
INSERT INTO UsedBook (used_book_id, book_id, price, registered_date, status) VALUES (132, 56, 15200, '2024-07-17', '판매중');
INSERT INTO UsedBook (used_book_id, book_id, price, registered_date, status) VALUES (133, 4, 13500, '2013-12-16', '판매완료');
INSERT INTO UsedBook (used_book_id, book_id, price, registered_date, status) VALUES (134, 56, 15400, '2024-03-27', '판매완료');
INSERT INTO UsedBook (used_book_id, book_id, price, registered_date, status) VALUES (135, 66, 14200, '2024-10-25', '판매중');
INSERT INTO UsedBook (used_book_id, book_id, price, registered_date, status) VALUES (136, 94, 5100, '2025-03-18', '판매중');
INSERT INTO UsedBook (used_book_id, book_id, price, registered_date, status) VALUES (137, 79, 17000, '2020-08-17', '판매완료');
INSERT INTO UsedBook (used_book_id, book_id, price, registered_date, status) VALUES (138, 41, 13900, '2024-06-04', '판매중');
INSERT INTO UsedBook (used_book_id, book_id, price, registered_date, status) VALUES (139, 39, 10200, '2025-02-01', '판매중');
INSERT INTO UsedBook (used_book_id, book_id, price, registered_date, status) VALUES (140, 64, 15700, '2020-07-23', '판매완료');
INSERT INTO UsedBook (used_book_id, book_id, price, registered_date, status) VALUES (141, 11, 17500, '2023-08-26', '판매완료');
INSERT INTO UsedBook (used_book_id, book_id, price, registered_date, status) VALUES (142, 99, 18800, '2019-06-28', '판매중');
INSERT INTO UsedBook (used_book_id, book_id, price, registered_date, status) VALUES (143, 100, 6300, '2025-05-02', '판매중');
INSERT INTO UsedBook (used_book_id, book_id, price, registered_date, status) VALUES (144, 46, 9600, '2024-12-22', '판매중');
INSERT INTO UsedBook (used_book_id, book_id, price, registered_date, status) VALUES (145, 40, 10400, '2023-03-10', '판매완료');
INSERT INTO UsedBook (used_book_id, book_id, price, registered_date, status) VALUES (146, 23, 14000, '2024-04-05', '판매중');
INSERT INTO UsedBook (used_book_id, book_id, price, registered_date, status) VALUES (147, 73, 6200, '2025-02-01', '판매완료');
INSERT INTO UsedBook (used_book_id, book_id, price, registered_date, status) VALUES (148, 20, 9700, '2025-03-03', '판매중');
INSERT INTO UsedBook (used_book_id, book_id, price, registered_date, status) VALUES (149, 93, 12700, '2025-05-11', '판매완료');
INSERT INTO UsedBook (used_book_id, book_id, price, registered_date, status) VALUES (150, 28, 8500, '2025-01-04', '판매중');
INSERT INTO UsedBook (used_book_id, book_id, price, registered_date, status) VALUES (151, 85, 10400, '2025-03-05', '판매중');
INSERT INTO UsedBook (used_book_id, book_id, price, registered_date, status) VALUES (152, 4, 17400, '2010-04-10', '판매중');
INSERT INTO UsedBook (used_book_id, book_id, price, registered_date, status) VALUES (153, 52, 6700, '2023-05-09', '판매완료');
INSERT INTO UsedBook (used_book_id, book_id, price, registered_date, status) VALUES (154, 84, 11200, '2024-05-28', '판매완료');
INSERT INTO UsedBook (used_book_id, book_id, price, registered_date, status) VALUES (155, 4, 19500, '2008-04-27', '판매중');
INSERT INTO UsedBook (used_book_id, book_id, price, registered_date, status) VALUES (156, 21, 11400, '2025-04-03', '판매완료');
INSERT INTO UsedBook (used_book_id, book_id, price, registered_date, status) VALUES (157, 3, 5300, '2025-05-07', '판매중');
INSERT INTO UsedBook (used_book_id, book_id, price, registered_date, status) VALUES (158, 70, 12800, '2022-09-24', '판매중');
INSERT INTO UsedBook (used_book_id, book_id, price, registered_date, status) VALUES (159, 64, 15400, '2023-07-05', '판매완료');
INSERT INTO UsedBook (used_book_id, book_id, price, registered_date, status) VALUES (160, 51, 8100, '2021-04-04', '판매중');
INSERT INTO UsedBook (used_book_id, book_id, price, registered_date, status) VALUES (161, 79, 5100, '2022-03-30', '판매중');
INSERT INTO UsedBook (used_book_id, book_id, price, registered_date, status) VALUES (162, 47, 16400, '2025-02-06', '판매중');
INSERT INTO UsedBook (used_book_id, book_id, price, registered_date, status) VALUES (163, 39, 12800, '2025-04-17', '판매중');
INSERT INTO UsedBook (used_book_id, book_id, price, registered_date, status) VALUES (164, 43, 12300, '2024-04-27', '판매중');
INSERT INTO UsedBook (used_book_id, book_id, price, registered_date, status) VALUES (165, 14, 7000, '2023-04-06', '판매중');
INSERT INTO UsedBook (used_book_id, book_id, price, registered_date, status) VALUES (166, 29, 19400, '2022-03-19', '판매중');
INSERT INTO UsedBook (used_book_id, book_id, price, registered_date, status) VALUES (167, 14, 14200, '2013-08-20', '판매중');
INSERT INTO UsedBook (used_book_id, book_id, price, registered_date, status) VALUES (168, 94, 19500, '2025-01-13', '판매완료');
INSERT INTO UsedBook (used_book_id, book_id, price, registered_date, status) VALUES (169, 7, 6700, '2025-05-14', '판매중');
INSERT INTO UsedBook (used_book_id, book_id, price, registered_date, status) VALUES (170, 32, 15700, '2023-04-14', '판매중');
INSERT INTO UsedBook (used_book_id, book_id, price, registered_date, status) VALUES (171, 62, 6100, '2023-02-20', '판매완료');
INSERT INTO UsedBook (used_book_id, book_id, price, registered_date, status) VALUES (172, 39, 6300, '2025-02-01', '판매중');
INSERT INTO UsedBook (used_book_id, book_id, price, registered_date, status) VALUES (173, 32, 9900, '2024-03-27', '판매완료');
INSERT INTO UsedBook (used_book_id, book_id, price, registered_date, status) VALUES (174, 77, 19600, '2024-01-07', '판매완료');
INSERT INTO UsedBook (used_book_id, book_id, price, registered_date, status) VALUES (175, 31, 5600, '2024-03-18', '판매중');
INSERT INTO UsedBook (used_book_id, book_id, price, registered_date, status) VALUES (176, 77, 8600, '2024-08-13', '판매중');
INSERT INTO UsedBook (used_book_id, book_id, price, registered_date, status) VALUES (177, 34, 6100, '2025-02-19', '판매완료');
INSERT INTO UsedBook (used_book_id, book_id, price, registered_date, status) VALUES (178, 35, 17900, '2023-08-10', '판매중');
INSERT INTO UsedBook (used_book_id, book_id, price, registered_date, status) VALUES (179, 97, 15700, '2025-01-16', '판매중');
INSERT INTO UsedBook (used_book_id, book_id, price, registered_date, status) VALUES (180, 71, 6100, '2017-08-27', '판매중');
INSERT INTO UsedBook (used_book_id, book_id, price, registered_date, status) VALUES (181, 90, 13200, '2022-11-03', '판매완료');
INSERT INTO UsedBook (used_book_id, book_id, price, registered_date, status) VALUES (182, 91, 12900, '2025-02-25', '판매완료');
INSERT INTO UsedBook (used_book_id, book_id, price, registered_date, status) VALUES (183, 52, 13400, '2023-08-07', '판매완료');
INSERT INTO UsedBook (used_book_id, book_id, price, registered_date, status) VALUES (184, 14, 5500, '2015-08-22', '판매완료');
INSERT INTO UsedBook (used_book_id, book_id, price, registered_date, status) VALUES (185, 93, 15700, '2025-01-07', '판매완료');
INSERT INTO UsedBook (used_book_id, book_id, price, registered_date, status) VALUES (186, 17, 10100, '2024-11-25', '판매완료');
INSERT INTO UsedBook (used_book_id, book_id, price, registered_date, status) VALUES (187, 94, 12200, '2025-05-17', '판매중');
INSERT INTO UsedBook (used_book_id, book_id, price, registered_date, status) VALUES (188, 87, 18100, '2025-03-14', '판매완료');
INSERT INTO UsedBook (used_book_id, book_id, price, registered_date, status) VALUES (189, 60, 15400, '2024-07-24', '판매중');
INSERT INTO UsedBook (used_book_id, book_id, price, registered_date, status) VALUES (190, 92, 13600, '2024-02-08', '판매중');
INSERT INTO UsedBook (used_book_id, book_id, price, registered_date, status) VALUES (191, 97, 6400, '2025-05-10', '판매완료');
INSERT INTO UsedBook (used_book_id, book_id, price, registered_date, status) VALUES (192, 92, 11000, '2025-02-27', '판매완료');
INSERT INTO UsedBook (used_book_id, book_id, price, registered_date, status) VALUES (193, 81, 16600, '2025-03-18', '판매완료');
INSERT INTO UsedBook (used_book_id, book_id, price, registered_date, status) VALUES (194, 38, 10800, '2024-11-13', '판매완료');
INSERT INTO UsedBook (used_book_id, book_id, price, registered_date, status) VALUES (195, 33, 18000, '2024-01-18', '판매중');
INSERT INTO UsedBook (used_book_id, book_id, price, registered_date, status) VALUES (196, 29, 7900, '2025-04-01', '판매중');
INSERT INTO UsedBook (used_book_id, book_id, price, registered_date, status) VALUES (197, 39, 8600, '2025-03-12', '판매완료');
INSERT INTO UsedBook (used_book_id, book_id, price, registered_date, status) VALUES (198, 56, 15000, '2024-09-07', '판매완료');
INSERT INTO UsedBook (used_book_id, book_id, price, registered_date, status) VALUES (199, 51, 13600, '2024-05-05', '판매중');
INSERT INTO UsedBook (used_book_id, book_id, price, registered_date, status) VALUES (200, 65, 5500, '2023-05-18', '판매중');
INSERT INTO UsedBook (used_book_id, book_id, price, registered_date, status) VALUES (201, 33, 6700, '2025-04-23', '판매중');
INSERT INTO UsedBook (used_book_id, book_id, price, registered_date, status) VALUES (202, 84, 9600, '2025-01-19', '판매완료');
INSERT INTO UsedBook (used_book_id, book_id, price, registered_date, status) VALUES (203, 24, 6300, '2022-11-23', '판매중');
INSERT INTO UsedBook (used_book_id, book_id, price, registered_date, status) VALUES (204, 15, 6500, '2024-01-28', '판매완료');
INSERT INTO UsedBook (used_book_id, book_id, price, registered_date, status) VALUES (205, 71, 17200, '2023-07-14', '판매완료');
INSERT INTO UsedBook (used_book_id, book_id, price, registered_date, status) VALUES (206, 17, 8200, '2022-02-09', '판매중');
INSERT INTO UsedBook (used_book_id, book_id, price, registered_date, status) VALUES (207, 1, 18600, '2015-05-01', '판매완료');
INSERT INTO UsedBook (used_book_id, book_id, price, registered_date, status) VALUES (208, 68, 18600, '2025-01-08', '판매중');
INSERT INTO UsedBook (used_book_id, book_id, price, registered_date, status) VALUES (209, 28, 15900, '2025-02-20', '판매완료');
INSERT INTO UsedBook (used_book_id, book_id, price, registered_date, status) VALUES (210, 44, 6200, '2022-02-14', '판매중');
INSERT INTO UsedBook (used_book_id, book_id, price, registered_date, status) VALUES (211, 43, 13900, '2024-10-28', '판매완료');
INSERT INTO UsedBook (used_book_id, book_id, price, registered_date, status) VALUES (212, 50, 15800, '2022-03-27', '판매완료');
INSERT INTO UsedBook (used_book_id, book_id, price, registered_date, status) VALUES (213, 24, 16400, '2023-06-04', '판매중');
INSERT INTO UsedBook (used_book_id, book_id, price, registered_date, status) VALUES (214, 54, 14200, '2025-02-20', '판매완료');
INSERT INTO UsedBook (used_book_id, book_id, price, registered_date, status) VALUES (215, 93, 10100, '2025-05-03', '판매중');
INSERT INTO UsedBook (used_book_id, book_id, price, registered_date, status) VALUES (216, 34, 7100, '2025-03-30', '판매완료');
INSERT INTO UsedBook (used_book_id, book_id, price, registered_date, status) VALUES (217, 8, 7800, '2023-07-20', '판매완료');
INSERT INTO UsedBook (used_book_id, book_id, price, registered_date, status) VALUES (218, 69, 15800, '2024-11-18', '판매중');
INSERT INTO UsedBook (used_book_id, book_id, price, registered_date, status) VALUES (219, 55, 13800, '2024-06-05', '판매완료');
INSERT INTO UsedBook (used_book_id, book_id, price, registered_date, status) VALUES (220, 66, 14100, '2020-09-05', '판매중');
INSERT INTO UsedBook (used_book_id, book_id, price, registered_date, status) VALUES (221, 25, 15900, '2025-01-02', '판매중');
INSERT INTO UsedBook (used_book_id, book_id, price, registered_date, status) VALUES (222, 44, 7400, '2023-05-26', '판매완료');
INSERT INTO UsedBook (used_book_id, book_id, price, registered_date, status) VALUES (223, 65, 6400, '2024-10-14', '판매완료');
INSERT INTO UsedBook (used_book_id, book_id, price, registered_date, status) VALUES (224, 100, 7800, '2025-01-22', '판매완료');
INSERT INTO UsedBook (used_book_id, book_id, price, registered_date, status) VALUES (225, 77, 16900, '2025-03-05', '판매완료');
INSERT INTO UsedBook (used_book_id, book_id, price, registered_date, status) VALUES (226, 17, 6900, '2022-07-04', '판매완료');
INSERT INTO UsedBook (used_book_id, book_id, price, registered_date, status) VALUES (227, 71, 7900, '2022-05-26', '판매중');
INSERT INTO UsedBook (used_book_id, book_id, price, registered_date, status) VALUES (228, 75, 8500, '2024-07-22', '판매중');
INSERT INTO UsedBook (used_book_id, book_id, price, registered_date, status) VALUES (229, 34, 12200, '2025-01-27', '판매완료');
INSERT INTO UsedBook (used_book_id, book_id, price, registered_date, status) VALUES (230, 97, 17000, '2025-05-09', '판매중');
INSERT INTO UsedBook (used_book_id, book_id, price, registered_date, status) VALUES (231, 98, 5200, '2019-12-31', '판매중');
INSERT INTO UsedBook (used_book_id, book_id, price, registered_date, status) VALUES (232, 76, 17500, '2025-04-02', '판매중');
INSERT INTO UsedBook (used_book_id, book_id, price, registered_date, status) VALUES (233, 89, 15900, '2024-07-19', '판매완료');
INSERT INTO UsedBook (used_book_id, book_id, price, registered_date, status) VALUES (234, 78, 8300, '2021-12-24', '판매중');
INSERT INTO UsedBook (used_book_id, book_id, price, registered_date, status) VALUES (235, 2, 5800, '2022-01-09', '판매중');
INSERT INTO UsedBook (used_book_id, book_id, price, registered_date, status) VALUES (236, 89, 12800, '2024-03-05', '판매중');
INSERT INTO UsedBook (used_book_id, book_id, price, registered_date, status) VALUES (237, 22, 14800, '2023-11-30', '판매완료');
INSERT INTO UsedBook (used_book_id, book_id, price, registered_date, status) VALUES (238, 81, 14700, '2025-01-05', '판매중');
INSERT INTO UsedBook (used_book_id, book_id, price, registered_date, status) VALUES (239, 40, 16100, '2024-12-29', '판매중');
INSERT INTO UsedBook (used_book_id, book_id, price, registered_date, status) VALUES (240, 46, 14100, '2025-01-02', '판매완료');
INSERT INTO UsedBook (used_book_id, book_id, price, registered_date, status) VALUES (241, 35, 6600, '2025-01-04', '판매중');
INSERT INTO UsedBook (used_book_id, book_id, price, registered_date, status) VALUES (242, 83, 11700, '2025-05-09', '판매완료');
INSERT INTO UsedBook (used_book_id, book_id, price, registered_date, status) VALUES (243, 1, 7100, '2019-01-25', '판매중');
INSERT INTO UsedBook (used_book_id, book_id, price, registered_date, status) VALUES (244, 64, 14600, '2019-07-29', '판매중');
INSERT INTO UsedBook (used_book_id, book_id, price, registered_date, status) VALUES (245, 98, 7400, '2022-01-12', '판매중');
INSERT INTO UsedBook (used_book_id, book_id, price, registered_date, status) VALUES (246, 36, 5300, '2025-01-05', '판매완료');
INSERT INTO UsedBook (used_book_id, book_id, price, registered_date, status) VALUES (247, 63, 13200, '2024-11-26', '판매중');
INSERT INTO UsedBook (used_book_id, book_id, price, registered_date, status) VALUES (248, 34, 8200, '2025-03-12', '판매중');
INSERT INTO UsedBook (used_book_id, book_id, price, registered_date, status) VALUES (249, 19, 15400, '2025-04-14', '판매중');
INSERT INTO UsedBook (used_book_id, book_id, price, registered_date, status) VALUES (250, 99, 5100, '2019-09-22', '판매중');
INSERT INTO UsedBook (used_book_id, book_id, price, registered_date, status) VALUES (251, 92, 8300, '2024-04-15', '판매중');
INSERT INTO UsedBook (used_book_id, book_id, price, registered_date, status) VALUES (252, 84, 5800, '2025-01-17', '판매완료');
INSERT INTO UsedBook (used_book_id, book_id, price, registered_date, status) VALUES (253, 17, 17500, '2023-12-07', '판매중');
INSERT INTO UsedBook (used_book_id, book_id, price, registered_date, status) VALUES (254, 22, 12900, '2024-12-04', '판매완료');
INSERT INTO UsedBook (used_book_id, book_id, price, registered_date, status) VALUES (255, 36, 15500, '2025-02-16', '판매완료');
INSERT INTO UsedBook (used_book_id, book_id, price, registered_date, status) VALUES (256, 99, 9200, '2018-01-10', '판매중');
INSERT INTO UsedBook (used_book_id, book_id, price, registered_date, status) VALUES (257, 49, 9300, '2025-03-03', '판매중');
INSERT INTO UsedBook (used_book_id, book_id, price, registered_date, status) VALUES (258, 83, 17000, '2025-02-01', '판매중');
INSERT INTO UsedBook (used_book_id, book_id, price, registered_date, status) VALUES (259, 67, 15600, '2021-06-30', '판매완료');
INSERT INTO UsedBook (used_book_id, book_id, price, registered_date, status) VALUES (260, 62, 11900, '2025-03-17', '판매중');
INSERT INTO UsedBook (used_book_id, book_id, price, registered_date, status) VALUES (261, 89, 12100, '2025-02-08', '판매완료');
INSERT INTO UsedBook (used_book_id, book_id, price, registered_date, status) VALUES (262, 7, 11100, '2023-09-05', '판매완료');
INSERT INTO UsedBook (used_book_id, book_id, price, registered_date, status) VALUES (263, 19, 7400, '2025-03-10', '판매중');
INSERT INTO UsedBook (used_book_id, book_id, price, registered_date, status) VALUES (264, 1, 6900, '2018-08-22', '판매완료');
INSERT INTO UsedBook (used_book_id, book_id, price, registered_date, status) VALUES (265, 5, 13700, '2023-01-12', '판매완료');
INSERT INTO UsedBook (used_book_id, book_id, price, registered_date, status) VALUES (266, 3, 17800, '2023-12-10', '판매중');
INSERT INTO UsedBook (used_book_id, book_id, price, registered_date, status) VALUES (267, 28, 13100, '2025-01-25', '판매중');
INSERT INTO UsedBook (used_book_id, book_id, price, registered_date, status) VALUES (268, 46, 17000, '2024-12-27', '판매완료');
INSERT INTO UsedBook (used_book_id, book_id, price, registered_date, status) VALUES (269, 44, 6300, '2021-11-12', '판매중');
INSERT INTO UsedBook (used_book_id, book_id, price, registered_date, status) VALUES (270, 52, 17600, '2024-04-14', '판매완료');
INSERT INTO UsedBook (used_book_id, book_id, price, registered_date, status) VALUES (271, 15, 6300, '2024-05-30', '판매중');
INSERT INTO UsedBook (used_book_id, book_id, price, registered_date, status) VALUES (272, 24, 15400, '2024-07-23', '판매중');
INSERT INTO UsedBook (used_book_id, book_id, price, registered_date, status) VALUES (273, 55, 13500, '2024-03-01', '판매중');
INSERT INTO UsedBook (used_book_id, book_id, price, registered_date, status) VALUES (274, 83, 6200, '2025-01-28', '판매완료');
INSERT INTO UsedBook (used_book_id, book_id, price, registered_date, status) VALUES (275, 59, 7800, '2024-04-26', '판매중');
INSERT INTO UsedBook (used_book_id, book_id, price, registered_date, status) VALUES (276, 85, 7600, '2025-01-31', '판매중');
INSERT INTO UsedBook (used_book_id, book_id, price, registered_date, status) VALUES (277, 2, 13700, '2024-11-18', '판매완료');
INSERT INTO UsedBook (used_book_id, book_id, price, registered_date, status) VALUES (278, 37, 18300, '2024-11-13', '판매완료');
INSERT INTO UsedBook (used_book_id, book_id, price, registered_date, status) VALUES (279, 37, 15800, '2024-10-24', '판매중');
INSERT INTO UsedBook (used_book_id, book_id, price, registered_date, status) VALUES (280, 23, 5000, '2024-03-20', '판매중');
INSERT INTO UsedBook (used_book_id, book_id, price, registered_date, status) VALUES (281, 11, 5100, '2023-02-07', '판매중');
INSERT INTO UsedBook (used_book_id, book_id, price, registered_date, status) VALUES (282, 63, 9900, '2024-08-22', '판매중');
INSERT INTO UsedBook (used_book_id, book_id, price, registered_date, status) VALUES (283, 16, 14400, '2024-02-22', '판매완료');
INSERT INTO UsedBook (used_book_id, book_id, price, registered_date, status) VALUES (284, 47, 15500, '2022-06-24', '판매중');
INSERT INTO UsedBook (used_book_id, book_id, price, registered_date, status) VALUES (285, 11, 13600, '2023-05-26', '판매중');
INSERT INTO UsedBook (used_book_id, book_id, price, registered_date, status) VALUES (286, 75, 14700, '2022-06-20', '판매완료');
INSERT INTO UsedBook (used_book_id, book_id, price, registered_date, status) VALUES (287, 67, 12900, '2023-11-01', '판매완료');
INSERT INTO UsedBook (used_book_id, book_id, price, registered_date, status) VALUES (288, 94, 16600, '2025-04-25', '판매중');
INSERT INTO UsedBook (used_book_id, book_id, price, registered_date, status) VALUES (289, 52, 14100, '2024-11-24', '판매완료');
INSERT INTO UsedBook (used_book_id, book_id, price, registered_date, status) VALUES (290, 6, 9900, '2024-12-02', '판매중');
INSERT INTO UsedBook (used_book_id, book_id, price, registered_date, status) VALUES (291, 57, 13600, '2025-04-07', '판매중');
INSERT INTO UsedBook (used_book_id, book_id, price, registered_date, status) VALUES (292, 51, 14500, '2023-08-31', '판매완료');
INSERT INTO UsedBook (used_book_id, book_id, price, registered_date, status) VALUES (293, 19, 17300, '2025-01-14', '판매완료');
INSERT INTO UsedBook (used_book_id, book_id, price, registered_date, status) VALUES (294, 36, 14500, '2025-04-02', '판매완료');
INSERT INTO UsedBook (used_book_id, book_id, price, registered_date, status) VALUES (295, 6, 10300, '2024-01-21', '판매중');
INSERT INTO UsedBook (used_book_id, book_id, price, registered_date, status) VALUES (296, 40, 15300, '2021-06-16', '판매중');
INSERT INTO UsedBook (used_book_id, book_id, price, registered_date, status) VALUES (297, 45, 14200, '2023-06-23', '판매중');
INSERT INTO UsedBook (used_book_id, book_id, price, registered_date, status) VALUES (298, 96, 17300, '2025-04-12', '판매중');
INSERT INTO UsedBook (used_book_id, book_id, price, registered_date, status) VALUES (299, 98, 11900, '2019-07-05', '판매중');
INSERT INTO UsedBook (used_book_id, book_id, price, registered_date, status) VALUES (300, 62, 5100, '2023-03-08', '판매중');

-- Purchase 테이블 데이터
INSERT INTO Purchase (purchase_id, used_book_id, buyer_id, purchased_date, final_price) VALUES (1, 226, 13, '2025-02-25 07:52:19', 5865);
INSERT INTO Purchase (purchase_id, used_book_id, buyer_id, purchased_date, final_price) VALUES (2, 19, 30, '2025-04-11 02:51:34', 5610);
INSERT INTO Purchase (purchase_id, used_book_id, buyer_id, purchased_date, final_price) VALUES (3, 58, 41, '2025-05-01 19:05:28', 8280);
INSERT INTO Purchase (purchase_id, used_book_id, buyer_id, purchased_date, final_price) VALUES (4, 60, 7, '2025-02-22 23:42:27', 17860);
INSERT INTO Purchase (purchase_id, used_book_id, buyer_id, purchased_date, final_price) VALUES (5, 188, 26, '2025-03-28 21:38:33', 16290);
INSERT INTO Purchase (purchase_id, used_book_id, buyer_id, purchased_date, final_price) VALUES (6, 81, 21, '2025-03-20 20:33:16', 7735);
INSERT INTO Purchase (purchase_id, used_book_id, buyer_id, purchased_date, final_price) VALUES (7, 41, 17, '2025-04-14 13:52:23', 10260);
INSERT INTO Purchase (purchase_id, used_book_id, buyer_id, purchased_date, final_price) VALUES (8, 229, 21, '2025-05-10 06:41:23', 12200);
INSERT INTO Purchase (purchase_id, used_book_id, buyer_id, purchased_date, final_price) VALUES (9, 43, 8, '2025-05-04 03:27:59', 15640);
INSERT INTO Purchase (purchase_id, used_book_id, buyer_id, purchased_date, final_price) VALUES (10, 207, 47, '2025-02-21 10:48:49', 16740);
INSERT INTO Purchase (purchase_id, used_book_id, buyer_id, purchased_date, final_price) VALUES (11, 12, 13, '2025-04-03 20:27:37', 12495);
INSERT INTO Purchase (purchase_id, used_book_id, buyer_id, purchased_date, final_price) VALUES (12, 44, 19, '2025-04-24 00:37:18', 11220);
INSERT INTO Purchase (purchase_id, used_book_id, buyer_id, purchased_date, final_price) VALUES (13, 133, 10, '2025-03-11 11:01:40', 13500);
INSERT INTO Purchase (purchase_id, used_book_id, buyer_id, purchased_date, final_price) VALUES (14, 193, 11, '2025-04-20 07:29:02', 16600);
INSERT INTO Purchase (purchase_id, used_book_id, buyer_id, purchased_date, final_price) VALUES (15, 294, 36, '2025-04-28 06:42:50', 13050);
INSERT INTO Purchase (purchase_id, used_book_id, buyer_id, purchased_date, final_price) VALUES (16, 156, 46, '2025-04-22 00:31:07', 10830);
INSERT INTO Purchase (purchase_id, used_book_id, buyer_id, purchased_date, final_price) VALUES (17, 46, 40, '2025-04-29 08:04:56', 6500);
INSERT INTO Purchase (purchase_id, used_book_id, buyer_id, purchased_date, final_price) VALUES (18, 23, 4, '2025-05-19 01:02:47', 5890);
INSERT INTO Purchase (purchase_id, used_book_id, buyer_id, purchased_date, final_price) VALUES (19, 89, 16, '2025-05-08 04:16:08', 12730);
INSERT INTO Purchase (purchase_id, used_book_id, buyer_id, purchased_date, final_price) VALUES (20, 186, 35, '2025-03-17 17:22:19', 8585);
INSERT INTO Purchase (purchase_id, used_book_id, buyer_id, purchased_date, final_price) VALUES (21, 287, 46, '2025-04-02 21:48:47', 11610);
INSERT INTO Purchase (purchase_id, used_book_id, buyer_id, purchased_date, final_price) VALUES (22, 177, 3, '2025-03-25 22:12:30', 5185);
INSERT INTO Purchase (purchase_id, used_book_id, buyer_id, purchased_date, final_price) VALUES (23, 265, 24, '2025-04-20 22:46:52', 12330);
INSERT INTO Purchase (purchase_id, used_book_id, buyer_id, purchased_date, final_price) VALUES (24, 191, 45, '2025-05-15 16:28:53', 6080);
INSERT INTO Purchase (purchase_id, used_book_id, buyer_id, purchased_date, final_price) VALUES (25, 37, 34, '2025-03-30 18:29:46', 7600);
INSERT INTO Purchase (purchase_id, used_book_id, buyer_id, purchased_date, final_price) VALUES (26, 205, 43, '2025-04-23 11:43:11', 13760);
INSERT INTO Purchase (purchase_id, used_book_id, buyer_id, purchased_date, final_price) VALUES (27, 197, 8, '2025-05-03 19:36:09', 7310);
INSERT INTO Purchase (purchase_id, used_book_id, buyer_id, purchased_date, final_price) VALUES (28, 181, 1, '2025-04-12 02:52:37', 10560);
INSERT INTO Purchase (purchase_id, used_book_id, buyer_id, purchased_date, final_price) VALUES (29, 168, 24, '2025-02-25 00:30:40', 17550);
INSERT INTO Purchase (purchase_id, used_book_id, buyer_id, purchased_date, final_price) VALUES (30, 254, 16, '2025-04-21 04:36:06', 12255);
INSERT INTO Purchase (purchase_id, used_book_id, buyer_id, purchased_date, final_price) VALUES (31, 22, 25, '2025-03-01 00:40:17', 15300);
INSERT INTO Purchase (purchase_id, used_book_id, buyer_id, purchased_date, final_price) VALUES (32, 240, 42, '2025-03-10 19:41:18', 12690);
INSERT INTO Purchase (purchase_id, used_book_id, buyer_id, purchased_date, final_price) VALUES (33, 219, 23, '2025-04-16 09:26:47', 11730);
INSERT INTO Purchase (purchase_id, used_book_id, buyer_id, purchased_date, final_price) VALUES (34, 71, 28, '2025-04-15 08:40:03', 17550);
INSERT INTO Purchase (purchase_id, used_book_id, buyer_id, purchased_date, final_price) VALUES (35, 237, 22, '2025-04-24 22:08:40', 14800);
INSERT INTO Purchase (purchase_id, used_book_id, buyer_id, purchased_date, final_price) VALUES (36, 293, 27, '2025-03-29 09:26:06', 17300);
INSERT INTO Purchase (purchase_id, used_book_id, buyer_id, purchased_date, final_price) VALUES (37, 3, 24, '2025-05-04 22:10:30', 13950);
INSERT INTO Purchase (purchase_id, used_book_id, buyer_id, purchased_date, final_price) VALUES (38, 192, 18, '2025-04-05 05:32:12', 9350);
INSERT INTO Purchase (purchase_id, used_book_id, buyer_id, purchased_date, final_price) VALUES (39, 259, 24, '2025-02-27 05:47:40', 13260);
INSERT INTO Purchase (purchase_id, used_book_id, buyer_id, purchased_date, final_price) VALUES (40, 225, 35, '2025-05-19 14:27:13', 16055);
INSERT INTO Purchase (purchase_id, used_book_id, buyer_id, purchased_date, final_price) VALUES (41, 117, 17, '2025-04-04 20:16:21', 13585);
INSERT INTO Purchase (purchase_id, used_book_id, buyer_id, purchased_date, final_price) VALUES (42, 283, 8, '2025-02-27 06:28:27', 14400);
INSERT INTO Purchase (purchase_id, used_book_id, buyer_id, purchased_date, final_price) VALUES (43, 289, 26, '2025-02-27 01:28:35', 11985);
INSERT INTO Purchase (purchase_id, used_book_id, buyer_id, purchased_date, final_price) VALUES (44, 194, 11, '2025-03-28 15:42:55', 10800);
INSERT INTO Purchase (purchase_id, used_book_id, buyer_id, purchased_date, final_price) VALUES (45, 246, 27, '2025-04-26 14:13:24', 4240);
INSERT INTO Purchase (purchase_id, used_book_id, buyer_id, purchased_date, final_price) VALUES (46, 204, 47, '2025-04-30 02:22:17', 5525);
INSERT INTO Purchase (purchase_id, used_book_id, buyer_id, purchased_date, final_price) VALUES (47, 31, 35, '2025-04-16 09:14:01', 13770);
INSERT INTO Purchase (purchase_id, used_book_id, buyer_id, purchased_date, final_price) VALUES (48, 98, 26, '2025-03-29 21:28:41', 11560);
INSERT INTO Purchase (purchase_id, used_book_id, buyer_id, purchased_date, final_price) VALUES (49, 67, 19, '2025-05-18 20:44:12', 9405);
INSERT INTO Purchase (purchase_id, used_book_id, buyer_id, purchased_date, final_price) VALUES (50, 217, 13, '2025-05-01 15:36:01', 7800);
INSERT INTO Purchase (purchase_id, used_book_id, buyer_id, purchased_date, final_price) VALUES (51, 47, 50, '2025-05-21 02:41:48', 13040);
INSERT INTO Purchase (purchase_id, used_book_id, buyer_id, purchased_date, final_price) VALUES (52, 292, 9, '2025-04-30 16:32:06', 13775);
INSERT INTO Purchase (purchase_id, used_book_id, buyer_id, purchased_date, final_price) VALUES (53, 2, 31, '2025-03-21 06:00:33', 5400);
INSERT INTO Purchase (purchase_id, used_book_id, buyer_id, purchased_date, final_price) VALUES (54, 174, 45, '2025-03-21 16:34:16', 16660);
INSERT INTO Purchase (purchase_id, used_book_id, buyer_id, purchased_date, final_price) VALUES (55, 26, 38, '2025-03-15 20:54:33', 7220);
INSERT INTO Purchase (purchase_id, used_book_id, buyer_id, purchased_date, final_price) VALUES (56, 224, 23, '2025-04-03 13:44:25', 7020);
INSERT INTO Purchase (purchase_id, used_book_id, buyer_id, purchased_date, final_price) VALUES (57, 106, 31, '2025-04-07 08:02:58', 18810);
INSERT INTO Purchase (purchase_id, used_book_id, buyer_id, purchased_date, final_price) VALUES (58, 255, 14, '2025-03-17 23:58:12', 13175);
INSERT INTO Purchase (purchase_id, used_book_id, buyer_id, purchased_date, final_price) VALUES (59, 122, 6, '2025-05-12 15:43:14', 17190);
INSERT INTO Purchase (purchase_id, used_book_id, buyer_id, purchased_date, final_price) VALUES (60, 137, 26, '2025-05-11 02:49:23', 13600);
INSERT INTO Purchase (purchase_id, used_book_id, buyer_id, purchased_date, final_price) VALUES (61, 233, 4, '2025-02-22 21:41:26', 13515);
INSERT INTO Purchase (purchase_id, used_book_id, buyer_id, purchased_date, final_price) VALUES (62, 252, 27, '2025-04-03 22:29:23', 5800);
INSERT INTO Purchase (purchase_id, used_book_id, buyer_id, purchased_date, final_price) VALUES (63, 209, 49, '2025-04-15 07:22:44', 15900);
INSERT INTO Purchase (purchase_id, used_book_id, buyer_id, purchased_date, final_price) VALUES (64, 262, 18, '2025-03-02 17:49:40', 9435);
INSERT INTO Purchase (purchase_id, used_book_id, buyer_id, purchased_date, final_price) VALUES (65, 131, 39, '2025-03-22 23:46:03', 8000);
INSERT INTO Purchase (purchase_id, used_book_id, buyer_id, purchased_date, final_price) VALUES (66, 212, 32, '2025-03-27 03:39:38', 14220);
INSERT INTO Purchase (purchase_id, used_book_id, buyer_id, purchased_date, final_price) VALUES (67, 111, 27, '2025-04-27 10:54:13', 18715);
INSERT INTO Purchase (purchase_id, used_book_id, buyer_id, purchased_date, final_price) VALUES (68, 183, 12, '2025-05-05 21:38:07', 13400);
INSERT INTO Purchase (purchase_id, used_book_id, buyer_id, purchased_date, final_price) VALUES (69, 11, 17, '2025-03-07 06:38:07', 11590);
INSERT INTO Purchase (purchase_id, used_book_id, buyer_id, purchased_date, final_price) VALUES (70, 222, 38, '2025-04-23 06:53:26', 5920);
INSERT INTO Purchase (purchase_id, used_book_id, buyer_id, purchased_date, final_price) VALUES (71, 85, 48, '2025-02-22 20:08:18', 8500);
INSERT INTO Purchase (purchase_id, used_book_id, buyer_id, purchased_date, final_price) VALUES (72, 95, 39, '2025-05-09 19:19:38', 15390);
INSERT INTO Purchase (purchase_id, used_book_id, buyer_id, purchased_date, final_price) VALUES (73, 264, 14, '2025-04-11 05:00:35', 6555);
INSERT INTO Purchase (purchase_id, used_book_id, buyer_id, purchased_date, final_price) VALUES (74, 113, 23, '2025-04-18 16:13:41', 17800);
INSERT INTO Purchase (purchase_id, used_book_id, buyer_id, purchased_date, final_price) VALUES (75, 171, 18, '2025-05-14 09:19:44', 4880);
INSERT INTO Purchase (purchase_id, used_book_id, buyer_id, purchased_date, final_price) VALUES (76, 223, 33, '2025-03-01 23:23:09', 5120);
INSERT INTO Purchase (purchase_id, used_book_id, buyer_id, purchased_date, final_price) VALUES (77, 270, 32, '2025-04-18 07:19:28', 16720);
INSERT INTO Purchase (purchase_id, used_book_id, buyer_id, purchased_date, final_price) VALUES (78, 127, 3, '2025-05-08 01:50:16', 12420);
INSERT INTO Purchase (purchase_id, used_book_id, buyer_id, purchased_date, final_price) VALUES (79, 76, 10, '2025-04-29 10:15:58', 15480);
INSERT INTO Purchase (purchase_id, used_book_id, buyer_id, purchased_date, final_price) VALUES (80, 185, 46, '2025-05-15 02:49:40', 12560);
INSERT INTO Purchase (purchase_id, used_book_id, buyer_id, purchased_date, final_price) VALUES (81, 182, 10, '2025-04-12 15:00:49', 10965);
INSERT INTO Purchase (purchase_id, used_book_id, buyer_id, purchased_date, final_price) VALUES (82, 9, 40, '2025-05-21 02:41:48', 12900);
INSERT INTO Purchase (purchase_id, used_book_id, buyer_id, purchased_date, final_price) VALUES (83, 57, 1, '2025-03-12 03:38:24', 16815);
INSERT INTO Purchase (purchase_id, used_book_id, buyer_id, purchased_date, final_price) VALUES (84, 173, 23, '2025-04-28 21:26:11', 8415);
INSERT INTO Purchase (purchase_id, used_book_id, buyer_id, purchased_date, final_price) VALUES (85, 100, 41, '2025-03-12 15:13:09', 10350);
INSERT INTO Purchase (purchase_id, used_book_id, buyer_id, purchased_date, final_price) VALUES (86, 242, 1, '2025-05-15 09:55:39', 9360);
INSERT INTO Purchase (purchase_id, used_book_id, buyer_id, purchased_date, final_price) VALUES (87, 261, 41, '2025-02-20 19:02:11', 9680);
INSERT INTO Purchase (purchase_id, used_book_id, buyer_id, purchased_date, final_price) VALUES (88, 107, 19, '2025-02-25 20:11:07', 4560);
INSERT INTO Purchase (purchase_id, used_book_id, buyer_id, purchased_date, final_price) VALUES (89, 120, 44, '2025-03-22 13:49:27', 7650);
INSERT INTO Purchase (purchase_id, used_book_id, buyer_id, purchased_date, final_price) VALUES (90, 7, 26, '2025-02-28 08:44:06', 15400);
INSERT INTO Purchase (purchase_id, used_book_id, buyer_id, purchased_date, final_price) VALUES (91, 35, 34, '2025-03-02 16:26:06', 10400);
INSERT INTO Purchase (purchase_id, used_book_id, buyer_id, purchased_date, final_price) VALUES (92, 73, 34, '2025-04-12 11:34:16', 18905);
INSERT INTO Purchase (purchase_id, used_book_id, buyer_id, purchased_date, final_price) VALUES (93, 103, 6, '2025-04-13 13:39:35', 11900);
INSERT INTO Purchase (purchase_id, used_book_id, buyer_id, purchased_date, final_price) VALUES (94, 147, 17, '2025-02-24 19:21:30', 5890);
INSERT INTO Purchase (purchase_id, used_book_id, buyer_id, purchased_date, final_price) VALUES (95, 51, 44, '2025-04-22 20:40:41', 9090);
INSERT INTO Purchase (purchase_id, used_book_id, buyer_id, purchased_date, final_price) VALUES (96, 286, 33, '2025-02-22 21:51:36', 14700);
INSERT INTO Purchase (purchase_id, used_book_id, buyer_id, purchased_date, final_price) VALUES (97, 154, 47, '2025-02-26 22:13:24', 10640);
INSERT INTO Purchase (purchase_id, used_book_id, buyer_id, purchased_date, final_price) VALUES (98, 268, 22, '2025-02-26 09:40:03', 13600);
INSERT INTO Purchase (purchase_id, used_book_id, buyer_id, purchased_date, final_price) VALUES (99, 184, 43, '2025-05-14 13:48:47', 4950);
INSERT INTO Purchase (purchase_id, used_book_id, buyer_id, purchased_date, final_price) VALUES (100, 145, 22, '2025-05-17 09:52:08', 9360);
INSERT INTO Purchase (purchase_id, used_book_id, buyer_id, purchased_date, final_price) VALUES (101, 202, 47, '2025-05-20 06:17:41', 8160);
INSERT INTO Purchase (purchase_id, used_book_id, buyer_id, purchased_date, final_price) VALUES (102, 214, 8, '2025-05-07 05:59:49', 11360);
INSERT INTO Purchase (purchase_id, used_book_id, buyer_id, purchased_date, final_price) VALUES (103, 198, 31, '2025-05-11 11:03:33', 15000);
INSERT INTO Purchase (purchase_id, used_book_id, buyer_id, purchased_date, final_price) VALUES (104, 109, 1, '2025-04-16 06:31:14', 12155);
INSERT INTO Purchase (purchase_id, used_book_id, buyer_id, purchased_date, final_price) VALUES (105, 277, 40, '2025-04-11 09:48:30', 13015);
INSERT INTO Purchase (purchase_id, used_book_id, buyer_id, purchased_date, final_price) VALUES (106, 140, 8, '2025-04-06 17:10:22', 13345);
INSERT INTO Purchase (purchase_id, used_book_id, buyer_id, purchased_date, final_price) VALUES (107, 70, 11, '2025-02-26 08:05:30', 14365);
INSERT INTO Purchase (purchase_id, used_book_id, buyer_id, purchased_date, final_price) VALUES (108, 55, 7, '2025-04-13 01:33:31', 9025);
INSERT INTO Purchase (purchase_id, used_book_id, buyer_id, purchased_date, final_price) VALUES (109, 62, 45, '2025-04-12 19:26:42', 10350);
INSERT INTO Purchase (purchase_id, used_book_id, buyer_id, purchased_date, final_price) VALUES (110, 153, 3, '2025-04-12 17:34:29', 6700);
INSERT INTO Purchase (purchase_id, used_book_id, buyer_id, purchased_date, final_price) VALUES (111, 278, 12, '2025-05-06 20:28:34', 15555);
INSERT INTO Purchase (purchase_id, used_book_id, buyer_id, purchased_date, final_price) VALUES (112, 274, 42, '2025-04-26 14:34:30', 4960);
INSERT INTO Purchase (purchase_id, used_book_id, buyer_id, purchased_date, final_price) VALUES (113, 141, 45, '2025-03-11 00:48:40', 17500);
INSERT INTO Purchase (purchase_id, used_book_id, buyer_id, purchased_date, final_price) VALUES (114, 66, 10, '2025-05-14 16:24:27', 18525);
INSERT INTO Purchase (purchase_id, used_book_id, buyer_id, purchased_date, final_price) VALUES (115, 149, 14, '2025-05-21 02:41:48', 10795);
INSERT INTO Purchase (purchase_id, used_book_id, buyer_id, purchased_date, final_price) VALUES (116, 68, 35, '2025-05-13 19:53:00', 14725);
INSERT INTO Purchase (purchase_id, used_book_id, buyer_id, purchased_date, final_price) VALUES (117, 104, 10, '2025-05-10 01:40:01', 6080);
INSERT INTO Purchase (purchase_id, used_book_id, buyer_id, purchased_date, final_price) VALUES (118, 18, 49, '2025-05-20 21:12:17', 10170);
INSERT INTO Purchase (purchase_id, used_book_id, buyer_id, purchased_date, final_price) VALUES (119, 87, 15, '2025-04-05 21:07:29', 12580);
INSERT INTO Purchase (purchase_id, used_book_id, buyer_id, purchased_date, final_price) VALUES (120, 134, 25, '2025-02-20 17:20:48', 15400);
INSERT INTO Purchase (purchase_id, used_book_id, buyer_id, purchased_date, final_price) VALUES (121, 86, 43, '2025-03-19 23:29:17', 17730);
INSERT INTO Purchase (purchase_id, used_book_id, buyer_id, purchased_date, final_price) VALUES (122, 216, 29, '2025-04-21 19:00:59', 6035);
INSERT INTO Purchase (purchase_id, used_book_id, buyer_id, purchased_date, final_price) VALUES (123, 54, 11, '2025-04-06 08:01:22', 10200);
INSERT INTO Purchase (purchase_id, used_book_id, buyer_id, purchased_date, final_price) VALUES (124, 211, 28, '2025-03-17 12:02:58', 11120);
INSERT INTO Purchase (purchase_id, used_book_id, buyer_id, purchased_date, final_price) VALUES (125, 159, 23, '2025-03-25 16:55:15', 12320);

-- Shipping 테이블 데이터
INSERT INTO Shipping (shipping_id, purchase_id, shipping_address, shipped_at, delivered_at, shipping_status) VALUES (1, 85, '(34625) 대전광역시 동구 선화로 212 2층', '2025-05-09 20:11:19', '2025-05-15 20:11:19', '배송완료');
INSERT INTO Shipping (shipping_id, purchase_id, shipping_address, shipped_at, delivered_at, shipping_status) VALUES (2, 29, '(54039) 전라북도 군산시 풍문2길 5-2', '2025-03-14 06:40:06', '2025-03-15 06:40:06', '배송완료');
INSERT INTO Shipping (shipping_id, purchase_id, shipping_address, shipped_at, delivered_at, shipping_status) VALUES (3, 82, '(59743) 전남 여수시 공화남1길 11 1층 왼쪽', '2025-05-21 02:41:48', NULL, '배송준비중');
INSERT INTO Shipping (shipping_id, purchase_id, shipping_address, shipped_at, delivered_at, shipping_status) VALUES (4, 100, '(04345) 서울특별시 용산구 회나무로12길 5 Beleben 벨리븐', '2025-05-20 05:32:19', NULL, '배송중');
INSERT INTO Shipping (shipping_id, purchase_id, shipping_address, shipped_at, delivered_at, shipping_status) VALUES (5, 66, '(41958) 대구광역시 중구 봉산문화길 19 2층', '2025-04-02 10:11:45', '2025-04-09 10:11:45', '배송완료');
INSERT INTO Shipping (shipping_id, purchase_id, shipping_address, shipped_at, delivered_at, shipping_status) VALUES (6, 18, '(17006) 경기도 용인시 기흥구 동백5로 22 쥬네브문월드 가동 137호', '2025-05-19 17:03:38', '2025-05-26 17:03:38', '배송완료');
INSERT INTO Shipping (shipping_id, purchase_id, shipping_address, shipped_at, delivered_at, shipping_status) VALUES (7, 53, '(57340) 전라남도 담양군 담양읍 객사3길 9-1', '2025-04-17 02:49:36', NULL, '배송준비중');
INSERT INTO Shipping (shipping_id, purchase_id, shipping_address, shipped_at, delivered_at, shipping_status) VALUES (8, 64, '(16904) 경기도 용인시 기흥구 신촌로73번길 5-1 102호', '2025-05-05 09:36:07', NULL, '배송중');
INSERT INTO Shipping (shipping_id, purchase_id, shipping_address, shipped_at, delivered_at, shipping_status) VALUES (9, 72, '(55038) 전라북도 전주시 완산구 전라감영4길 16-7 3층', '2025-05-14 18:58:39', NULL, '배송준비중');
INSERT INTO Shipping (shipping_id, purchase_id, shipping_address, shipped_at, delivered_at, shipping_status) VALUES (10, 20, '(24412) 강원도 춘천시 신동면 금병의숙1길 19', '2025-04-25 10:01:07', NULL, '배송중');
INSERT INTO Shipping (shipping_id, purchase_id, shipping_address, shipped_at, delivered_at, shipping_status) VALUES (11, 87, '(34625) 대전광역시 동구 선화로 212 2층', '2025-03-17 04:42:05', NULL, '배송준비중');
INSERT INTO Shipping (shipping_id, purchase_id, shipping_address, shipped_at, delivered_at, shipping_status) VALUES (12, 16, '(08737) 서울특별시 관악구 관악로 204 3층 301호', '2025-05-18 19:15:43', '2025-05-25 19:15:43', '배송완료');
INSERT INTO Shipping (shipping_id, purchase_id, shipping_address, shipped_at, delivered_at, shipping_status) VALUES (13, 1, '(03194) 서울특별시 종로구 청계천로 159 3층 외부 바열 328호', '2025-03-05 10:13:59', '2025-03-10 10:13:59', '배송완료');
INSERT INTO Shipping (shipping_id, purchase_id, shipping_address, shipped_at, delivered_at, shipping_status) VALUES (14, 91, '(10298) 경기도 고양시 덕양구 원당로113번길 48-7', '2025-04-21 21:09:30', '2025-04-23 21:09:30', '배송완료');
INSERT INTO Shipping (shipping_id, purchase_id, shipping_address, shipped_at, delivered_at, shipping_status) VALUES (15, 92, '(10298) 경기도 고양시 덕양구 원당로113번길 48-7', '2025-05-15 20:57:22', NULL, '배송중');
INSERT INTO Shipping (shipping_id, purchase_id, shipping_address, shipped_at, delivered_at, shipping_status) VALUES (16, 15, '(63005) 제주 제주시 한경면 저지동길 8-31', '2025-04-30 11:17:21', NULL, '배송중');
INSERT INTO Shipping (shipping_id, purchase_id, shipping_address, shipped_at, delivered_at, shipping_status) VALUES (17, 59, '(03979) 서울특별시 마포구 성미산로23길 60', '2025-05-20 17:32:06', NULL, '배송준비중');
INSERT INTO Shipping (shipping_id, purchase_id, shipping_address, shipped_at, delivered_at, shipping_status) VALUES (18, 80, '(08737) 서울특별시 관악구 관악로 204 3층 301호', '2025-05-18 01:32:01', NULL, '배송준비중');
INSERT INTO Shipping (shipping_id, purchase_id, shipping_address, shipped_at, delivered_at, shipping_status) VALUES (19, 37, '(54039) 전라북도 군산시 풍문2길 5-2', '2025-05-06 22:26:53', '2025-05-08 22:26:53', '배송완료');
INSERT INTO Shipping (shipping_id, purchase_id, shipping_address, shipped_at, delivered_at, shipping_status) VALUES (20, 10, '(08613) 서울특별시 금천구 시흥대로73길 11 무지개상가 309호', '2025-03-17 01:12:13', NULL, '배송준비중');
INSERT INTO Shipping (shipping_id, purchase_id, shipping_address, shipped_at, delivered_at, shipping_status) VALUES (21, 60, '(48967) 부산광역시 중구 책방골목길 8-1 1층', '2025-05-15 19:40:10', NULL, '배송준비중');
INSERT INTO Shipping (shipping_id, purchase_id, shipping_address, shipped_at, delivered_at, shipping_status) VALUES (22, 41, '(04550) 서울특별시 중구 을지로 114-6 606호', '2025-05-07 03:49:17', NULL, '배송중');
INSERT INTO Shipping (shipping_id, purchase_id, shipping_address, shipped_at, delivered_at, shipping_status) VALUES (23, 81, '(02864) 서울특별시 성북구 삼선교로16길 16-3', '2025-05-06 20:18:51', NULL, '배송준비중');
INSERT INTO Shipping (shipping_id, purchase_id, shipping_address, shipped_at, delivered_at, shipping_status) VALUES (24, 51, '(59746) 전라남도 여수시 이순신광장로 220 1층 106호 태양맨션상가', '2025-05-21 02:41:48', NULL, '배송중');
INSERT INTO Shipping (shipping_id, purchase_id, shipping_address, shipped_at, delivered_at, shipping_status) VALUES (25, 12, '(47900) 부산 동래구 온천천로453번길 14 2층', '2025-04-28 15:08:11', NULL, '배송준비중');
INSERT INTO Shipping (shipping_id, purchase_id, shipping_address, shipped_at, delivered_at, shipping_status) VALUES (26, 69, '(04550) 서울특별시 중구 을지로 114-6 606호', '2025-04-24 20:45:47', NULL, '배송중');
INSERT INTO Shipping (shipping_id, purchase_id, shipping_address, shipped_at, delivered_at, shipping_status) VALUES (27, 21, '(08737) 서울특별시 관악구 관악로 204 3층 301호', '2025-04-09 07:37:54', '2025-04-12 07:37:54', '배송완료');
INSERT INTO Shipping (shipping_id, purchase_id, shipping_address, shipped_at, delivered_at, shipping_status) VALUES (28, 125, '(21337) 인천광역시 부평구 장제로249번길 16 1층', '2025-04-05 23:25:16', '2025-04-11 23:25:16', '배송완료');
INSERT INTO Shipping (shipping_id, purchase_id, shipping_address, shipped_at, delivered_at, shipping_status) VALUES (29, 84, '(21337) 인천광역시 부평구 장제로249번길 16 1층', '2025-05-18 03:56:59', '2025-05-23 03:56:59', '배송완료');
INSERT INTO Shipping (shipping_id, purchase_id, shipping_address, shipped_at, delivered_at, shipping_status) VALUES (30, 39, '(54039) 전라북도 군산시 풍문2길 5-2', '2025-04-24 04:51:53', NULL, '배송준비중');
INSERT INTO Shipping (shipping_id, purchase_id, shipping_address, shipped_at, delivered_at, shipping_status) VALUES (31, 89, '(05009) 서울특별시 광진구 능동로19길 5 지하', '2025-04-10 20:12:55', NULL, '배송중');
INSERT INTO Shipping (shipping_id, purchase_id, shipping_address, shipped_at, delivered_at, shipping_status) VALUES (32, 114, '(02864) 서울특별시 성북구 삼선교로16길 16-3', '2025-05-16 08:35:00', NULL, '배송준비중');
INSERT INTO Shipping (shipping_id, purchase_id, shipping_address, shipped_at, delivered_at, shipping_status) VALUES (33, 122, '(03999) 서울특별시 마포구 월드컵북로9길 30', '2025-05-12 07:35:57', NULL, '배송준비중');
INSERT INTO Shipping (shipping_id, purchase_id, shipping_address, shipped_at, delivered_at, shipping_status) VALUES (34, 124, '(17389) 경기도 이천시 마장면 덕평로877번길 16', '2025-03-25 12:15:02', NULL, '배송준비중');
INSERT INTO Shipping (shipping_id, purchase_id, shipping_address, shipped_at, delivered_at, shipping_status) VALUES (35, 54, '(33124) 충청남도 부여군 규암면 자온로 82', '2025-03-28 07:07:04', '2025-04-03 07:07:04', '배송완료');
INSERT INTO Shipping (shipping_id, purchase_id, shipping_address, shipped_at, delivered_at, shipping_status) VALUES (36, 8, '(21566) 인천광역시 남동구 문화서로49번길 39 103호', '2025-05-16 23:10:57', '2025-05-21 23:10:57', '배송완료');
INSERT INTO Shipping (shipping_id, purchase_id, shipping_address, shipped_at, delivered_at, shipping_status) VALUES (37, 88, '(47900) 부산 동래구 온천천로453번길 14 2층', '2025-04-08 00:27:43', NULL, '배송중');
INSERT INTO Shipping (shipping_id, purchase_id, shipping_address, shipped_at, delivered_at, shipping_status) VALUES (38, 70, '(02529) 서울특별시 동대문구 답십리로63길 30 101호', '2025-04-29 14:46:58', NULL, '배송중');
INSERT INTO Shipping (shipping_id, purchase_id, shipping_address, shipped_at, delivered_at, shipping_status) VALUES (39, 98, '(04345) 서울특별시 용산구 회나무로12길 5 Beleben 벨리븐', '2025-03-21 22:39:32', NULL, '배송중');
INSERT INTO Shipping (shipping_id, purchase_id, shipping_address, shipped_at, delivered_at, shipping_status) VALUES (40, 24, '(33124) 충청남도 부여군 규암면 자온로 82', '2025-05-16 22:50:34', '2025-05-23 22:50:34', '배송완료');
INSERT INTO Shipping (shipping_id, purchase_id, shipping_address, shipped_at, delivered_at, shipping_status) VALUES (41, 17, '(59743) 전남 여수시 공화남1길 11 1층 왼쪽', '2025-05-08 20:26:02', NULL, '배송중');
INSERT INTO Shipping (shipping_id, purchase_id, shipping_address, shipped_at, delivered_at, shipping_status) VALUES (42, 48, '(48967) 부산광역시 중구 책방골목길 8-1 1층', '2025-05-03 21:10:57', NULL, '배송중');
INSERT INTO Shipping (shipping_id, purchase_id, shipping_address, shipped_at, delivered_at, shipping_status) VALUES (43, 58, '(04339) 서울특별시 용산구 신흥로16길 7', '2025-05-11 03:11:23', NULL, '배송준비중');
INSERT INTO Shipping (shipping_id, purchase_id, shipping_address, shipped_at, delivered_at, shipping_status) VALUES (44, 40, '(24412) 강원도 춘천시 신동면 금병의숙1길 19', '2025-05-21 01:53:22', NULL, '배송중');
INSERT INTO Shipping (shipping_id, purchase_id, shipping_address, shipped_at, delivered_at, shipping_status) VALUES (45, 102, '(54022) 전라북도 군산시 구영5길 21-26', '2025-05-08 09:41:33', NULL, '배송준비중');
INSERT INTO Shipping (shipping_id, purchase_id, shipping_address, shipped_at, delivered_at, shipping_status) VALUES (46, 109, '(33124) 충청남도 부여군 규암면 자온로 82', '2025-04-20 03:08:51', NULL, '배송준비중');
INSERT INTO Shipping (shipping_id, purchase_id, shipping_address, shipped_at, delivered_at, shipping_status) VALUES (47, 97, '(08613) 서울특별시 금천구 시흥대로73길 11 무지개상가 309호', '2025-04-13 00:38:22', '2025-04-16 00:38:22', '배송완료');
INSERT INTO Shipping (shipping_id, purchase_id, shipping_address, shipped_at, delivered_at, shipping_status) VALUES (48, 105, '(59743) 전남 여수시 공화남1길 11 1층 왼쪽', '2025-05-12 14:21:43', '2025-05-14 14:21:43', '배송완료');
INSERT INTO Shipping (shipping_id, purchase_id, shipping_address, shipped_at, delivered_at, shipping_status) VALUES (49, 93, '(03979) 서울특별시 마포구 성미산로23길 60', '2025-04-30 22:01:30', NULL, '배송중');
INSERT INTO Shipping (shipping_id, purchase_id, shipping_address, shipped_at, delivered_at, shipping_status) VALUES (50, 62, '(04549) 서울특별시 중구 을지로20길 32-3 203호', '2025-05-12 00:49:59', NULL, '배송준비중');
INSERT INTO Shipping (shipping_id, purchase_id, shipping_address, shipped_at, delivered_at, shipping_status) VALUES (51, 74, '(21337) 인천광역시 부평구 장제로249번길 16 1층', '2025-04-25 12:53:49', NULL, '배송준비중');
INSERT INTO Shipping (shipping_id, purchase_id, shipping_address, shipped_at, delivered_at, shipping_status) VALUES (52, 33, '(21337) 인천광역시 부평구 장제로249번길 16 1층', '2025-05-06 02:19:41', NULL, '배송준비중');
INSERT INTO Shipping (shipping_id, purchase_id, shipping_address, shipped_at, delivered_at, shipping_status) VALUES (53, 78, '(63528) 제주 서귀포시 안덕면 사계로114번길 54-58 1층', '2025-05-18 08:37:36', NULL, '배송중');
INSERT INTO Shipping (shipping_id, purchase_id, shipping_address, shipped_at, delivered_at, shipping_status) VALUES (54, 14, '(03765) 서울특별시 서대문구 이화여대길 88-11', '2025-05-13 21:01:24', NULL, '배송준비중');
INSERT INTO Shipping (shipping_id, purchase_id, shipping_address, shipped_at, delivered_at, shipping_status) VALUES (55, 95, '(05009) 서울특별시 광진구 능동로19길 5 지하', '2025-05-16 18:47:33', NULL, '배송준비중');
INSERT INTO Shipping (shipping_id, purchase_id, shipping_address, shipped_at, delivered_at, shipping_status) VALUES (56, 43, '(48967) 부산광역시 중구 책방골목길 8-1 1층', '2025-03-21 20:15:05', NULL, '배송중');
INSERT INTO Shipping (shipping_id, purchase_id, shipping_address, shipped_at, delivered_at, shipping_status) VALUES (57, 45, '(04549) 서울특별시 중구 을지로20길 32-3 203호', '2025-05-12 00:38:55', '2025-05-17 00:38:55', '배송완료');
INSERT INTO Shipping (shipping_id, purchase_id, shipping_address, shipped_at, delivered_at, shipping_status) VALUES (58, 52, '(63569) 제주특별자치도 서귀포시 막동산로 19', '2025-05-18 16:28:28', NULL, '배송준비중');
INSERT INTO Shipping (shipping_id, purchase_id, shipping_address, shipped_at, delivered_at, shipping_status) VALUES (59, 46, '(08613) 서울특별시 금천구 시흥대로73길 11 무지개상가 309호', '2025-05-16 12:38:56', NULL, '배송준비중');
INSERT INTO Shipping (shipping_id, purchase_id, shipping_address, shipped_at, delivered_at, shipping_status) VALUES (60, 94, '(04550) 서울특별시 중구 을지로 114-6 606호', '2025-03-24 13:48:46', NULL, '배송준비중');
INSERT INTO Shipping (shipping_id, purchase_id, shipping_address, shipped_at, delivered_at, shipping_status) VALUES (61, 112, '(63055) 제주 제주시 애월읍 장유길 44', '2025-05-01 19:15:10', NULL, '배송준비중');
INSERT INTO Shipping (shipping_id, purchase_id, shipping_address, shipped_at, delivered_at, shipping_status) VALUES (62, 27, '(54022) 전라북도 군산시 구영5길 21-26', '2025-05-06 07:52:36', NULL, '배송중');
INSERT INTO Shipping (shipping_id, purchase_id, shipping_address, shipped_at, delivered_at, shipping_status) VALUES (63, 108, '(07016) 서울특별시 동작구 동작대로9가길 32 1층', '2025-04-17 08:16:52', '2025-04-19 08:16:52', '배송완료');
INSERT INTO Shipping (shipping_id, purchase_id, shipping_address, shipped_at, delivered_at, shipping_status) VALUES (64, 121, '(04337) 서울특별시 용산구 신흥로 115-1', '2025-04-19 07:57:41', NULL, '배송준비중');
INSERT INTO Shipping (shipping_id, purchase_id, shipping_address, shipped_at, delivered_at, shipping_status) VALUES (65, 56, '(21337) 인천광역시 부평구 장제로249번길 16 1층', '2025-04-17 20:56:42', NULL, '배송준비중');
INSERT INTO Shipping (shipping_id, purchase_id, shipping_address, shipped_at, delivered_at, shipping_status) VALUES (66, 30, '(51428) 경상남도 창원시 의창구 외동반림로254번길 8-1', '2025-04-22 18:49:13', NULL, '배송중');
INSERT INTO Shipping (shipping_id, purchase_id, shipping_address, shipped_at, delivered_at, shipping_status) VALUES (67, 63, '(61980) 광주광역시 서구 화운로 136 1층', '2025-05-14 16:09:20', NULL, '배송중');
INSERT INTO Shipping (shipping_id, purchase_id, shipping_address, shipped_at, delivered_at, shipping_status) VALUES (68, 26, '(04337) 서울특별시 용산구 신흥로 115-1', '2025-05-07 19:08:36', '2025-05-14 19:08:36', '배송완료');
INSERT INTO Shipping (shipping_id, purchase_id, shipping_address, shipped_at, delivered_at, shipping_status) VALUES (69, 123, '(03765) 서울특별시 서대문구 이화여대길 88-11', '2025-04-11 14:48:09', NULL, '배송중');
INSERT INTO Shipping (shipping_id, purchase_id, shipping_address, shipped_at, delivered_at, shipping_status) VALUES (70, 49, '(47900) 부산 동래구 온천천로453번길 14 2층', '2025-05-20 05:14:28', '2025-05-25 05:14:28', '배송완료');
INSERT INTO Shipping (shipping_id, purchase_id, shipping_address, shipped_at, delivered_at, shipping_status) VALUES (71, 28, '(07605) 서울특별시 강서구 방화대로33길 13 1층', '2025-05-11 23:18:14', NULL, '배송준비중');
INSERT INTO Shipping (shipping_id, purchase_id, shipping_address, shipped_at, delivered_at, shipping_status) VALUES (72, 42, '(54022) 전라북도 군산시 구영5길 21-26', '2025-02-28 06:40:07', NULL, '배송준비중');
INSERT INTO Shipping (shipping_id, purchase_id, shipping_address, shipped_at, delivered_at, shipping_status) VALUES (73, 7, '(04550) 서울특별시 중구 을지로 114-6 606호', '2025-04-21 11:03:01', NULL, '배송중');
INSERT INTO Shipping (shipping_id, purchase_id, shipping_address, shipped_at, delivered_at, shipping_status) VALUES (74, 90, '(48967) 부산광역시 중구 책방골목길 8-1 1층', '2025-04-29 03:16:08', '2025-05-04 03:16:08', '배송완료');
INSERT INTO Shipping (shipping_id, purchase_id, shipping_address, shipped_at, delivered_at, shipping_status) VALUES (75, 118, '(61980) 광주광역시 서구 화운로 136 1층', '2025-05-21 01:03:22', NULL, '배송중');
INSERT INTO Shipping (shipping_id, purchase_id, shipping_address, shipped_at, delivered_at, shipping_status) VALUES (76, 4, '(07016) 서울특별시 동작구 동작대로9가길 32 1층', '2025-04-29 15:36:11', '2025-05-05 15:36:11', '배송완료');
INSERT INTO Shipping (shipping_id, purchase_id, shipping_address, shipped_at, delivered_at, shipping_status) VALUES (77, 25, '(10298) 경기도 고양시 덕양구 원당로113번길 48-7', '2025-04-13 08:33:30', NULL, '배송준비중');
INSERT INTO Shipping (shipping_id, purchase_id, shipping_address, shipped_at, delivered_at, shipping_status) VALUES (78, 44, '(03765) 서울특별시 서대문구 이화여대길 88-11', '2025-04-26 10:48:10', NULL, '배송중');
INSERT INTO Shipping (shipping_id, purchase_id, shipping_address, shipped_at, delivered_at, shipping_status) VALUES (79, 86, '(07605) 서울특별시 강서구 방화대로33길 13 1층', '2025-05-15 10:08:36', NULL, '배송준비중');
INSERT INTO Shipping (shipping_id, purchase_id, shipping_address, shipped_at, delivered_at, shipping_status) VALUES (80, 5, '(48967) 부산광역시 중구 책방골목길 8-1 1층', '2025-05-18 09:45:37', NULL, '배송준비중');
INSERT INTO Shipping (shipping_id, purchase_id, shipping_address, shipped_at, delivered_at, shipping_status) VALUES (81, 96, '(63361) 제주특별자치도 제주시 구좌읍 세화11길 8', '2025-05-17 07:50:06', '2025-05-22 07:50:06', '배송완료');
INSERT INTO Shipping (shipping_id, purchase_id, shipping_address, shipped_at, delivered_at, shipping_status) VALUES (82, 106, '(54022) 전라북도 군산시 구영5길 21-26', '2025-05-15 21:34:45', '2025-05-17 21:34:45', '배송완료');
INSERT INTO Shipping (shipping_id, purchase_id, shipping_address, shipped_at, delivered_at, shipping_status) VALUES (83, 68, '(12533) 경기도 양평군 양동면 고송길 35-37', '2025-05-17 10:25:32', NULL, '배송중');
INSERT INTO Shipping (shipping_id, purchase_id, shipping_address, shipped_at, delivered_at, shipping_status) VALUES (84, 19, '(51428) 경상남도 창원시 의창구 외동반림로254번길 8-1', '2025-05-19 01:49:08', NULL, '배송준비중');
INSERT INTO Shipping (shipping_id, purchase_id, shipping_address, shipped_at, delivered_at, shipping_status) VALUES (85, 9, '(54022) 전라북도 군산시 구영5길 21-26', '2025-05-06 01:45:46', '2025-05-11 01:45:46', '배송완료');
INSERT INTO Shipping (shipping_id, purchase_id, shipping_address, shipped_at, delivered_at, shipping_status) VALUES (86, 57, '(57340) 전라남도 담양군 담양읍 객사3길 9-1', '2025-05-06 02:21:41', NULL, '배송준비중');
INSERT INTO Shipping (shipping_id, purchase_id, shipping_address, shipped_at, delivered_at, shipping_status) VALUES (87, 83, '(07605) 서울특별시 강서구 방화대로33길 13 1층', '2025-04-22 20:42:16', '2025-04-24 20:42:16', '배송완료');
INSERT INTO Shipping (shipping_id, purchase_id, shipping_address, shipped_at, delivered_at, shipping_status) VALUES (88, 116, '(24412) 강원도 춘천시 신동면 금병의숙1길 19', '2025-05-18 16:24:48', NULL, '배송준비중');
INSERT INTO Shipping (shipping_id, purchase_id, shipping_address, shipped_at, delivered_at, shipping_status) VALUES (89, 101, '(08613) 서울특별시 금천구 시흥대로73길 11 무지개상가 309호', '2025-05-20 08:55:48', NULL, '배송준비중');
INSERT INTO Shipping (shipping_id, purchase_id, shipping_address, shipped_at, delivered_at, shipping_status) VALUES (90, 13, '(02864) 서울특별시 성북구 삼선교로16길 16-3', '2025-04-05 15:20:04', NULL, '배송준비중');
INSERT INTO Shipping (shipping_id, purchase_id, shipping_address, shipped_at, delivered_at, shipping_status) VALUES (91, 3, '(34625) 대전광역시 동구 선화로 212 2층', '2025-05-19 11:45:57', NULL, '배송중');
INSERT INTO Shipping (shipping_id, purchase_id, shipping_address, shipped_at, delivered_at, shipping_status) VALUES (92, 36, '(04549) 서울특별시 중구 을지로20길 32-3 203호', '2025-05-07 15:21:19', NULL, '배송중');
INSERT INTO Shipping (shipping_id, purchase_id, shipping_address, shipped_at, delivered_at, shipping_status) VALUES (93, 32, '(63055) 제주 제주시 애월읍 장유길 44', '2025-04-22 10:37:04', NULL, '배송준비중');
INSERT INTO Shipping (shipping_id, purchase_id, shipping_address, shipped_at, delivered_at, shipping_status) VALUES (94, 107, '(03765) 서울특별시 서대문구 이화여대길 88-11', '2025-04-08 20:23:34', NULL, '배송중');
INSERT INTO Shipping (shipping_id, purchase_id, shipping_address, shipped_at, delivered_at, shipping_status) VALUES (95, 71, '(51017) 경상남도 김해시 율하3로8번길 38', '2025-03-20 13:02:30', NULL, '배송중');
INSERT INTO Shipping (shipping_id, purchase_id, shipping_address, shipped_at, delivered_at, shipping_status) VALUES (96, 77, '(41958) 대구광역시 중구 봉산문화길 19 2층', '2025-05-17 04:02:25', NULL, '배송준비중');
INSERT INTO Shipping (shipping_id, purchase_id, shipping_address, shipped_at, delivered_at, shipping_status) VALUES (97, 103, '(57340) 전라남도 담양군 담양읍 객사3길 9-1', '2025-05-11 22:12:52', NULL, '배송준비중');
INSERT INTO Shipping (shipping_id, purchase_id, shipping_address, shipped_at, delivered_at, shipping_status) VALUES (98, 50, '(03194) 서울특별시 종로구 청계천로 159 3층 외부 바열 328호', '2025-05-13 06:39:24', '2025-05-19 06:39:24', '배송완료');
INSERT INTO Shipping (shipping_id, purchase_id, shipping_address, shipped_at, delivered_at, shipping_status) VALUES (99, 65, '(55038) 전라북도 전주시 완산구 전라감영4길 16-7 3층', '2025-03-31 08:58:26', '2025-04-07 08:58:26', '배송완료');
INSERT INTO Shipping (shipping_id, purchase_id, shipping_address, shipped_at, delivered_at, shipping_status) VALUES (100, 104, '(07605) 서울특별시 강서구 방화대로33길 13 1층', '2025-05-20 14:03:17', NULL, '배송중');
INSERT INTO Shipping (shipping_id, purchase_id, shipping_address, shipped_at, delivered_at, shipping_status) VALUES (101, 38, '(16904) 경기도 용인시 기흥구 신촌로73번길 5-1 102호', '2025-05-19 05:01:56', '2025-05-20 05:01:56', '배송완료');
INSERT INTO Shipping (shipping_id, purchase_id, shipping_address, shipped_at, delivered_at, shipping_status) VALUES (102, 110, '(63528) 제주 서귀포시 안덕면 사계로114번길 54-58 1층', '2025-05-07 10:38:13', NULL, '배송중');
INSERT INTO Shipping (shipping_id, purchase_id, shipping_address, shipped_at, delivered_at, shipping_status) VALUES (103, 115, '(04339) 서울특별시 용산구 신흥로16길 7', '2025-05-21 02:41:48', NULL, '배송중');
INSERT INTO Shipping (shipping_id, purchase_id, shipping_address, shipped_at, delivered_at, shipping_status) VALUES (104, 23, '(54039) 전라북도 군산시 풍문2길 5-2', '2025-05-08 11:19:32', NULL, '배송중');
INSERT INTO Shipping (shipping_id, purchase_id, shipping_address, shipped_at, delivered_at, shipping_status) VALUES (105, 76, '(63361) 제주특별자치도 제주시 구좌읍 세화11길 8', '2025-05-12 20:42:29', '2025-05-15 20:42:29', '배송완료');
INSERT INTO Shipping (shipping_id, purchase_id, shipping_address, shipped_at, delivered_at, shipping_status) VALUES (106, 22, '(63528) 제주 서귀포시 안덕면 사계로114번길 54-58 1층', '2025-04-08 17:39:17', NULL, '배송중');
INSERT INTO Shipping (shipping_id, purchase_id, shipping_address, shipped_at, delivered_at, shipping_status) VALUES (107, 119, '(48930) 부산광역시 중구 대청로141번길 17 1층', '2025-04-25 17:58:11', NULL, '배송중');
INSERT INTO Shipping (shipping_id, purchase_id, shipping_address, shipped_at, delivered_at, shipping_status) VALUES (108, 67, '(04549) 서울특별시 중구 을지로20길 32-3 203호', '2025-05-11 01:31:26', NULL, '배송준비중');
INSERT INTO Shipping (shipping_id, purchase_id, shipping_address, shipped_at, delivered_at, shipping_status) VALUES (109, 11, '(03194) 서울특별시 종로구 청계천로 159 3층 외부 바열 328호', '2025-05-02 16:51:25', NULL, '배송준비중');
INSERT INTO Shipping (shipping_id, purchase_id, shipping_address, shipped_at, delivered_at, shipping_status) VALUES (110, 34, '(17389) 경기도 이천시 마장면 덕평로877번길 16', '2025-05-05 03:08:09', NULL, '배송준비중');
INSERT INTO Shipping (shipping_id, purchase_id, shipping_address, shipped_at, delivered_at, shipping_status) VALUES (111, 113, '(33124) 충청남도 부여군 규암면 자온로 82', '2025-04-11 12:18:52', NULL, '배송준비중');
INSERT INTO Shipping (shipping_id, purchase_id, shipping_address, shipped_at, delivered_at, shipping_status) VALUES (112, 99, '(04337) 서울특별시 용산구 신흥로 115-1', '2025-05-18 15:55:56', NULL, '배송준비중');
INSERT INTO Shipping (shipping_id, purchase_id, shipping_address, shipped_at, delivered_at, shipping_status) VALUES (113, 55, '(02529) 서울특별시 동대문구 답십리로63길 30 101호', '2025-04-27 18:04:38', NULL, '배송중');
INSERT INTO Shipping (shipping_id, purchase_id, shipping_address, shipped_at, delivered_at, shipping_status) VALUES (114, 79, '(02864) 서울특별시 성북구 삼선교로16길 16-3', '2025-05-07 05:00:08', NULL, '배송중');
INSERT INTO Shipping (shipping_id, purchase_id, shipping_address, shipped_at, delivered_at, shipping_status) VALUES (115, 31, '(23058) 인천광역시 강화군 양도면 강화남로428번길 46-27', '2025-03-20 20:37:59', '2025-03-26 20:37:59', '배송완료');
INSERT INTO Shipping (shipping_id, purchase_id, shipping_address, shipped_at, delivered_at, shipping_status) VALUES (116, 2, '(34085) 대전광역시 유성구 은구비서로24번길 6 지하 1층', '2025-05-09 11:28:41', NULL, '배송중');
INSERT INTO Shipping (shipping_id, purchase_id, shipping_address, shipped_at, delivered_at, shipping_status) VALUES (117, 6, '(21566) 인천광역시 남동구 문화서로49번길 39 103호', '2025-05-16 00:02:54', NULL, '배송준비중');
INSERT INTO Shipping (shipping_id, purchase_id, shipping_address, shipped_at, delivered_at, shipping_status) VALUES (118, 75, '(16904) 경기도 용인시 기흥구 신촌로73번길 5-1 102호', '2025-05-18 15:00:06', '2025-05-22 15:00:06', '배송완료');
INSERT INTO Shipping (shipping_id, purchase_id, shipping_address, shipped_at, delivered_at, shipping_status) VALUES (119, 47, '(24412) 강원도 춘천시 신동면 금병의숙1길 19', '2025-04-21 06:33:32', NULL, '배송준비중');
INSERT INTO Shipping (shipping_id, purchase_id, shipping_address, shipped_at, delivered_at, shipping_status) VALUES (120, 111, '(12533) 경기도 양평군 양동면 고송길 35-37', '2025-05-15 10:09:39', NULL, '배송준비중');
INSERT INTO Shipping (shipping_id, purchase_id, shipping_address, shipped_at, delivered_at, shipping_status) VALUES (121, 61, '(17006) 경기도 용인시 기흥구 동백5로 22 쥬네브문월드 가동 137호', '2025-02-23 22:58:30', '2025-03-01 22:58:30', '배송완료');
INSERT INTO Shipping (shipping_id, purchase_id, shipping_address, shipped_at, delivered_at, shipping_status) VALUES (122, 73, '(04339) 서울특별시 용산구 신흥로16길 7', '2025-05-17 00:12:50', NULL, '배송준비중');
INSERT INTO Shipping (shipping_id, purchase_id, shipping_address, shipped_at, delivered_at, shipping_status) VALUES (123, 117, '(02864) 서울특별시 성북구 삼선교로16길 16-3', '2025-05-21 01:16:04', NULL, '배송준비중');
INSERT INTO Shipping (shipping_id, purchase_id, shipping_address, shipped_at, delivered_at, shipping_status) VALUES (124, 120, '(23058) 인천광역시 강화군 양도면 강화남로428번길 46-27', '2025-04-20 06:47:39', NULL, '배송중');
INSERT INTO Shipping (shipping_id, purchase_id, shipping_address, shipped_at, delivered_at, shipping_status) VALUES (125, 35, '(04345) 서울특별시 용산구 회나무로12길 5 Beleben 벨리븐', '2025-04-29 15:37:48', '2025-05-01 15:37:48', '배송완료');

SET FOREIGN_KEY_CHECKS = 1;
