-- 중고 도서 마켓플레이스 초기 데이터 (V8 - 변경된 스키마, PurchaseOrder ID 및 Shipping 상태 현실화)
SET FOREIGN_KEY_CHECKS = 0;

-- Users 테이블 데이터
INSERT INTO Users (user_id, username, email, join_date, address) VALUES (1, '문준호', 'minus128@nate.com', '2024-02-09 23:36:34', '(55038) 전라북도 전주시 완산구 전라감영4길 1 4층');
INSERT INTO Users (user_id, username, email, join_date, address) VALUES (2, '권지혜', 'ad859@nate.com', '2024-01-30 03:04:01', '(57964) 전라남도 순천시 역전2길 10 심다');
INSERT INTO Users (user_id, username, email, join_date, address) VALUES (3, '서민서', 'nemo943@daum.net', '2024-06-26 02:11:47', '(04778) 서울특별시 성동구 왕십리로 92 4층');
INSERT INTO Users (user_id, username, email, join_date, address) VALUES (4, '박상철', 'voluptatem718@daum.net', '2023-10-05 09:41:50', '(63528) 제주 서귀포시 안덕면 사계로114번길 54-58 1층');
INSERT INTO Users (user_id, username, email, join_date, address) VALUES (5, '강동현', 'incidunt917@naver.com', '2023-10-11 01:38:04', '(10406) 경기도 고양시 일산동구 일산로380번길 43-11');
INSERT INTO Users (user_id, username, email, join_date, address) VALUES (6, '강시우', 'ut936@nate.com', '2025-03-26 07:15:15', '(28545) 충청북도 청주시 상당구 상당로115번길 61 2층');
INSERT INTO Users (user_id, username, email, join_date, address) VALUES (7, '박민지', 'ipsa843@nate.com', '2025-02-05 00:52:19', '(63611) 제주특별자치도 서귀포시 남원읍 태위로 87 1층');
INSERT INTO Users (user_id, username, email, join_date, address) VALUES (8, '최정희', 'maiores495@nate.com', '2024-03-31 01:00:55', '(38877) 경상북도 영천시 금호읍 금호시장길 5 1층');
INSERT INTO Users (user_id, username, email, join_date, address) VALUES (9, '이지연', 'neque311@daum.net', '2024-06-29 11:40:19', '(05271) 서울특별시 강동구 동남로65길 15-5');
INSERT INTO Users (user_id, username, email, join_date, address) VALUES (10, '김지영', 'suscipit239@daum.net', '2024-05-07 13:23:09', '(24259) 강원도 춘천시 전원길 27-1');
INSERT INTO Users (user_id, username, email, join_date, address) VALUES (11, '백준혁', 'ullam433@nate.com', '2024-09-23 04:10:26', '(04591) 서울특별시 중구 다산로20길 26 2층');
INSERT INTO Users (user_id, username, email, join_date, address) VALUES (12, '김정식', 'dicta993@kakao.com', '2023-07-14 18:02:04', '(07638) 서울특별시 강서구 강서로45길 132-14');
INSERT INTO Users (user_id, username, email, join_date, address) VALUES (13, '고민석', 'temporibus687@nate.com', '2025-03-28 01:45:52', '(18282) 경기도 화성시 비봉면 남전로116번길 35');
INSERT INTO Users (user_id, username, email, join_date, address) VALUES (14, '김준서', 'reiciendis218@naver.com', '2023-12-27 20:48:37', '(16624) 경기도 수원시 권선구 매송고색로711번길 26');
INSERT INTO Users (user_id, username, email, join_date, address) VALUES (15, '이정남', 'veniam462@gmail.com', '2025-03-23 05:08:51', '(01693) 서울특별시 노원구 상계로3길 38-8 3층');
INSERT INTO Users (user_id, username, email, join_date, address) VALUES (16, '김지아', 'ab54quas@daum.net', '2023-09-23 04:56:32', '(54830) 전라북도 전주시 덕진구 두간11길 15');
INSERT INTO Users (user_id, username, email, join_date, address) VALUES (17, '박성수', 'ut878@nate.com', '2023-11-24 19:18:35', '(10106) 경기도 김포시 북변중로 51-1 2층');
INSERT INTO Users (user_id, username, email, join_date, address) VALUES (18, '이영환', 'quis542@nate.com', '2024-05-21 05:30:16', '(23017) 인천광역시 강화군 내가면 구하리 495');
INSERT INTO Users (user_id, username, email, join_date, address) VALUES (19, '김현준', 'dignissimos732@naver.com', '2023-10-02 12:51:26', '(26423) 강원도 원주시 금불4길 23 제1층 102호');
INSERT INTO Users (user_id, username, email, join_date, address) VALUES (20, '조수민', 'non203@nate.com', '2024-11-30 12:53:51', '(22729) 인천광역시 서구 심곡로24번길 18 1층 마음');
INSERT INTO Users (user_id, username, email, join_date, address) VALUES (21, '김준영', 'maxime498@daum.net', '2024-10-28 17:48:09', '(63010) 제주특별자치도 제주시 한림읍 금능9길 1-1 밖거리');
INSERT INTO Users (user_id, username, email, join_date, address) VALUES (22, '문영순', 'corrupti401@naver.com', '2024-06-21 20:18:26', '(31123) 충청남도 천안시 동남구 먹거리8길 11 1층');
INSERT INTO Users (user_id, username, email, join_date, address) VALUES (23, '김정웅', 'similique781@gmail.com', '2024-02-21 10:41:21', '(03130) 서울특별시 종로구 종로 183 효성주얼리시티 지하2층 S2016');
INSERT INTO Users (user_id, username, email, join_date, address) VALUES (24, '류종수', 'consectetur847@gmail.com', '2024-06-15 13:13:47', '(03036) 서울특별시 종로구 자하문로15길 26-4');
INSERT INTO Users (user_id, username, email, join_date, address) VALUES (25, '홍수진', 'sapiente187@daum.net', '2024-11-29 20:16:57', '(03057) 서울특별시 종로구 창덕궁길 153 1층 비화림');
INSERT INTO Users (user_id, username, email, join_date, address) VALUES (26, '최서준', 'provident109@nate.com', '2023-07-30 14:56:16', '(46726) 부산 강서구 명지국제3로 97 삼정그린코아더베스트 상가 1층 D111호');
INSERT INTO Users (user_id, username, email, join_date, address) VALUES (27, '최은서', 'assumenda594@nate.com', '2023-06-09 13:09:35', '(34625) 대전광역시 동구 선화로 212 2층');
INSERT INTO Users (user_id, username, email, join_date, address) VALUES (28, '장건우', 'in682@daum.net', '2025-02-23 05:32:18', '(58568) 전남 무안군 삼향읍 남악5로60번길 31-8');
INSERT INTO Users (user_id, username, email, join_date, address) VALUES (29, '최수민', 'debitis867@kakao.com', '2023-10-28 18:30:53', '(07692) 서울특별시 강서구 우장산로4길 83 1층');
INSERT INTO Users (user_id, username, email, join_date, address) VALUES (30, '윤정남', 'nesciunt16@daum.net', '2023-09-15 22:32:37', '(54604) 전라북도 익산시 평동로11길 12 남부시장 내 두 번째 집');
INSERT INTO Users (user_id, username, email, join_date, address) VALUES (31, '박준혁', 'molestiae256@kakao.com', '2024-07-20 22:31:34', '(34609) 대전광역시 동구 동대전로 121 1층 102호');
INSERT INTO Users (user_id, username, email, join_date, address) VALUES (32, '김예지', 'aperiam114@kakao.com', '2024-11-26 16:45:35', '(48231) 부산 수영구 망미번영로 69-1 쇼핑그라운드2 101호');
INSERT INTO Users (user_id, username, email, join_date, address) VALUES (33, '김광수', 'ipsam543@daum.net', '2023-10-12 22:49:12', '(02832) 서울특별시 성북구 동소문로13가길 36 성북동');
INSERT INTO Users (user_id, username, email, join_date, address) VALUES (34, '황혜진', 'omnis596@gmail.com', '2024-03-30 19:02:26', '(15833) 경기도 군포시 오금로134번안길 5 102호');
INSERT INTO Users (user_id, username, email, join_date, address) VALUES (35, '박민석', 'distinctio155@naver.com', '2024-03-17 00:16:30', '(07013) 서울특별시 동작구 사당로30길 42');
INSERT INTO Users (user_id, username, email, join_date, address) VALUES (36, '이예원', 'iure439@naver.com', '2023-12-04 04:38:54', '(63168) 제주 제주시 관덕로8길 17 2층');
INSERT INTO Users (user_id, username, email, join_date, address) VALUES (37, '송윤서', 'expedita805@daum.net', '2024-01-31 04:21:01', '(42492) 대구광역시 남구 안지랑로7길 15');
INSERT INTO Users (user_id, username, email, join_date, address) VALUES (38, '성중수', 'adipisci765@naver.com', '2024-12-03 11:18:42', '(63194) 제주특별자치도 제주시 삼성로1길 1 , 1층');
INSERT INTO Users (user_id, username, email, join_date, address) VALUES (39, '이정웅', 'deserunt329@nate.com', '2023-08-09 01:02:42', '(63361) 제주특별자치도 제주시 구좌읍 세화11길 8');
INSERT INTO Users (user_id, username, email, join_date, address) VALUES (40, '김미경', 'accusamus767@daum.net', '2024-11-21 13:59:36', '(06690) 서울특별시 서초구 효령로5길 26-4 1층');
INSERT INTO Users (user_id, username, email, join_date, address) VALUES (41, '강진호', 'sapiente666@nate.com', '2025-05-18 07:01:36', '(21569) 인천광역시 남동구 문화서로28번길 13-1');
INSERT INTO Users (user_id, username, email, join_date, address) VALUES (42, '최정수', 'corporis796@nate.com', '2024-03-19 15:28:41', '(08737) 서울특별시 관악구 관악로 204 3층 301호');
INSERT INTO Users (user_id, username, email, join_date, address) VALUES (43, '이성수', 'fugit291@daum.net', '2025-02-07 16:07:51', '(51458) 경상남도 창원시 성산구 창이대로719번길 17');
INSERT INTO Users (user_id, username, email, join_date, address) VALUES (44, '진주원', 'ab37ipsum@daum.net', '2023-10-19 19:49:29', '(48930) 부산광역시 중구 대청로141번길 17 1층');
INSERT INTO Users (user_id, username, email, join_date, address) VALUES (45, '이예준', 'officia867@nate.com', '2024-01-05 02:23:39', '(08739) 서울특별시 관악구 남부순환로231길 11 태주빌라 1층');
INSERT INTO Users (user_id, username, email, join_date, address) VALUES (46, '박상현', 'aliquid840@gmail.com', '2023-07-22 16:50:19', '(06783) 서울특별시 서초구 논현로7길 24 101호');
INSERT INTO Users (user_id, username, email, join_date, address) VALUES (47, '김진호', 'odit764@daum.net', '2024-02-03 07:02:33', '(21337) 인천광역시 부평구 장제로249번길 16 1층');
INSERT INTO Users (user_id, username, email, join_date, address) VALUES (48, '이하윤', 'cumque395@naver.com', '2024-12-15 04:47:08', '(48951) 부산광역시 중구 대청로126번길 28-1');
INSERT INTO Users (user_id, username, email, join_date, address) VALUES (49, '홍춘자', 'omnis345@daum.net', '2025-01-04 01:59:59', '(48930) 부산광역시 중구 대청로141번길 15-1 1층');
INSERT INTO Users (user_id, username, email, join_date, address) VALUES (50, '김영자', 'corrupti687@naver.com', '2024-06-03 20:05:46', '(48411) 부산광역시 남구 전포대로110번길 8 지하1층');

-- Book 테이블 데이터
INSERT INTO Book (book_id, title, author, publisher, isbn, published_date) VALUES (1, '소년이 온다', '한강', '창비', '9788936434120', 2014);
INSERT INTO Book (book_id, title, author, publisher, isbn, published_date) VALUES (2, '작별하지 않는다', '한강', '문학동네', '9788954682152', 2021);
INSERT INTO Book (book_id, title, author, publisher, isbn, published_date) VALUES (3, '채식주의자 (리마스터판)', '한강', '창비', '9788936434595', 2022);
INSERT INTO Book (book_id, title, author, publisher, isbn, published_date) VALUES (4, '흰', '한강', '문학동네', '9791141601713', 2025);
INSERT INTO Book (book_id, title, author, publisher, isbn, published_date) VALUES (5, 'ETS 토익 정기시험 기출문제집 1000 Vol. 4 Reading (리딩)', 'ETS', '(주)YBM(와이비엠)', '9788917239508', 2023);
INSERT INTO Book (book_id, title, author, publisher, isbn, published_date) VALUES (6, 'ETS 토익 정기시험 기출문제집 1000 Vol. 4 Listening (리스닝)', 'ETS', '(주)YBM(와이비엠)', '9788917239492', 2023);
INSERT INTO Book (book_id, title, author, publisher, isbn, published_date) VALUES (7, '이처럼 사소한 것들', '클레어 키건', '다산책방', '9791130646381', 2023);
INSERT INTO Book (book_id, title, author, publisher, isbn, published_date) VALUES (8, '서랍에 저녁을 넣어 두었다', '한강', '문학과지성사', '9788932024639', 2013);
INSERT INTO Book (book_id, title, author, publisher, isbn, published_date) VALUES (9, '그의 운명에 대한 아주 개인적인 생각', '유시민', '생각의길', '9788965138068', 2024);
INSERT INTO Book (book_id, title, author, publisher, isbn, published_date) VALUES (10, '불변의 법칙', '모건 하우절', '서삼독', '9791198517425', 2024);
INSERT INTO Book (book_id, title, author, publisher, isbn, published_date) VALUES (11, '세이노의 가르침 (화이트 에디션)', '세이노', '데이원', '9791168473690', 2023);
INSERT INTO Book (book_id, title, author, publisher, isbn, published_date) VALUES (12, '희랍어 시간', '한강', '문학동네', '9788954616515', 2011);
INSERT INTO Book (book_id, title, author, publisher, isbn, published_date) VALUES (13, '트렌드 코리아 2025', '김난도 외', '미래의창', '9788959897223', 2024);
INSERT INTO Book (book_id, title, author, publisher, isbn, published_date) VALUES (14, '해커스 토익 기출 VOCA (보카)', 'David Cho', '해커스어학연구소(Hackers)', '9788965422785', 2024);
INSERT INTO Book (book_id, title, author, publisher, isbn, published_date) VALUES (15, '모순', '양귀자', '쓰다', '9788998441012', 2013);
INSERT INTO Book (book_id, title, author, publisher, isbn, published_date) VALUES (16, '빨모쌤의 라이브 영어회화', '빨간모자쌤 신용하', '웅진지식하우스', '9788901281797', 2024);
INSERT INTO Book (book_id, title, author, publisher, isbn, published_date) VALUES (17, '나를 소모하지 않는 현명한 태도에 관하여', '마티아스 뇔케', '퍼스트펭귄', '9791198682505', 2024);
INSERT INTO Book (book_id, title, author, publisher, isbn, published_date) VALUES (18, '언젠가 우리가 같은 별을 바라본다면', '차인표', '해결책', '9791191061048', 2021);
INSERT INTO Book (book_id, title, author, publisher, isbn, published_date) VALUES (19, '일류의 조건', '사이토 다카시', '필름(Feelm)', '9791193262122', 2024);
INSERT INTO Book (book_id, title, author, publisher, isbn, published_date) VALUES (20, '맡겨진 소녀', '클레어 키건', '다산책방', '9791130698199', 2023);
INSERT INTO Book (book_id, title, author, publisher, isbn, published_date) VALUES (21, '선재 업고 튀어 1~2 세트 - 전2권', '이시은', '북로그컴퍼니', '9791168030817', 2024);
INSERT INTO Book (book_id, title, author, publisher, isbn, published_date) VALUES (22, '아이는 무엇으로 자라는가', '버지니아 사티어', '포레스트북스', '9791193506202', 2023);
INSERT INTO Book (book_id, title, author, publisher, isbn, published_date) VALUES (23, '리틀 라이프 1', '한야 야나기하라', '시공사', '9788952776372', 2016);
INSERT INTO Book (book_id, title, author, publisher, isbn, published_date) VALUES (24, '허송세월', '김훈', '나남출판', '9788930041683', 2024);
INSERT INTO Book (book_id, title, author, publisher, isbn, published_date) VALUES (25, '디 에센셜 한강 (무선 보급판)', '한강', '문학동네', '9788954693462', 2023);
INSERT INTO Book (book_id, title, author, publisher, isbn, published_date) VALUES (26, '처음부터 시작하는 주식투자 단타전략', '홍인기', '길벗', '9791140707492', 2023);
INSERT INTO Book (book_id, title, author, publisher, isbn, published_date) VALUES (27, '영원한 천국', '정유정', '은행나무', '9791167374561', 2024);
INSERT INTO Book (book_id, title, author, publisher, isbn, published_date) VALUES (28, 'THE MONEY BOOK 더 머니북', '토스', '비바리퍼블리카', '9791198686114', 2024);
INSERT INTO Book (book_id, title, author, publisher, isbn, published_date) VALUES (29, '도둑맞은 집중력', '요한 하리', '어크로스', '9791167740984', 2023);
INSERT INTO Book (book_id, title, author, publisher, isbn, published_date) VALUES (30, '넥서스', '유발 하라리', '김영사', '9791194330424', 2024);
INSERT INTO Book (book_id, title, author, publisher, isbn, published_date) VALUES (31, '리틀 라이프 2', '한야 야나기하라', '시공사', '9788952776389', 2016);
INSERT INTO Book (book_id, title, author, publisher, isbn, published_date) VALUES (32, '일본어 무작정 따라하기 완전판', '후지이 아사리', '길벗이지톡', '9791165219956', 2022);
INSERT INTO Book (book_id, title, author, publisher, isbn, published_date) VALUES (33, 'EBS 다큐프라임 자본주의', 'EBS 자본주의 제작팀', '가나출판사', '9788957365793', 2013);
INSERT INTO Book (book_id, title, author, publisher, isbn, published_date) VALUES (34, '당신이 누군가를 죽였다', '히가시노 게이고', '북다', '9791170611561', 2024);
INSERT INTO Book (book_id, title, author, publisher, isbn, published_date) VALUES (35, '내 몸 혁명', '박용우', '루미너스', '9791198553317', 2024);
INSERT INTO Book (book_id, title, author, publisher, isbn, published_date) VALUES (36, '트럼프 2.0 시대', '박종훈', '글로퍼스', '9791198987600', 2024);
INSERT INTO Book (book_id, title, author, publisher, isbn, published_date) VALUES (37, '찌그러져도 동그라미입니다', '김창완', '웅진지식하우스', '9788901280684', 2024);
INSERT INTO Book (book_id, title, author, publisher, isbn, published_date) VALUES (38, '바람이 분다, 가라', '한강', '문학과지성사', '9788932020006', 2010);
INSERT INTO Book (book_id, title, author, publisher, isbn, published_date) VALUES (39, '남에게 보여주려고 인생을 낭비하지 마라', '아르투어 쇼펜하우어', '페이지2(page2)', '9791169850445', 2023);
INSERT INTO Book (book_id, title, author, publisher, isbn, published_date) VALUES (40, '두 사람의 인터내셔널', '김기태', '문학동네', '9788954697941', 2024);
INSERT INTO Book (book_id, title, author, publisher, isbn, published_date) VALUES (41, '알사탕 제조법', '백희나', 'Storybowl(스토리보울)', '9791198610607', 2024);
INSERT INTO Book (book_id, title, author, publisher, isbn, published_date) VALUES (42, '만화로 보는 3분 철학 1 : 서양 고대 철학편', '김재훈.서정욱', '카시오페아', '9791190776752', 2021);
INSERT INTO Book (book_id, title, author, publisher, isbn, published_date) VALUES (43, '국어 잘하는 아이가 이깁니다', '나민애', '김영사', '9788934965404', 2024);
INSERT INTO Book (book_id, title, author, publisher, isbn, published_date) VALUES (44, '작은 땅의 야수들', '김주혜', '다산책방', '9791130642574', 2023);
INSERT INTO Book (book_id, title, author, publisher, isbn, published_date) VALUES (45, '더 좋은 문장을 쓰고 싶은 당신을 위한 필사책', '이주윤', '빅피시', '9791194033127', 2024);
INSERT INTO Book (book_id, title, author, publisher, isbn, published_date) VALUES (46, '나는 읽고 쓰고 버린다', '손웅정', '난다', '9791191859836', 2024);
INSERT INTO Book (book_id, title, author, publisher, isbn, published_date) VALUES (47, '2024 제15회 젊은작가상 수상작품집', '김멜라 외', '문학동네', '9788954638746', 2024);
INSERT INTO Book (book_id, title, author, publisher, isbn, published_date) VALUES (48, '데미안 (오리지널 초판본 표지디자인)', '헤르만 헤세', '코너스톤', '9791187011590', 2017);
INSERT INTO Book (book_id, title, author, publisher, isbn, published_date) VALUES (49, 'ETS 토익기출 파트별 VOCA 보카', 'ETS', '(주)YBM(와이비엠)', '9788917237481', 2022);
INSERT INTO Book (book_id, title, author, publisher, isbn, published_date) VALUES (50, '물고기는 존재하지 않는다', '룰루 밀러', '곰출판', '9791189327156', 2021);
INSERT INTO Book (book_id, title, author, publisher, isbn, published_date) VALUES (51, '느리게 나이 드는 습관', '정희원', '한빛라이프', '9791193080146', 2023);
INSERT INTO Book (book_id, title, author, publisher, isbn, published_date) VALUES (52, '죽이고 싶은 아이 2', '이꽃님', '우리학교', '9791167552723', 2024);
INSERT INTO Book (book_id, title, author, publisher, isbn, published_date) VALUES (53, '사랑인 줄 알았는데 부정맥', '사단법인 전국유료실버타운협회 포푸라샤 편집부', '포레스트북스', '9791193506073', 2024);
INSERT INTO Book (book_id, title, author, publisher, isbn, published_date) VALUES (54, 'ETS 토익 단기 공략 750+ (LC + RC)', 'ETS', '(주)YBM(와이비엠)', '9788917235944', 2020);
INSERT INTO Book (book_id, title, author, publisher, isbn, published_date) VALUES (55, '좋은 문장 표현에서 문장부호까지!', '이수연', '마리북스', '9791193270134', 2024);
INSERT INTO Book (book_id, title, author, publisher, isbn, published_date) VALUES (56, '여수의 사랑', '한강', '문학과지성사', '9788932034812', 2018);
INSERT INTO Book (book_id, title, author, publisher, isbn, published_date) VALUES (57, '구의 증명', '최진영', '은행나무', '9791167372864', 2023);
INSERT INTO Book (book_id, title, author, publisher, isbn, published_date) VALUES (58, '흐르는 강물처럼', '셸리 리드', '다산책방', '9791130649672', 2024);
INSERT INTO Book (book_id, title, author, publisher, isbn, published_date) VALUES (59, '초역 부처의 말', '코이케 류노스케', '포레스트북스', '9791193506516', 2024);
INSERT INTO Book (book_id, title, author, publisher, isbn, published_date) VALUES (60, '해커스 토익 RC Reading(리딩) 기본서', 'David Cho', '해커스어학연구소(Hackers)', '9788965424765', 2024);
INSERT INTO Book (book_id, title, author, publisher, isbn, published_date) VALUES (61, '불안 세대', '조너선 하이트', '웅진지식하우스', '9788901285894', 2024);
INSERT INTO Book (book_id, title, author, publisher, isbn, published_date) VALUES (62, '이기적 유전자', '리처드 도킨스', '을유문화사', '9788932473901', 2018);
INSERT INTO Book (book_id, title, author, publisher, isbn, published_date) VALUES (63, '코스모스', '칼 세이건', '사이언스북스', '9788983711892', 2006);
INSERT INTO Book (book_id, title, author, publisher, isbn, published_date) VALUES (64, '압수수색', '김용진.한상진.봉지욱', '뉴스타파', '9791198933225', 2025);
INSERT INTO Book (book_id, title, author, publisher, isbn, published_date) VALUES (65, '저속노화 식사법', '정희원', '테이스트북스', '9791141606862', 2024);
INSERT INTO Book (book_id, title, author, publisher, isbn, published_date) VALUES (66, '고층 입원실의 갱스터 할머니', '양유진', '21세기북스', '9791171174508', 2024);
INSERT INTO Book (book_id, title, author, publisher, isbn, published_date) VALUES (67, '흔한남매 16', '흔한남매', '미래엔아이세움', '9791168418011', 2024);
INSERT INTO Book (book_id, title, author, publisher, isbn, published_date) VALUES (68, '시대예보: 호명사회', '송길영', '교보문고(단행본)', '9791170611875', 2024);
INSERT INTO Book (book_id, title, author, publisher, isbn, published_date) VALUES (69, '주술회전 27 트리플 특장판', '아쿠타미 게게', '서울미디어코믹스(서울문화사)', '9791136791047', 2024);
INSERT INTO Book (book_id, title, author, publisher, isbn, published_date) VALUES (70, '퍼스널 MBA', '조쉬 카우프만', '진성북스', '9788997743605', 2024);
INSERT INTO Book (book_id, title, author, publisher, isbn, published_date) VALUES (71, '패밀리 레스토랑 가자. 上', '와야마 야마', '문학동네', '9788954698726', 2024);
INSERT INTO Book (book_id, title, author, publisher, isbn, published_date) VALUES (72, '사피엔스', '유발 하라리', '김영사', '9788934972464', 2023);
INSERT INTO Book (book_id, title, author, publisher, isbn, published_date) VALUES (73, '나는 나의 스무 살을 가장 존중한다', '이하영', '토네이도', '9791158512859', 2024);
INSERT INTO Book (book_id, title, author, publisher, isbn, published_date) VALUES (74, '부모의 어휘력', '김종원', '카시오페아', '9791168271999', 2024);
INSERT INTO Book (book_id, title, author, publisher, isbn, published_date) VALUES (75, '대온실 수리 보고서', '김금희', '창비', '9788936439651', 2024);
INSERT INTO Book (book_id, title, author, publisher, isbn, published_date) VALUES (76, '총 균 쇠', '제레드 다이아몬드', '김영사', '9788934942467', 2023);
INSERT INTO Book (book_id, title, author, publisher, isbn, published_date) VALUES (77, '아주 희미한 빛으로도', '최은영', '문학동네', '9788954695053', 2023);
INSERT INTO Book (book_id, title, author, publisher, isbn, published_date) VALUES (78, '사피엔스 : 그래픽 히스토리 Vol.1', '다니엘 카사나브', '김영사', '9788934991328', 2020);
INSERT INTO Book (book_id, title, author, publisher, isbn, published_date) VALUES (79, '진짜 쓰는 실무 엑셀', '오빠두', '제이펍', '9791191600704', 2022);
INSERT INTO Book (book_id, title, author, publisher, isbn, published_date) VALUES (80, '데일 카네기 인간관계론 (50만부 돌파 초판 무삭제 완역본)', '데일 카네기', '현대지성', '9791187142560', 2019);
INSERT INTO Book (book_id, title, author, publisher, isbn, published_date) VALUES (81, '지적 대화를 위한 넓고 얕은 지식 1', '채사장', '웨일북', '9791190313186', 2020);
INSERT INTO Book (book_id, title, author, publisher, isbn, published_date) VALUES (82, '해커스 토익 LC Listening(리스닝) 기본서', 'David Cho', '해커스어학연구소(Hackers)', '9788965424772', 2024);
INSERT INTO Book (book_id, title, author, publisher, isbn, published_date) VALUES (83, '찬란한 멸종', '이정모', '다산북스', '9791130655017', 2024);
INSERT INTO Book (book_id, title, author, publisher, isbn, published_date) VALUES (84, '꽃길이 따로 있나, 내 삶이 꽃인 것을', '오평선', '포레스트북스', '9791193506394', 2024);
INSERT INTO Book (book_id, title, author, publisher, isbn, published_date) VALUES (85, '원피스 108', '오다 에이치로', '대원씨아이(만화)', '9791172039448', 2024);
INSERT INTO Book (book_id, title, author, publisher, isbn, published_date) VALUES (86, '즐거운 어른', '이옥선', '이야기장수', '9791194184034', 2024);
INSERT INTO Book (book_id, title, author, publisher, isbn, published_date) VALUES (87, '감정의 이해', '엠마 헵번', '포레스트북스', '9791193506455', 2024);
INSERT INTO Book (book_id, title, author, publisher, isbn, published_date) VALUES (88, '딕테', '차학경', '문학사상', '9788970123103', 2024);
INSERT INTO Book (book_id, title, author, publisher, isbn, published_date) VALUES (89, '죽음의 수용소에서', '빅터 프랭클', '청아출판사', '9788936811549', 2020);
INSERT INTO Book (book_id, title, author, publisher, isbn, published_date) VALUES (90, '내가 한 말을 내가 오해하지 않기로 함', '문상훈', '위너스북', '9791189352745', 2024);
INSERT INTO Book (book_id, title, author, publisher, isbn, published_date) VALUES (91, '던전밥 14', '쿠이 료코', '㈜소미미디어', '9791138482769', 2024);
INSERT INTO Book (book_id, title, author, publisher, isbn, published_date) VALUES (92, '룩 백', '후지모토 타츠키', '학산문화사(만화)', '9791168761841', 2022);
INSERT INTO Book (book_id, title, author, publisher, isbn, published_date) VALUES (93, '세상은 이야기로 만들어졌다', '자미라 엘 우아실.프리데만 카릭', '원더박스', '9791192953151', 2023);
INSERT INTO Book (book_id, title, author, publisher, isbn, published_date) VALUES (94, '혼자일 수 없다면 나아갈 수 없다', '프리드리히 니체', '포레스트북스', '9791193506387', 2024);
INSERT INTO Book (book_id, title, author, publisher, isbn, published_date) VALUES (95, '나는 왜 남들보다 쉽게 지칠까', '최재훈', '서스테인', '9791193388075', 2024);
INSERT INTO Book (book_id, title, author, publisher, isbn, published_date) VALUES (96, '인간 실격', '다자이 오사무', '민음사', '9788937461033', 2004);
INSERT INTO Book (book_id, title, author, publisher, isbn, published_date) VALUES (97, '박태웅의 AI 강의 2025', '박태웅', '한빛비즈', '9791157847679', 2024);
INSERT INTO Book (book_id, title, author, publisher, isbn, published_date) VALUES (98, '내 여자의 열매', '한강', '문학과지성사', '9788932034829', 2018);
INSERT INTO Book (book_id, title, author, publisher, isbn, published_date) VALUES (99, '내면소통', '김주환', '인플루엔셜(주)', '9791168340855', 2023);
INSERT INTO Book (book_id, title, author, publisher, isbn, published_date) VALUES (100, '나는 다정한 관찰자가 되기로 했다', '이은경', '서교책방', '9791198752406', 2024);
INSERT INTO Book (book_id, title, author, publisher, isbn, published_date) VALUES (101, '사라진 것들', '앤드루 포터', '문학동네', '9788954697354', 2024);
INSERT INTO Book (book_id, title, author, publisher, isbn, published_date) VALUES (102, '싯다르타', '헤르만 헤세', '민음사', '9788937460586', 2002);
INSERT INTO Book (book_id, title, author, publisher, isbn, published_date) VALUES (103, '급류', '정대건', '민음사', '9788937473401', 2022);
INSERT INTO Book (book_id, title, author, publisher, isbn, published_date) VALUES (104, '누군가를 이토록 사랑한 적', '이병률', '문학과지성사', '9788932042725', 2024);
INSERT INTO Book (book_id, title, author, publisher, isbn, published_date) VALUES (105, '무례한 친구가 생겼어요', '크리스티나 퍼니발', '리틀포레스트', '9791193506332', 2024);
INSERT INTO Book (book_id, title, author, publisher, isbn, published_date) VALUES (106, '푸른 들판을 걷다', '클레어 키건', '다산책방', '9791130654621', 2024);
INSERT INTO Book (book_id, title, author, publisher, isbn, published_date) VALUES (107, '내 언어의 한계는 내 세계의 한계이다', '김종원', '마인드셋', '9791194072003', 2024);
INSERT INTO Book (book_id, title, author, publisher, isbn, published_date) VALUES (108, '죽이고 싶은 아이', '이꽃님', '우리학교', '9791190337755', 2021);
INSERT INTO Book (book_id, title, author, publisher, isbn, published_date) VALUES (109, '음악소설집 音樂小說集', '김애란 외', '프란츠', '9791197325892', 2024);
INSERT INTO Book (book_id, title, author, publisher, isbn, published_date) VALUES (110, '데미안', '헤르만 헤세', '민음사', '9788937460449', 2000);
INSERT INTO Book (book_id, title, author, publisher, isbn, published_date) VALUES (111, '홍학의 자리', '정해연', '엘릭시르', '9788954681155', 2021);
INSERT INTO Book (book_id, title, author, publisher, isbn, published_date) VALUES (112, '내가 생각한 인생이 아니야', '류시화', '수오서재', '9791193238172', 2023);
INSERT INTO Book (book_id, title, author, publisher, isbn, published_date) VALUES (113, '강인함의 힘', '스티브 매그니스', '상상스퀘어', '9791192389776', 2024);
INSERT INTO Book (book_id, title, author, publisher, isbn, published_date) VALUES (114, '쿠이 료코 낙서집 데이드림 아워', '쿠이 료코', '㈜소미미디어', '9791138483162', 2024);
INSERT INTO Book (book_id, title, author, publisher, isbn, published_date) VALUES (115, '여름을 한 입 베어 물었더니', '이꽃님', '문학동네', '9788954694575', 2023);
INSERT INTO Book (book_id, title, author, publisher, isbn, published_date) VALUES (116, '검은 사슴', '한강', '문학동네', '9788954648905', 2017);
INSERT INTO Book (book_id, title, author, publisher, isbn, published_date) VALUES (117, '어른의 행복은 조용하다', '태수', '페이지2(page2)', '9791169851053', 2024);
INSERT INTO Book (book_id, title, author, publisher, isbn, published_date) VALUES (118, '로봇 드림', '사라 바론', '놀', '9791130651309', 2024);
INSERT INTO Book (book_id, title, author, publisher, isbn, published_date) VALUES (119, '나는 행복한 푸바오 할부지입니다', '강철원', '시공사', '9791171251179', 2024);
INSERT INTO Book (book_id, title, author, publisher, isbn, published_date) VALUES (120, '해피버쓰데이', '백희나', 'Storybowl(스토리보울)', '9791198807281', 2024);
INSERT INTO Book (book_id, title, author, publisher, isbn, published_date) VALUES (121, 'JLPT 일본어능력시험 한권으로 끝내기 N3', '이치우. 기타지마 치즈코', '다락원', '9788927712435', 2021);
INSERT INTO Book (book_id, title, author, publisher, isbn, published_date) VALUES (122, '어떤 어른', '김소영', '사계절', '9791169813419', 2024);
INSERT INTO Book (book_id, title, author, publisher, isbn, published_date) VALUES (123, '던전밥 13', '쿠이 료코', '㈜소미미디어', '9791138481762', 2024);
INSERT INTO Book (book_id, title, author, publisher, isbn, published_date) VALUES (124, '나에게 들려주는 예쁜 말', '김종원', '상상아이(상상아카데미)', '9791193379158', 2024);
INSERT INTO Book (book_id, title, author, publisher, isbn, published_date) VALUES (125, '해커스 일본어 첫걸음 : 기초 20일 독학 완성!', '해커스JLPT연구소', '해커스어학연구소(Hackers)', '9788965424215', 2024);
INSERT INTO Book (book_id, title, author, publisher, isbn, published_date) VALUES (126, '주아쌤의 툭 치면 탁 나오는 영어회화 (특별 부록 한정판)', '주아쌤', '몽스북', '9791191401981', 2024);
INSERT INTO Book (book_id, title, author, publisher, isbn, published_date) VALUES (127, '원피스 107', '오다 에이이치로', '대원씨아이(만화)', '9791171723331', 2024);
INSERT INTO Book (book_id, title, author, publisher, isbn, published_date) VALUES (128, '트렌드 코리아 2024', '김난도 외', '미래의창', '9788959897179', 2023);
INSERT INTO Book (book_id, title, author, publisher, isbn, published_date) VALUES (129, '하이큐!! 매거진 2024 MAY', '후루다테 하루이치', '대원씨아이(만화)', '9791172450021', 2024);
INSERT INTO Book (book_id, title, author, publisher, isbn, published_date) VALUES (130, '극락가 2', '사노 유토', '대원씨아이(만화)', '9791142302558', 2024);
INSERT INTO Book (book_id, title, author, publisher, isbn, published_date) VALUES (131, '삶이 흔들릴 때 뇌과학을 읽습니다', '이케가야 유지', '힉스', '9791198704504', 2024);
INSERT INTO Book (book_id, title, author, publisher, isbn, published_date) VALUES (132, '나의 히어로 아카데미아 41 (트리플 특장판)', '호리코시 코헤이', '서울미디어코믹스(서울문화사)', '9791136793959', 2024);
INSERT INTO Book (book_id, title, author, publisher, isbn, published_date) VALUES (133, '나의 인생만사 답사기', '유홍준', '창비', '9788936480608', 2024);
INSERT INTO Book (book_id, title, author, publisher, isbn, published_date) VALUES (134, '유목민의 투자의 정석', '유목민', '리더스북', '9788901279282', 2024);
INSERT INTO Book (book_id, title, author, publisher, isbn, published_date) VALUES (135, '긴긴밤', '루리', '문학동네', '9788954677158', 2021);
INSERT INTO Book (book_id, title, author, publisher, isbn, published_date) VALUES (136, '사랑을 무게로 안 느끼게', '박완서', '세계사', '9788933872352', 2024);
INSERT INTO Book (book_id, title, author, publisher, isbn, published_date) VALUES (137, '달리기를 말할 때 내가 하고 싶은 이야기', '무라카미 하루키', '문학사상', '9788970128337', 2009);
INSERT INTO Book (book_id, title, author, publisher, isbn, published_date) VALUES (138, '질병 해방', '피터 아티아.빌 기퍼드', '부키', '9791193528129', 2024);
INSERT INTO Book (book_id, title, author, publisher, isbn, published_date) VALUES (139, '철학은 날씨를 바꾼다', '서동욱', '김영사', '9788934971351', 2024);
INSERT INTO Book (book_id, title, author, publisher, isbn, published_date) VALUES (140, '원피스 109', '오다 에이치로', '대원씨아이(만화)', '9791172884925', 2024);
INSERT INTO Book (book_id, title, author, publisher, isbn, published_date) VALUES (141, '일본어 문법 무작정 따라하기', '후지이 아사리', '길벗이지톡', '9791140702978', 2023);
INSERT INTO Book (book_id, title, author, publisher, isbn, published_date) VALUES (142, '용선생 교과서 세계사 1', '사회평론 역사연구소', '사회평론', '9791162733189', 2023);
INSERT INTO Book (book_id, title, author, publisher, isbn, published_date) VALUES (143, '인생은 순간이다', '김성근', '다산북스', '9791130648385', 2023);
INSERT INTO Book (book_id, title, author, publisher, isbn, published_date) VALUES (144, '컨셉 수업', '호소다 다카히로', '알에이치코리아(RHK)', '9788925575438', 2024);
INSERT INTO Book (book_id, title, author, publisher, isbn, published_date) VALUES (145, '물질의 세계', '에드 콘웨이', '인플루엔셜(주)', '9791168341746', 2024);
INSERT INTO Book (book_id, title, author, publisher, isbn, published_date) VALUES (146, '지적 대화를 위한 넓고 얕은 지식 무한', '채사장', '웨일북', '9791192097978', 2024);
INSERT INTO Book (book_id, title, author, publisher, isbn, published_date) VALUES (147, '한 권으로 끝내는 해커스 토익 700+ (LC+RC+VOCA)', '해커스어학연구소', '해커스어학연구소(Hackers)', '9788965424628', 2023);
INSERT INTO Book (book_id, title, author, publisher, isbn, published_date) VALUES (148, '생각의 연금술', '제임스 알렌', '포레스트북스', '9791193506844', 2024);
INSERT INTO Book (book_id, title, author, publisher, isbn, published_date) VALUES (149, '시한부', '백은별', '바른북스', '9791193647646', 2024);
INSERT INTO Book (book_id, title, author, publisher, isbn, published_date) VALUES (150, '푸바오, 언제나 사랑해', '강철원', '시공주니어', '9791171253128', 2024);
INSERT INTO Book (book_id, title, author, publisher, isbn, published_date) VALUES (151, '인생의 의미', '토마스 힐란드 에릭센', '더퀘스트', '9791140710690', 2024);
INSERT INTO Book (book_id, title, author, publisher, isbn, published_date) VALUES (152, '이은경쌤의 초등어휘일력 365 (스프링)', '이은경', '포레스트북스', '9791192625300', 2022);
INSERT INTO Book (book_id, title, author, publisher, isbn, published_date) VALUES (153, '신화의 숲', '김헌', '포레스트북스', '9791193506448', 2024);
INSERT INTO Book (book_id, title, author, publisher, isbn, published_date) VALUES (154, '지박소년 하나코 군 21', '아이다이로', '서울미디어코믹스(서울문화사)', '9791136784605', 2024);
INSERT INTO Book (book_id, title, author, publisher, isbn, published_date) VALUES (155, '철학의 쓸모', '로랑스 드빌레르', 'FIKA(피카)', '9791193866146', 2024);
INSERT INTO Book (book_id, title, author, publisher, isbn, published_date) VALUES (156, '제철 행복', '김신지', '인플루엔셜(주)', '9791168341890', 2024);
INSERT INTO Book (book_id, title, author, publisher, isbn, published_date) VALUES (157, '어떻게 살 것인가', '이광수', '이든하우스', '9791198564139', 2024);
INSERT INTO Book (book_id, title, author, publisher, isbn, published_date) VALUES (158, '오십에 읽는 주역', '강기진', '유노북스', '9791192300917', 2023);
INSERT INTO Book (book_id, title, author, publisher, isbn, published_date) VALUES (159, '일본어 상용한자 무작정 따라하기 1', '권경배', '길벗이지톡', '9791140703050', 2023);
INSERT INTO Book (book_id, title, author, publisher, isbn, published_date) VALUES (160, '세계를 건너 너에게 갈게', '이꽃님', '문학동네', '9788954650212', 2018);
INSERT INTO Book (book_id, title, author, publisher, isbn, published_date) VALUES (161, '키위엔 영어회화 하루 5분의 기적', '박강준', '키위엔', '9791198002907', 2022);
INSERT INTO Book (book_id, title, author, publisher, isbn, published_date) VALUES (162, '삼체 1부 : 삼체문제', '류츠신', '자음과모음', '9788954442695', 2022);
INSERT INTO Book (book_id, title, author, publisher, isbn, published_date) VALUES (163, '괴수 8호 side B 1', '히다노 켄타로', '서울미디어코믹스(서울문화사)', '9791136789891', 2024);
INSERT INTO Book (book_id, title, author, publisher, isbn, published_date) VALUES (164, '일의 감각', '조수용', 'B Media Company', '9791193383193', 2024);
INSERT INTO Book (book_id, title, author, publisher, isbn, published_date) VALUES (165, '아주 세속적인 지혜', '발타자르 그라시안', '페이지2(page2)', '9791169850179', 2023);
INSERT INTO Book (book_id, title, author, publisher, isbn, published_date) VALUES (166, '고양이 해결사 깜냥 7', '홍민정', '창비', '9788936448752', 2024);
INSERT INTO Book (book_id, title, author, publisher, isbn, published_date) VALUES (167, '빨간내복야코 맞춤법 절대 안 틀리는 책 1', '오차', '위즈덤하우스', '9791171711451', 2024);
INSERT INTO Book (book_id, title, author, publisher, isbn, published_date) VALUES (168, '나는 배당투자로 매일 스타벅스 커피를 공짜로 마신다', '송민섭', '21세기북스', '9791171171989', 2023);
INSERT INTO Book (book_id, title, author, publisher, isbn, published_date) VALUES (169, '아주 작은 대화의 기술', '레일 라운즈', '현대지성', '9791139716795', 2024);
INSERT INTO Book (book_id, title, author, publisher, isbn, published_date) VALUES (170, '해독 혁명', '닥터 라이블리', '웅진지식하우스', '9788901285146', 2024);
INSERT INTO Book (book_id, title, author, publisher, isbn, published_date) VALUES (171, '김재우의 영어회화 100', '김재우', '상상스퀘어', '9791192389172', 2023);
INSERT INTO Book (book_id, title, author, publisher, isbn, published_date) VALUES (172, '수레바퀴 아래서 (오리지널 초판본 표지디자인)', '헤르만 헤세', '코너스톤', '9791187011606', 2017);
INSERT INTO Book (book_id, title, author, publisher, isbn, published_date) VALUES (173, '마흔에 읽는 쇼펜하우어 (리커버, 200쇄 기념 확장판)', '강용수', '유노북스', '9791192300818', 2023);
INSERT INTO Book (book_id, title, author, publisher, isbn, published_date) VALUES (174, '숙론', '최재천', '김영사', '9788934950196', 2024);
INSERT INTO Book (book_id, title, author, publisher, isbn, published_date) VALUES (175, '삐뽀삐뽀 119 소아과 (개정13판)', '하정훈', '유니책방', '9791195795505', 2024);
INSERT INTO Book (book_id, title, author, publisher, isbn, published_date) VALUES (176, '어두울 때에야 보이는 것들이 있습니다', '슈테판 츠바이크', '다산초당', '9791130657462', 2024);
INSERT INTO Book (book_id, title, author, publisher, isbn, published_date) VALUES (177, '부자 아빠 가난한 아빠 1 (20주년 특별 기념판)', '로버트 기요사키', '민음인', '9791158883591', 2018);
INSERT INTO Book (book_id, title, author, publisher, isbn, published_date) VALUES (178, '말하지 않으면 인생은 바뀌지 않는다', '샘 혼', '서삼독', '9791193904046', 2024);
INSERT INTO Book (book_id, title, author, publisher, isbn, published_date) VALUES (179, '웡카', '시빌 파운더', '시공주니어', '9791171252565', 2024);
INSERT INTO Book (book_id, title, author, publisher, isbn, published_date) VALUES (180, '비트코인 슈퍼 사이클', '신민철', '(주)거인의정원', '9791198252487', 2024);
INSERT INTO Book (book_id, title, author, publisher, isbn, published_date) VALUES (181, '프로젝트 헤일메리', '앤디 위어', '알에이치코리아(RHK)', '9788925588735', 2021);
INSERT INTO Book (book_id, title, author, publisher, isbn, published_date) VALUES (182, '감정 호텔', '리디아 브란코비치', '책읽는곰', '9791158364519', 2024);
INSERT INTO Book (book_id, title, author, publisher, isbn, published_date) VALUES (183, '메리골드 마음 사진관', '윤정은', '북로망스', '9791198530325', 2024);
INSERT INTO Book (book_id, title, author, publisher, isbn, published_date) VALUES (184, '철도원 삼대', '황석영', '창비', '9788936434434', 2020);
INSERT INTO Book (book_id, title, author, publisher, isbn, published_date) VALUES (185, '빛이 이끄는 곳으로', '백희성', '북로망스', '9791193937198', 2024);
INSERT INTO Book (book_id, title, author, publisher, isbn, published_date) VALUES (186, '율의 시선 (반양장)', '김민서', '창비', '9788936457259', 2024);
INSERT INTO Book (book_id, title, author, publisher, isbn, published_date) VALUES (187, '회복탄력성 (15만부 기념 리커버)', '김주환', '위즈덤하우스', '9791189938772', 2019);
INSERT INTO Book (book_id, title, author, publisher, isbn, published_date) VALUES (188, '침묵을 배우는 시간', '코르넬리아 토프', '서교책방', '9791198752444', 2024);
INSERT INTO Book (book_id, title, author, publisher, isbn, published_date) VALUES (189, '아주 작은 습관의 힘', '제임스 클리어', '비즈니스북스', '9791162540640', 2019);
INSERT INTO Book (book_id, title, author, publisher, isbn, published_date) VALUES (190, '가난한 아이들은 어떻게 어른이 되는가', '강지나', '돌베개', '9791192836355', 2023);
INSERT INTO Book (book_id, title, author, publisher, isbn, published_date) VALUES (191, '28시간에 끝내는 토익스피킹 스타트', '황인기.시원스쿨 어학연구소', '시원스쿨LAB', '9791186858387', 2025);
INSERT INTO Book (book_id, title, author, publisher, isbn, published_date) VALUES (192, '왜 당신은 다른 사람을 위해 살고 있는가', '고윤', '딥앤와이드(Deep&WIde)', '9791191369540', 2024);
INSERT INTO Book (book_id, title, author, publisher, isbn, published_date) VALUES (193, '츠츠츠츠', '이지은', '사계절', '9791169812085', 2024);
INSERT INTO Book (book_id, title, author, publisher, isbn, published_date) VALUES (194, '깨진 틈이 있어야 그 사이로 빛이 들어온다', '프리드리히 니체', '페이지2(page2)', '9791169850681', 2024);
INSERT INTO Book (book_id, title, author, publisher, isbn, published_date) VALUES (195, '동사 X 전치사 도감', '권은희', '길벗이지톡', '9791140709960', 2024);
INSERT INTO Book (book_id, title, author, publisher, isbn, published_date) VALUES (196, '1984 (오리지널 초판본 표지 디자인)', '조지 오웰', '코너스톤', '9791190669238', 2020);
INSERT INTO Book (book_id, title, author, publisher, isbn, published_date) VALUES (197, 'JLPT 일본어능력시험 한권으로 끝내기 N2', '이치우.기타지마 치즈코', '다락원', '9788927712428', 2021);
INSERT INTO Book (book_id, title, author, publisher, isbn, published_date) VALUES (198, '가난한 찰리의 연감', '찰리 멍거', '김영사', '9788934911388', 2024);
INSERT INTO Book (book_id, title, author, publisher, isbn, published_date) VALUES (199, '이방인', '알베르 카뮈', '민음사', '9788937443848', 2019);
INSERT INTO Book (book_id, title, author, publisher, isbn, published_date) VALUES (200, '용선생 교과서 세계사 2', '사회평론 역사연구소', '사회평론', '9791162733196', 2023);

-- UsedBook 테이블 데이터 (ID 등록일 순서)
INSERT INTO UsedBook (used_book_id, book_id, price, registered_date, status) VALUES (1, 38, 7213, '2012-10-21 21:02:27', '판매완료');
INSERT INTO UsedBook (used_book_id, book_id, price, registered_date, status) VALUES (2, 38, 9850, '2013-12-01 07:50:16', '판매완료');
INSERT INTO UsedBook (used_book_id, book_id, price, registered_date, status) VALUES (3, 102, 4489, '2013-12-31 17:11:41', '판매중');
INSERT INTO UsedBook (used_book_id, book_id, price, registered_date, status) VALUES (4, 33, 10899, '2014-06-13 06:56:24', '판매완료');
INSERT INTO UsedBook (used_book_id, book_id, price, registered_date, status) VALUES (5, 33, 12777, '2016-06-18 11:34:24', '판매완료');
INSERT INTO UsedBook (used_book_id, book_id, price, registered_date, status) VALUES (6, 8, 8439, '2016-10-14 15:17:50', '판매완료');
INSERT INTO UsedBook (used_book_id, book_id, price, registered_date, status) VALUES (7, 31, 11711, '2016-11-09 08:47:57', '판매완료');
INSERT INTO UsedBook (used_book_id, book_id, price, registered_date, status) VALUES (8, 1, 11952, '2017-01-14 09:03:09', '판매중');
INSERT INTO UsedBook (used_book_id, book_id, price, registered_date, status) VALUES (9, 15, 9170, '2017-01-17 01:15:18', '판매중');
INSERT INTO UsedBook (used_book_id, book_id, price, registered_date, status) VALUES (10, 31, 11527, '2017-03-23 07:02:36', '판매완료');
INSERT INTO UsedBook (used_book_id, book_id, price, registered_date, status) VALUES (11, 38, 6951, '2017-03-23 21:21:26', '판매완료');
INSERT INTO UsedBook (used_book_id, book_id, price, registered_date, status) VALUES (12, 23, 10002, '2017-04-07 00:40:14', '판매완료');
INSERT INTO UsedBook (used_book_id, book_id, price, registered_date, status) VALUES (13, 48, 1690, '2017-11-12 12:21:08', '판매완료');
INSERT INTO UsedBook (used_book_id, book_id, price, registered_date, status) VALUES (14, 1, 6767, '2017-12-04 15:10:51', '판매완료');
INSERT INTO UsedBook (used_book_id, book_id, price, registered_date, status) VALUES (15, 15, 8766, '2017-12-21 09:56:38', '판매완료');
INSERT INTO UsedBook (used_book_id, book_id, price, registered_date, status) VALUES (16, 33, 10008, '2018-02-21 19:03:58', '판매완료');
INSERT INTO UsedBook (used_book_id, book_id, price, registered_date, status) VALUES (17, 15, 8370, '2018-03-08 15:24:19', '판매중');
INSERT INTO UsedBook (used_book_id, book_id, price, registered_date, status) VALUES (18, 33, 11282, '2018-04-10 15:36:43', '판매완료');
INSERT INTO UsedBook (used_book_id, book_id, price, registered_date, status) VALUES (19, 1, 8478, '2018-04-14 15:23:36', '판매완료');
INSERT INTO UsedBook (used_book_id, book_id, price, registered_date, status) VALUES (20, 8, 6076, '2018-05-23 20:52:43', '판매중');
INSERT INTO UsedBook (used_book_id, book_id, price, registered_date, status) VALUES (21, 1, 11204, '2018-09-16 06:06:46', '판매중');
INSERT INTO UsedBook (used_book_id, book_id, price, registered_date, status) VALUES (22, 48, 1938, '2018-10-29 05:07:43', '판매완료');
INSERT INTO UsedBook (used_book_id, book_id, price, registered_date, status) VALUES (23, 48, 1486, '2018-11-27 01:13:25', '판매완료');
INSERT INTO UsedBook (used_book_id, book_id, price, registered_date, status) VALUES (24, 12, 8186, '2019-02-13 06:19:22', '판매중');
INSERT INTO UsedBook (used_book_id, book_id, price, registered_date, status) VALUES (25, 12, 8350, '2019-03-13 08:15:14', '판매중');
INSERT INTO UsedBook (used_book_id, book_id, price, registered_date, status) VALUES (26, 137, 10971, '2019-05-21 14:51:44', '판매중');
INSERT INTO UsedBook (used_book_id, book_id, price, registered_date, status) VALUES (27, 12, 9318, '2019-05-22 16:24:54', '판매완료');
INSERT INTO UsedBook (used_book_id, book_id, price, registered_date, status) VALUES (28, 31, 8565, '2019-06-05 22:32:52', '판매완료');
INSERT INTO UsedBook (used_book_id, book_id, price, registered_date, status) VALUES (29, 172, 1974, '2019-07-08 03:16:19', '판매완료');
INSERT INTO UsedBook (used_book_id, book_id, price, registered_date, status) VALUES (30, 38, 9134, '2019-09-05 16:27:30', '판매완료');
INSERT INTO UsedBook (used_book_id, book_id, price, registered_date, status) VALUES (31, 63, 14962, '2019-09-23 06:46:30', '판매중');
INSERT INTO UsedBook (used_book_id, book_id, price, registered_date, status) VALUES (32, 33, 11446, '2020-01-10 16:36:31', '판매중');
INSERT INTO UsedBook (used_book_id, book_id, price, registered_date, status) VALUES (33, 23, 10684, '2020-09-11 20:03:58', '판매완료');
INSERT INTO UsedBook (used_book_id, book_id, price, registered_date, status) VALUES (34, 110, 3920, '2020-10-05 02:42:08', '판매완료');
INSERT INTO UsedBook (used_book_id, book_id, price, registered_date, status) VALUES (35, 98, 8141, '2020-10-15 12:13:32', '판매중');
INSERT INTO UsedBook (used_book_id, book_id, price, registered_date, status) VALUES (36, 80, 6819, '2020-11-12 18:48:15', '판매완료');
INSERT INTO UsedBook (used_book_id, book_id, price, registered_date, status) VALUES (37, 23, 7101, '2020-11-28 18:23:07', '판매완료');
INSERT INTO UsedBook (used_book_id, book_id, price, registered_date, status) VALUES (38, 23, 10885, '2021-02-07 19:29:48', '판매중');
INSERT INTO UsedBook (used_book_id, book_id, price, registered_date, status) VALUES (39, 196, 2974, '2021-05-30 21:15:36', '판매중');
INSERT INTO UsedBook (used_book_id, book_id, price, registered_date, status) VALUES (40, 48, 2632, '2021-06-05 08:05:44', '판매완료');
INSERT INTO UsedBook (used_book_id, book_id, price, registered_date, status) VALUES (41, 12, 10412, '2021-07-20 12:51:58', '판매완료');
INSERT INTO UsedBook (used_book_id, book_id, price, registered_date, status) VALUES (42, 199, 8083, '2021-08-25 15:47:25', '판매완료');
INSERT INTO UsedBook (used_book_id, book_id, price, registered_date, status) VALUES (43, 108, 8712, '2021-10-04 14:15:06', '판매완료');
INSERT INTO UsedBook (used_book_id, book_id, price, registered_date, status) VALUES (44, 31, 9404, '2022-01-11 03:26:14', '판매중');
INSERT INTO UsedBook (used_book_id, book_id, price, registered_date, status) VALUES (45, 189, 7705, '2022-01-23 01:45:47', '판매중');
INSERT INTO UsedBook (used_book_id, book_id, price, registered_date, status) VALUES (46, 48, 2644, '2022-02-10 01:08:11', '판매중');
INSERT INTO UsedBook (used_book_id, book_id, price, registered_date, status) VALUES (47, 1, 8758, '2022-03-10 20:00:53', '판매중');
INSERT INTO UsedBook (used_book_id, book_id, price, registered_date, status) VALUES (48, 15, 7853, '2022-04-21 23:55:27', '판매완료');
INSERT INTO UsedBook (used_book_id, book_id, price, registered_date, status) VALUES (49, 12, 6431, '2022-05-16 23:08:19', '판매완료');
INSERT INTO UsedBook (used_book_id, book_id, price, registered_date, status) VALUES (50, 2, 12068, '2022-05-24 15:59:35', '판매완료');
INSERT INTO UsedBook (used_book_id, book_id, price, registered_date, status) VALUES (51, 89, 5346, '2022-06-11 09:17:30', '판매중');
INSERT INTO UsedBook (used_book_id, book_id, price, registered_date, status) VALUES (52, 42, 8562, '2022-07-27 21:20:31', '판매중');
INSERT INTO UsedBook (used_book_id, book_id, price, registered_date, status) VALUES (53, 38, 11113, '2022-09-09 00:54:53', '판매완료');
INSERT INTO UsedBook (used_book_id, book_id, price, registered_date, status) VALUES (54, 196, 3511, '2022-10-01 11:11:50', '판매중');
INSERT INTO UsedBook (used_book_id, book_id, price, registered_date, status) VALUES (55, 181, 10876, '2022-10-15 12:34:07', '판매완료');
INSERT INTO UsedBook (used_book_id, book_id, price, registered_date, status) VALUES (56, 2, 8039, '2022-10-27 14:00:01', '판매완료');
INSERT INTO UsedBook (used_book_id, book_id, price, registered_date, status) VALUES (57, 12, 9357, '2022-12-07 04:51:42', '판매완료');
INSERT INTO UsedBook (used_book_id, book_id, price, registered_date, status) VALUES (58, 42, 11240, '2022-12-13 02:44:34', '판매완료');
INSERT INTO UsedBook (used_book_id, book_id, price, registered_date, status) VALUES (59, 79, 16861, '2022-12-17 15:11:40', '판매중');
INSERT INTO UsedBook (used_book_id, book_id, price, registered_date, status) VALUES (60, 8, 6373, '2023-01-07 03:11:16', '판매중');
INSERT INTO UsedBook (used_book_id, book_id, price, registered_date, status) VALUES (61, 50, 12032, '2023-02-26 00:23:39', '판매완료');
INSERT INTO UsedBook (used_book_id, book_id, price, registered_date, status) VALUES (62, 3, 10276, '2023-04-01 15:15:50', '판매중');
INSERT INTO UsedBook (used_book_id, book_id, price, registered_date, status) VALUES (63, 3, 10673, '2023-04-03 04:08:12', '판매중');
INSERT INTO UsedBook (used_book_id, book_id, price, registered_date, status) VALUES (64, 15, 8758, '2023-04-20 06:50:33', '판매완료');
INSERT INTO UsedBook (used_book_id, book_id, price, registered_date, status) VALUES (65, 42, 8061, '2023-04-26 00:21:37', '판매완료');
INSERT INTO UsedBook (used_book_id, book_id, price, registered_date, status) VALUES (66, 199, 5917, '2023-06-14 10:48:36', '판매중');
INSERT INTO UsedBook (used_book_id, book_id, price, registered_date, status) VALUES (67, 20, 10514, '2023-07-23 01:12:38', '판매중');
INSERT INTO UsedBook (used_book_id, book_id, price, registered_date, status) VALUES (68, 2, 11900, '2023-07-30 23:03:25', '판매중');
INSERT INTO UsedBook (used_book_id, book_id, price, registered_date, status) VALUES (69, 8, 9393, '2023-08-11 06:53:33', '판매완료');
INSERT INTO UsedBook (used_book_id, book_id, price, registered_date, status) VALUES (70, 20, 7175, '2023-08-19 12:02:45', '판매중');
INSERT INTO UsedBook (used_book_id, book_id, price, registered_date, status) VALUES (71, 42, 12922, '2023-09-01 23:57:35', '판매중');
INSERT INTO UsedBook (used_book_id, book_id, price, registered_date, status) VALUES (72, 89, 6794, '2023-09-20 21:10:02', '판매중');
INSERT INTO UsedBook (used_book_id, book_id, price, registered_date, status) VALUES (73, 50, 12369, '2023-09-21 01:44:04', '판매완료');
INSERT INTO UsedBook (used_book_id, book_id, price, registered_date, status) VALUES (74, 3, 11147, '2023-09-24 04:45:19', '판매완료');
INSERT INTO UsedBook (used_book_id, book_id, price, registered_date, status) VALUES (75, 32, 19195, '2023-09-24 12:08:56', '판매완료');
INSERT INTO UsedBook (used_book_id, book_id, price, registered_date, status) VALUES (76, 49, 8010, '2023-09-26 15:58:16', '판매중');
INSERT INTO UsedBook (used_book_id, book_id, price, registered_date, status) VALUES (77, 25, 7790, '2023-10-09 16:19:37', '판매완료');
INSERT INTO UsedBook (used_book_id, book_id, price, registered_date, status) VALUES (78, 78, 9634, '2023-10-18 13:39:02', '판매중');
INSERT INTO UsedBook (used_book_id, book_id, price, registered_date, status) VALUES (79, 8, 6878, '2023-10-21 23:39:38', '판매중');
INSERT INTO UsedBook (used_book_id, book_id, price, registered_date, status) VALUES (80, 44, 8204, '2023-10-23 15:49:15', '판매완료');
INSERT INTO UsedBook (used_book_id, book_id, price, registered_date, status) VALUES (81, 20, 7612, '2023-10-29 18:32:06', '판매완료');
INSERT INTO UsedBook (used_book_id, book_id, price, registered_date, status) VALUES (82, 135, 9827, '2023-11-07 20:31:23', '판매중');
INSERT INTO UsedBook (used_book_id, book_id, price, registered_date, status) VALUES (83, 72, 16160, '2023-11-17 22:04:16', '판매중');
INSERT INTO UsedBook (used_book_id, book_id, price, registered_date, status) VALUES (84, 29, 12700, '2023-11-28 13:01:40', '판매중');
INSERT INTO UsedBook (used_book_id, book_id, price, registered_date, status) VALUES (85, 72, 16835, '2023-12-01 12:04:13', '판매중');
INSERT INTO UsedBook (used_book_id, book_id, price, registered_date, status) VALUES (86, 39, 10642, '2023-12-12 19:35:41', '판매완료');
INSERT INTO UsedBook (used_book_id, book_id, price, registered_date, status) VALUES (87, 3, 9460, '2023-12-14 20:27:23', '판매완료');
INSERT INTO UsedBook (used_book_id, book_id, price, registered_date, status) VALUES (88, 3, 11605, '2023-12-17 13:54:23', '판매중');
INSERT INTO UsedBook (used_book_id, book_id, price, registered_date, status) VALUES (89, 18, 7784, '2023-12-24 13:34:10', '판매중');
INSERT INTO UsedBook (used_book_id, book_id, price, registered_date, status) VALUES (90, 11, 5203, '2023-12-31 07:20:27', '판매중');
INSERT INTO UsedBook (used_book_id, book_id, price, registered_date, status) VALUES (91, 147, 11103, '2024-01-20 03:16:36', '판매중');
INSERT INTO UsedBook (used_book_id, book_id, price, registered_date, status) VALUES (92, 18, 9231, '2024-01-27 22:28:19', '판매완료');
INSERT INTO UsedBook (used_book_id, book_id, price, registered_date, status) VALUES (93, 5, 12291, '2024-02-26 09:22:33', '판매중');
INSERT INTO UsedBook (used_book_id, book_id, price, registered_date, status) VALUES (94, 18, 9466, '2024-03-17 04:01:48', '판매중');
INSERT INTO UsedBook (used_book_id, book_id, price, registered_date, status) VALUES (95, 49, 7364, '2024-03-17 20:37:09', '판매중');
INSERT INTO UsedBook (used_book_id, book_id, price, registered_date, status) VALUES (96, 44, 11702, '2024-03-21 10:42:04', '판매완료');
INSERT INTO UsedBook (used_book_id, book_id, price, registered_date, status) VALUES (97, 29, 10184, '2024-03-28 18:31:51', '판매중');
INSERT INTO UsedBook (used_book_id, book_id, price, registered_date, status) VALUES (98, 103, 9725, '2024-04-11 12:11:58', '판매완료');
INSERT INTO UsedBook (used_book_id, book_id, price, registered_date, status) VALUES (99, 76, 21885, '2024-04-12 19:32:46', '판매중');
INSERT INTO UsedBook (used_book_id, book_id, price, registered_date, status) VALUES (100, 51, 10939, '2024-04-13 03:10:44', '판매중');
INSERT INTO UsedBook (used_book_id, book_id, price, registered_date, status) VALUES (101, 25, 8452, '2024-04-18 15:23:01', '판매완료');
INSERT INTO UsedBook (used_book_id, book_id, price, registered_date, status) VALUES (102, 50, 12307, '2024-04-21 21:46:01', '판매완료');
INSERT INTO UsedBook (used_book_id, book_id, price, registered_date, status) VALUES (103, 190, 14107, '2024-04-25 18:10:10', '판매완료');
INSERT INTO UsedBook (used_book_id, book_id, price, registered_date, status) VALUES (104, 145, 19958, '2024-04-26 11:33:18', '판매중');
INSERT INTO UsedBook (used_book_id, book_id, price, registered_date, status) VALUES (105, 5, 15358, '2024-04-30 13:59:09', '판매완료');
INSERT INTO UsedBook (used_book_id, book_id, price, registered_date, status) VALUES (106, 5, 10114, '2024-05-07 08:19:29', '판매중');
INSERT INTO UsedBook (used_book_id, book_id, price, registered_date, status) VALUES (107, 26, 13048, '2024-05-09 01:06:44', '판매완료');
INSERT INTO UsedBook (used_book_id, book_id, price, registered_date, status) VALUES (108, 11, 5187, '2024-05-15 05:35:05', '판매중');
INSERT INTO UsedBook (used_book_id, book_id, price, registered_date, status) VALUES (109, 39, 8275, '2024-05-17 04:50:27', '판매완료');
INSERT INTO UsedBook (used_book_id, book_id, price, registered_date, status) VALUES (110, 20, 8524, '2024-05-18 14:19:52', '판매중');
INSERT INTO UsedBook (used_book_id, book_id, price, registered_date, status) VALUES (111, 29, 9720, '2024-05-23 19:28:53', '판매완료');
INSERT INTO UsedBook (used_book_id, book_id, price, registered_date, status) VALUES (112, 32, 19889, '2024-05-26 06:45:17', '판매중');
INSERT INTO UsedBook (used_book_id, book_id, price, registered_date, status) VALUES (113, 71, 6791, '2024-05-26 19:13:57', '판매중');
INSERT INTO UsedBook (used_book_id, book_id, price, registered_date, status) VALUES (114, 55, 14475, '2024-06-09 00:45:45', '판매완료');
INSERT INTO UsedBook (used_book_id, book_id, price, registered_date, status) VALUES (115, 51, 13577, '2024-06-09 11:24:18', '판매완료');
INSERT INTO UsedBook (used_book_id, book_id, price, registered_date, status) VALUES (116, 158, 10638, '2024-06-09 18:05:37', '판매완료');
INSERT INTO UsedBook (used_book_id, book_id, price, registered_date, status) VALUES (117, 47, 8767, '2024-06-09 18:15:27', '판매완료');
INSERT INTO UsedBook (used_book_id, book_id, price, registered_date, status) VALUES (118, 5, 10682, '2024-06-09 23:52:43', '판매중');
INSERT INTO UsedBook (used_book_id, book_id, price, registered_date, status) VALUES (119, 7, 10620, '2024-06-21 02:13:00', '판매중');
INSERT INTO UsedBook (used_book_id, book_id, price, registered_date, status) VALUES (120, 11, 4843, '2024-06-23 18:39:36', '판매완료');
INSERT INTO UsedBook (used_book_id, book_id, price, registered_date, status) VALUES (121, 1, 7615, '2024-06-23 22:50:50', '판매완료');
INSERT INTO UsedBook (used_book_id, book_id, price, registered_date, status) VALUES (122, 26, 14628, '2024-06-27 16:27:37', '판매중');
INSERT INTO UsedBook (used_book_id, book_id, price, registered_date, status) VALUES (123, 47, 8481, '2024-07-02 09:01:46', '판매중');
INSERT INTO UsedBook (used_book_id, book_id, price, registered_date, status) VALUES (124, 35, 13615, '2024-07-04 15:50:04', '판매완료');
INSERT INTO UsedBook (used_book_id, book_id, price, registered_date, status) VALUES (125, 175, 16684, '2024-07-19 07:37:23', '판매중');
INSERT INTO UsedBook (used_book_id, book_id, price, registered_date, status) VALUES (126, 2, 10597, '2024-07-22 08:47:37', '판매완료');
INSERT INTO UsedBook (used_book_id, book_id, price, registered_date, status) VALUES (127, 173, 8181, '2024-07-22 11:19:50', '판매완료');
INSERT INTO UsedBook (used_book_id, book_id, price, registered_date, status) VALUES (128, 161, 14946, '2024-07-24 12:19:05', '판매중');
INSERT INTO UsedBook (used_book_id, book_id, price, registered_date, status) VALUES (129, 57, 8492, '2024-07-27 06:51:14', '판매완료');
INSERT INTO UsedBook (used_book_id, book_id, price, registered_date, status) VALUES (130, 3, 10895, '2024-07-27 12:11:31', '판매완료');
INSERT INTO UsedBook (used_book_id, book_id, price, registered_date, status) VALUES (131, 22, 14130, '2024-07-27 19:14:06', '판매완료');
INSERT INTO UsedBook (used_book_id, book_id, price, registered_date, status) VALUES (132, 26, 15442, '2024-07-28 14:08:28', '판매중');
INSERT INTO UsedBook (used_book_id, book_id, price, registered_date, status) VALUES (133, 49, 9196, '2024-07-28 20:49:49', '판매중');
INSERT INTO UsedBook (used_book_id, book_id, price, registered_date, status) VALUES (134, 22, 12326, '2024-08-05 21:29:58', '판매중');
INSERT INTO UsedBook (used_book_id, book_id, price, registered_date, status) VALUES (135, 26, 11528, '2024-08-10 03:08:02', '판매중');
INSERT INTO UsedBook (used_book_id, book_id, price, registered_date, status) VALUES (136, 26, 11254, '2024-08-11 04:02:55', '판매중');
INSERT INTO UsedBook (used_book_id, book_id, price, registered_date, status) VALUES (137, 11, 3332, '2024-08-11 05:16:44', '판매중');
INSERT INTO UsedBook (used_book_id, book_id, price, registered_date, status) VALUES (138, 15, 9028, '2024-08-12 02:09:29', '판매중');
INSERT INTO UsedBook (used_book_id, book_id, price, registered_date, status) VALUES (139, 6, 13277, '2024-08-18 12:44:06', '판매완료');
INSERT INTO UsedBook (used_book_id, book_id, price, registered_date, status) VALUES (140, 39, 11495, '2024-08-23 13:22:58', '판매중');
INSERT INTO UsedBook (used_book_id, book_id, price, registered_date, status) VALUES (141, 22, 8263, '2024-08-27 04:14:02', '판매완료');
INSERT INTO UsedBook (used_book_id, book_id, price, registered_date, status) VALUES (142, 58, 9369, '2024-08-31 05:20:12', '판매완료');
INSERT INTO UsedBook (used_book_id, book_id, price, registered_date, status) VALUES (143, 147, 12798, '2024-09-01 03:59:40', '판매중');
INSERT INTO UsedBook (used_book_id, book_id, price, registered_date, status) VALUES (144, 7, 7712, '2024-09-02 06:09:27', '판매완료');
INSERT INTO UsedBook (used_book_id, book_id, price, registered_date, status) VALUES (145, 93, 14849, '2024-09-02 18:01:14', '판매중');
INSERT INTO UsedBook (used_book_id, book_id, price, registered_date, status) VALUES (146, 121, 19702, '2024-09-07 00:12:07', '판매중');
INSERT INTO UsedBook (used_book_id, book_id, price, registered_date, status) VALUES (147, 43, 10265, '2024-09-07 02:26:27', '판매완료');
INSERT INTO UsedBook (used_book_id, book_id, price, registered_date, status) VALUES (148, 29, 14410, '2024-09-07 07:27:14', '판매완료');
INSERT INTO UsedBook (used_book_id, book_id, price, registered_date, status) VALUES (149, 40, 13426, '2024-09-11 19:53:27', '판매중');
INSERT INTO UsedBook (used_book_id, book_id, price, registered_date, status) VALUES (150, 10, 17511, '2024-09-12 16:15:30', '판매중');
INSERT INTO UsedBook (used_book_id, book_id, price, registered_date, status) VALUES (151, 49, 9604, '2024-09-15 18:21:16', '판매중');
INSERT INTO UsedBook (used_book_id, book_id, price, registered_date, status) VALUES (152, 24, 10735, '2024-09-25 06:23:39', '판매완료');
INSERT INTO UsedBook (used_book_id, book_id, price, registered_date, status) VALUES (153, 131, 12145, '2024-09-26 20:11:27', '판매중');
INSERT INTO UsedBook (used_book_id, book_id, price, registered_date, status) VALUES (154, 31, 7474, '2024-09-28 01:49:22', '판매완료');
INSERT INTO UsedBook (used_book_id, book_id, price, registered_date, status) VALUES (155, 17, 13000, '2024-09-30 22:44:45', '판매완료');
INSERT INTO UsedBook (used_book_id, book_id, price, registered_date, status) VALUES (156, 18, 8830, '2024-10-03 00:21:29', '판매완료');
INSERT INTO UsedBook (used_book_id, book_id, price, registered_date, status) VALUES (157, 130, 3842, '2024-10-03 12:08:38', '판매완료');
INSERT INTO UsedBook (used_book_id, book_id, price, registered_date, status) VALUES (158, 26, 16140, '2024-10-05 08:58:43', '판매중');
INSERT INTO UsedBook (used_book_id, book_id, price, registered_date, status) VALUES (159, 21, 23041, '2024-10-08 19:51:55', '판매완료');
INSERT INTO UsedBook (used_book_id, book_id, price, registered_date, status) VALUES (160, 26, 15710, '2024-10-09 17:37:30', '판매중');
INSERT INTO UsedBook (used_book_id, book_id, price, registered_date, status) VALUES (161, 50, 11569, '2024-10-11 02:28:18', '판매중');
INSERT INTO UsedBook (used_book_id, book_id, price, registered_date, status) VALUES (162, 35, 10425, '2024-10-11 23:03:41', '판매완료');
INSERT INTO UsedBook (used_book_id, book_id, price, registered_date, status) VALUES (163, 16, 14117, '2024-10-13 08:53:29', '판매중');
INSERT INTO UsedBook (used_book_id, book_id, price, registered_date, status) VALUES (164, 35, 9876, '2024-10-13 21:26:30', '판매완료');
INSERT INTO UsedBook (used_book_id, book_id, price, registered_date, status) VALUES (165, 20, 6029, '2024-10-15 05:52:26', '판매중');
INSERT INTO UsedBook (used_book_id, book_id, price, registered_date, status) VALUES (166, 47, 9150, '2024-10-15 12:06:27', '판매완료');
INSERT INTO UsedBook (used_book_id, book_id, price, registered_date, status) VALUES (167, 66, 12254, '2024-10-18 20:08:10', '판매중');
INSERT INTO UsedBook (used_book_id, book_id, price, registered_date, status) VALUES (168, 32, 16297, '2024-10-19 10:13:37', '판매완료');
INSERT INTO UsedBook (used_book_id, book_id, price, registered_date, status) VALUES (169, 19, 8991, '2024-10-20 01:02:33', '판매중');
INSERT INTO UsedBook (used_book_id, book_id, price, registered_date, status) VALUES (170, 43, 13731, '2024-10-20 08:52:20', '판매완료');
INSERT INTO UsedBook (used_book_id, book_id, price, registered_date, status) VALUES (171, 37, 9113, '2024-10-20 20:20:51', '판매중');
INSERT INTO UsedBook (used_book_id, book_id, price, registered_date, status) VALUES (172, 7, 10479, '2024-10-23 04:53:14', '판매중');
INSERT INTO UsedBook (used_book_id, book_id, price, registered_date, status) VALUES (173, 16, 16922, '2024-10-23 05:05:19', '판매중');
INSERT INTO UsedBook (used_book_id, book_id, price, registered_date, status) VALUES (174, 37, 10159, '2024-10-25 16:20:06', '판매중');
INSERT INTO UsedBook (used_book_id, book_id, price, registered_date, status) VALUES (175, 35, 13161, '2024-10-26 00:26:43', '판매완료');
INSERT INTO UsedBook (used_book_id, book_id, price, registered_date, status) VALUES (176, 41, 5649, '2024-10-26 10:23:03', '판매완료');
INSERT INTO UsedBook (used_book_id, book_id, price, registered_date, status) VALUES (177, 17, 11341, '2024-10-27 00:47:30', '판매완료');
INSERT INTO UsedBook (used_book_id, book_id, price, registered_date, status) VALUES (178, 46, 11083, '2024-10-27 22:52:29', '판매완료');
INSERT INTO UsedBook (used_book_id, book_id, price, registered_date, status) VALUES (179, 7, 6631, '2024-10-30 23:03:47', '판매중');
INSERT INTO UsedBook (used_book_id, book_id, price, registered_date, status) VALUES (180, 19, 12316, '2024-11-01 18:24:42', '판매완료');
INSERT INTO UsedBook (used_book_id, book_id, price, registered_date, status) VALUES (181, 190, 11883, '2024-11-04 13:56:11', '판매완료');
INSERT INTO UsedBook (used_book_id, book_id, price, registered_date, status) VALUES (182, 160, 6738, '2024-11-05 08:35:43', '판매중');
INSERT INTO UsedBook (used_book_id, book_id, price, registered_date, status) VALUES (183, 29, 10445, '2024-11-06 07:41:08', '판매완료');
INSERT INTO UsedBook (used_book_id, book_id, price, registered_date, status) VALUES (184, 22, 13517, '2024-11-09 03:52:31', '판매완료');
INSERT INTO UsedBook (used_book_id, book_id, price, registered_date, status) VALUES (185, 46, 10336, '2024-11-12 04:19:09', '판매완료');
INSERT INTO UsedBook (used_book_id, book_id, price, registered_date, status) VALUES (186, 40, 12965, '2024-11-13 04:05:58', '판매완료');
INSERT INTO UsedBook (used_book_id, book_id, price, registered_date, status) VALUES (187, 49, 8063, '2024-11-13 18:51:44', '판매중');
INSERT INTO UsedBook (used_book_id, book_id, price, registered_date, status) VALUES (188, 47, 7250, '2024-11-14 14:37:18', '판매완료');
INSERT INTO UsedBook (used_book_id, book_id, price, registered_date, status) VALUES (189, 21, 34989, '2024-11-15 15:07:05', '판매중');
INSERT INTO UsedBook (used_book_id, book_id, price, registered_date, status) VALUES (190, 19, 15475, '2024-11-15 19:05:17', '판매완료');
INSERT INTO UsedBook (used_book_id, book_id, price, registered_date, status) VALUES (191, 105, 10409, '2024-11-17 13:27:26', '판매중');
INSERT INTO UsedBook (used_book_id, book_id, price, registered_date, status) VALUES (192, 109, 12388, '2024-11-17 16:46:22', '판매중');
INSERT INTO UsedBook (used_book_id, book_id, price, registered_date, status) VALUES (193, 37, 12828, '2024-11-19 04:56:11', '판매중');
INSERT INTO UsedBook (used_book_id, book_id, price, registered_date, status) VALUES (194, 109, 13178, '2024-11-19 05:14:13', '판매중');
INSERT INTO UsedBook (used_book_id, book_id, price, registered_date, status) VALUES (195, 24, 13345, '2024-11-19 06:31:19', '판매완료');
INSERT INTO UsedBook (used_book_id, book_id, price, registered_date, status) VALUES (196, 22, 10102, '2024-11-19 16:56:03', '판매완료');
INSERT INTO UsedBook (used_book_id, book_id, price, registered_date, status) VALUES (197, 163, 3178, '2024-11-20 22:59:53', '판매완료');
INSERT INTO UsedBook (used_book_id, book_id, price, registered_date, status) VALUES (198, 44, 8580, '2024-11-23 01:33:33', '판매완료');
INSERT INTO UsedBook (used_book_id, book_id, price, registered_date, status) VALUES (199, 43, 9117, '2024-11-24 11:06:51', '판매완료');
INSERT INTO UsedBook (used_book_id, book_id, price, registered_date, status) VALUES (200, 46, 9989, '2024-11-26 07:02:01', '판매중');
INSERT INTO UsedBook (used_book_id, book_id, price, registered_date, status) VALUES (201, 27, 14482, '2024-11-30 00:58:18', '판매중');
INSERT INTO UsedBook (used_book_id, book_id, price, registered_date, status) VALUES (202, 17, 12051, '2024-11-30 10:30:53', '판매완료');
INSERT INTO UsedBook (used_book_id, book_id, price, registered_date, status) VALUES (203, 7, 8071, '2024-11-30 12:11:37', '판매중');
INSERT INTO UsedBook (used_book_id, book_id, price, registered_date, status) VALUES (204, 41, 5885, '2024-12-02 15:27:57', '판매완료');
INSERT INTO UsedBook (used_book_id, book_id, price, registered_date, status) VALUES (205, 7, 7748, '2024-12-03 13:26:41', '판매완료');
INSERT INTO UsedBook (used_book_id, book_id, price, registered_date, status) VALUES (206, 127, 3917, '2024-12-04 17:36:49', '판매중');
INSERT INTO UsedBook (used_book_id, book_id, price, registered_date, status) VALUES (207, 39, 12770, '2024-12-05 20:30:15', '판매완료');
INSERT INTO UsedBook (used_book_id, book_id, price, registered_date, status) VALUES (208, 24, 10385, '2024-12-07 13:58:23', '판매중');
INSERT INTO UsedBook (used_book_id, book_id, price, registered_date, status) VALUES (209, 10, 19236, '2024-12-07 18:21:18', '판매완료');
INSERT INTO UsedBook (used_book_id, book_id, price, registered_date, status) VALUES (210, 173, 10949, '2024-12-08 03:18:58', '판매중');
INSERT INTO UsedBook (used_book_id, book_id, price, registered_date, status) VALUES (211, 55, 12802, '2024-12-09 11:21:57', '판매중');
INSERT INTO UsedBook (used_book_id, book_id, price, registered_date, status) VALUES (212, 93, 13495, '2024-12-09 19:13:29', '판매중');
INSERT INTO UsedBook (used_book_id, book_id, price, registered_date, status) VALUES (213, 29, 13645, '2024-12-12 12:55:44', '판매완료');
INSERT INTO UsedBook (used_book_id, book_id, price, registered_date, status) VALUES (214, 28, 16004, '2024-12-12 23:34:51', '판매완료');
INSERT INTO UsedBook (used_book_id, book_id, price, registered_date, status) VALUES (215, 6, 9689, '2024-12-15 16:40:55', '판매중');
INSERT INTO UsedBook (used_book_id, book_id, price, registered_date, status) VALUES (216, 22, 11732, '2024-12-16 07:54:34', '판매중');
INSERT INTO UsedBook (used_book_id, book_id, price, registered_date, status) VALUES (217, 130, 5136, '2024-12-17 17:03:49', '판매중');
INSERT INTO UsedBook (used_book_id, book_id, price, registered_date, status) VALUES (218, 35, 13872, '2024-12-20 21:51:19', '판매중');
INSERT INTO UsedBook (used_book_id, book_id, price, registered_date, status) VALUES (219, 157, 12679, '2024-12-22 03:28:59', '판매중');
INSERT INTO UsedBook (used_book_id, book_id, price, registered_date, status) VALUES (220, 7, 10728, '2024-12-22 15:51:50', '판매중');
INSERT INTO UsedBook (used_book_id, book_id, price, registered_date, status) VALUES (221, 112, 13030, '2024-12-24 00:56:02', '판매중');
INSERT INTO UsedBook (used_book_id, book_id, price, registered_date, status) VALUES (222, 169, 13736, '2024-12-27 01:05:21', '판매중');
INSERT INTO UsedBook (used_book_id, book_id, price, registered_date, status) VALUES (223, 46, 7919, '2024-12-28 11:06:30', '판매중');
INSERT INTO UsedBook (used_book_id, book_id, price, registered_date, status) VALUES (224, 95, 8660, '2024-12-29 15:36:33', '판매중');
INSERT INTO UsedBook (used_book_id, book_id, price, registered_date, status) VALUES (225, 107, 11559, '2024-12-31 08:23:09', '판매완료');
INSERT INTO UsedBook (used_book_id, book_id, price, registered_date, status) VALUES (226, 26, 11961, '2025-01-03 21:46:08', '판매완료');
INSERT INTO UsedBook (used_book_id, book_id, price, registered_date, status) VALUES (227, 10, 18420, '2025-01-05 11:15:42', '판매중');
INSERT INTO UsedBook (used_book_id, book_id, price, registered_date, status) VALUES (228, 17, 13982, '2025-01-07 10:03:30', '판매완료');
INSERT INTO UsedBook (used_book_id, book_id, price, registered_date, status) VALUES (229, 32, 20253, '2025-01-07 10:56:49', '판매완료');
INSERT INTO UsedBook (used_book_id, book_id, price, registered_date, status) VALUES (230, 40, 10484, '2025-01-09 12:37:51', '판매완료');
INSERT INTO UsedBook (used_book_id, book_id, price, registered_date, status) VALUES (231, 29, 9898, '2025-01-09 19:51:20', '판매완료');
INSERT INTO UsedBook (used_book_id, book_id, price, registered_date, status) VALUES (232, 6, 15581, '2025-01-10 07:41:01', '판매중');
INSERT INTO UsedBook (used_book_id, book_id, price, registered_date, status) VALUES (233, 45, 11147, '2025-01-11 00:43:07', '판매완료');
INSERT INTO UsedBook (used_book_id, book_id, price, registered_date, status) VALUES (234, 114, 15067, '2025-01-11 02:54:47', '판매중');
INSERT INTO UsedBook (used_book_id, book_id, price, registered_date, status) VALUES (235, 44, 12836, '2025-01-13 10:59:44', '판매완료');
INSERT INTO UsedBook (used_book_id, book_id, price, registered_date, status) VALUES (236, 37, 13955, '2025-01-13 22:34:36', '판매완료');
INSERT INTO UsedBook (used_book_id, book_id, price, registered_date, status) VALUES (237, 25, 12011, '2025-01-14 06:02:36', '판매완료');
INSERT INTO UsedBook (used_book_id, book_id, price, registered_date, status) VALUES (238, 132, 2731, '2025-01-16 03:05:20', '판매중');
INSERT INTO UsedBook (used_book_id, book_id, price, registered_date, status) VALUES (239, 162, 12078, '2025-01-16 03:46:54', '판매완료');
INSERT INTO UsedBook (used_book_id, book_id, price, registered_date, status) VALUES (240, 152, 10246, '2025-01-17 15:16:36', '판매중');
INSERT INTO UsedBook (used_book_id, book_id, price, registered_date, status) VALUES (241, 30, 18814, '2025-01-20 10:50:51', '판매완료');
INSERT INTO UsedBook (used_book_id, book_id, price, registered_date, status) VALUES (242, 45, 16764, '2025-01-20 12:08:18', '판매중');
INSERT INTO UsedBook (used_book_id, book_id, price, registered_date, status) VALUES (243, 27, 15205, '2025-01-22 19:09:13', '판매중');
INSERT INTO UsedBook (used_book_id, book_id, price, registered_date, status) VALUES (244, 36, 15856, '2025-01-25 12:14:14', '판매완료');
INSERT INTO UsedBook (used_book_id, book_id, price, registered_date, status) VALUES (245, 14, 6383, '2025-01-26 06:37:06', '판매완료');
INSERT INTO UsedBook (used_book_id, book_id, price, registered_date, status) VALUES (246, 164, 10679, '2025-01-28 00:23:19', '판매중');
INSERT INTO UsedBook (used_book_id, book_id, price, registered_date, status) VALUES (247, 11, 4373, '2025-01-30 06:30:23', '판매중');
INSERT INTO UsedBook (used_book_id, book_id, price, registered_date, status) VALUES (248, 74, 11878, '2025-02-01 13:08:05', '판매중');
INSERT INTO UsedBook (used_book_id, book_id, price, registered_date, status) VALUES (249, 156, 13360, '2025-02-04 03:06:46', '판매중');
INSERT INTO UsedBook (used_book_id, book_id, price, registered_date, status) VALUES (250, 35, 13626, '2025-02-05 10:47:06', '판매중');
INSERT INTO UsedBook (used_book_id, book_id, price, registered_date, status) VALUES (251, 43, 11523, '2025-02-05 16:39:44', '판매완료');
INSERT INTO UsedBook (used_book_id, book_id, price, registered_date, status) VALUES (252, 187, 7808, '2025-02-07 03:42:11', '판매중');
INSERT INTO UsedBook (used_book_id, book_id, price, registered_date, status) VALUES (253, 25, 12559, '2025-02-09 09:23:28', '판매중');
INSERT INTO UsedBook (used_book_id, book_id, price, registered_date, status) VALUES (254, 21, 26513, '2025-02-11 10:02:29', '판매중');
INSERT INTO UsedBook (used_book_id, book_id, price, registered_date, status) VALUES (255, 151, 8733, '2025-02-12 06:07:19', '판매중');
INSERT INTO UsedBook (used_book_id, book_id, price, registered_date, status) VALUES (256, 10, 14578, '2025-02-12 10:23:46', '판매중');
INSERT INTO UsedBook (used_book_id, book_id, price, registered_date, status) VALUES (257, 45, 17553, '2025-02-13 04:38:38', '판매중');
INSERT INTO UsedBook (used_book_id, book_id, price, registered_date, status) VALUES (258, 19, 13404, '2025-02-13 09:49:35', '판매중');
INSERT INTO UsedBook (used_book_id, book_id, price, registered_date, status) VALUES (259, 19, 13791, '2025-02-14 20:25:32', '판매중');
INSERT INTO UsedBook (used_book_id, book_id, price, registered_date, status) VALUES (260, 178, 13555, '2025-02-16 16:47:53', '판매완료');
INSERT INTO UsedBook (used_book_id, book_id, price, registered_date, status) VALUES (261, 33, 12271, '2025-02-16 19:05:09', '판매중');
INSERT INTO UsedBook (used_book_id, book_id, price, registered_date, status) VALUES (262, 69, 4524, '2025-02-17 14:02:16', '판매중');
INSERT INTO UsedBook (used_book_id, book_id, price, registered_date, status) VALUES (263, 188, 11292, '2025-02-17 22:01:54', '판매완료');
INSERT INTO UsedBook (used_book_id, book_id, price, registered_date, status) VALUES (264, 37, 8707, '2025-02-19 06:56:02', '판매중');
INSERT INTO UsedBook (used_book_id, book_id, price, registered_date, status) VALUES (265, 44, 11970, '2025-02-20 08:39:37', '판매완료');
INSERT INTO UsedBook (used_book_id, book_id, price, registered_date, status) VALUES (266, 14, 10097, '2025-02-21 23:18:45', '판매중');
INSERT INTO UsedBook (used_book_id, book_id, price, registered_date, status) VALUES (267, 18, 9429, '2025-02-22 01:24:34', '판매완료');
INSERT INTO UsedBook (used_book_id, book_id, price, registered_date, status) VALUES (268, 20, 8363, '2025-02-22 10:05:25', '판매완료');
INSERT INTO UsedBook (used_book_id, book_id, price, registered_date, status) VALUES (269, 193, 12720, '2025-02-23 00:02:06', '판매중');
INSERT INTO UsedBook (used_book_id, book_id, price, registered_date, status) VALUES (270, 136, 8843, '2025-02-23 01:23:17', '판매중');
INSERT INTO UsedBook (used_book_id, book_id, price, registered_date, status) VALUES (271, 32, 12568, '2025-02-23 13:13:38', '판매완료');
INSERT INTO UsedBook (used_book_id, book_id, price, registered_date, status) VALUES (272, 13, 15871, '2025-02-28 13:14:54', '판매완료');
INSERT INTO UsedBook (used_book_id, book_id, price, registered_date, status) VALUES (273, 40, 11763, '2025-02-28 14:43:14', '판매중');
INSERT INTO UsedBook (used_book_id, book_id, price, registered_date, status) VALUES (274, 27, 15008, '2025-02-28 23:12:57', '판매완료');
INSERT INTO UsedBook (used_book_id, book_id, price, registered_date, status) VALUES (275, 21, 24421, '2025-03-01 03:57:42', '판매중');
INSERT INTO UsedBook (used_book_id, book_id, price, registered_date, status) VALUES (276, 13, 10029, '2025-03-02 19:34:21', '판매완료');
INSERT INTO UsedBook (used_book_id, book_id, price, registered_date, status) VALUES (277, 47, 10334, '2025-03-04 21:32:10', '판매중');
INSERT INTO UsedBook (used_book_id, book_id, price, registered_date, status) VALUES (278, 1, 8298, '2025-03-06 11:19:21', '판매중');
INSERT INTO UsedBook (used_book_id, book_id, price, registered_date, status) VALUES (279, 34, 9925, '2025-03-07 10:03:26', '판매중');
INSERT INTO UsedBook (used_book_id, book_id, price, registered_date, status) VALUES (280, 39, 10578, '2025-03-09 18:08:05', '판매중');
INSERT INTO UsedBook (used_book_id, book_id, price, registered_date, status) VALUES (281, 28, 16470, '2025-03-10 11:35:07', '판매완료');
INSERT INTO UsedBook (used_book_id, book_id, price, registered_date, status) VALUES (282, 43, 10781, '2025-03-10 12:04:52', '판매중');
INSERT INTO UsedBook (used_book_id, book_id, price, registered_date, status) VALUES (283, 6, 15713, '2025-03-10 14:02:20', '판매완료');
INSERT INTO UsedBook (used_book_id, book_id, price, registered_date, status) VALUES (284, 31, 7825, '2025-03-10 15:39:03', '판매중');
INSERT INTO UsedBook (used_book_id, book_id, price, registered_date, status) VALUES (285, 25, 11851, '2025-03-11 07:39:34', '판매완료');
INSERT INTO UsedBook (used_book_id, book_id, price, registered_date, status) VALUES (286, 68, 16729, '2025-03-12 00:58:39', '판매완료');
INSERT INTO UsedBook (used_book_id, book_id, price, registered_date, status) VALUES (287, 13, 12392, '2025-03-12 05:42:51', '판매중');
INSERT INTO UsedBook (used_book_id, book_id, price, registered_date, status) VALUES (288, 52, 7895, '2025-03-12 17:26:54', '판매완료');
INSERT INTO UsedBook (used_book_id, book_id, price, registered_date, status) VALUES (289, 45, 17417, '2025-03-12 21:00:29', '판매완료');
INSERT INTO UsedBook (used_book_id, book_id, price, registered_date, status) VALUES (290, 46, 9890, '2025-03-14 04:51:34', '판매완료');
INSERT INTO UsedBook (used_book_id, book_id, price, registered_date, status) VALUES (291, 44, 10449, '2025-03-14 06:49:19', '판매중');
INSERT INTO UsedBook (used_book_id, book_id, price, registered_date, status) VALUES (292, 14, 8291, '2025-03-15 17:00:35', '판매중');
INSERT INTO UsedBook (used_book_id, book_id, price, registered_date, status) VALUES (293, 24, 12302, '2025-03-16 20:10:16', '판매중');
INSERT INTO UsedBook (used_book_id, book_id, price, registered_date, status) VALUES (294, 132, 4096, '2025-03-17 13:06:53', '판매중');
INSERT INTO UsedBook (used_book_id, book_id, price, registered_date, status) VALUES (295, 5, 12940, '2025-03-17 21:24:02', '판매중');
INSERT INTO UsedBook (used_book_id, book_id, price, registered_date, status) VALUES (296, 36, 9248, '2025-03-18 00:13:51', '판매중');
INSERT INTO UsedBook (used_book_id, book_id, price, registered_date, status) VALUES (297, 132, 3883, '2025-03-19 20:59:15', '판매완료');
INSERT INTO UsedBook (used_book_id, book_id, price, registered_date, status) VALUES (298, 9, 9503, '2025-03-20 12:09:22', '판매완료');
INSERT INTO UsedBook (used_book_id, book_id, price, registered_date, status) VALUES (299, 136, 14399, '2025-03-23 16:32:23', '판매중');
INSERT INTO UsedBook (used_book_id, book_id, price, registered_date, status) VALUES (300, 27, 12435, '2025-03-24 12:05:21', '판매완료');
INSERT INTO UsedBook (used_book_id, book_id, price, registered_date, status) VALUES (301, 86, 8384, '2025-03-24 12:22:54', '판매완료');
INSERT INTO UsedBook (used_book_id, book_id, price, registered_date, status) VALUES (302, 30, 21042, '2025-03-24 23:45:09', '판매완료');
INSERT INTO UsedBook (used_book_id, book_id, price, registered_date, status) VALUES (303, 40, 10220, '2025-03-28 13:18:01', '판매완료');
INSERT INTO UsedBook (used_book_id, book_id, price, registered_date, status) VALUES (304, 187, 11642, '2025-03-30 11:09:24', '판매완료');
INSERT INTO UsedBook (used_book_id, book_id, price, registered_date, status) VALUES (305, 11, 3719, '2025-03-31 12:32:18', '판매완료');
INSERT INTO UsedBook (used_book_id, book_id, price, registered_date, status) VALUES (306, 36, 15460, '2025-04-01 07:23:54', '판매중');
INSERT INTO UsedBook (used_book_id, book_id, price, registered_date, status) VALUES (307, 120, 11598, '2025-04-02 16:59:18', '판매중');
INSERT INTO UsedBook (used_book_id, book_id, price, registered_date, status) VALUES (308, 13, 10623, '2025-04-02 23:13:13', '판매완료');
INSERT INTO UsedBook (used_book_id, book_id, price, registered_date, status) VALUES (309, 85, 4172, '2025-04-03 17:28:11', '판매중');
INSERT INTO UsedBook (used_book_id, book_id, price, registered_date, status) VALUES (310, 1, 10002, '2025-04-03 21:54:22', '판매완료');
INSERT INTO UsedBook (used_book_id, book_id, price, registered_date, status) VALUES (311, 45, 16233, '2025-04-05 16:33:26', '판매중');
INSERT INTO UsedBook (used_book_id, book_id, price, registered_date, status) VALUES (312, 10, 16146, '2025-04-05 19:04:19', '판매완료');
INSERT INTO UsedBook (used_book_id, book_id, price, registered_date, status) VALUES (313, 69, 4202, '2025-04-05 19:22:21', '판매중');
INSERT INTO UsedBook (used_book_id, book_id, price, registered_date, status) VALUES (314, 67, 11393, '2025-04-06 02:26:34', '판매중');
INSERT INTO UsedBook (used_book_id, book_id, price, registered_date, status) VALUES (315, 9, 12281, '2025-04-07 12:28:16', '판매완료');
INSERT INTO UsedBook (used_book_id, book_id, price, registered_date, status) VALUES (316, 99, 20550, '2025-04-07 12:39:11', '판매중');
INSERT INTO UsedBook (used_book_id, book_id, price, registered_date, status) VALUES (317, 59, 11408, '2025-04-07 19:13:07', '판매완료');
INSERT INTO UsedBook (used_book_id, book_id, price, registered_date, status) VALUES (318, 184, 12455, '2025-04-09 05:28:14', '판매중');
INSERT INTO UsedBook (used_book_id, book_id, price, registered_date, status) VALUES (319, 97, 10729, '2025-04-09 23:10:57', '판매완료');
INSERT INTO UsedBook (used_book_id, book_id, price, registered_date, status) VALUES (320, 11, 5212, '2025-04-10 01:34:44', '판매중');
INSERT INTO UsedBook (used_book_id, book_id, price, registered_date, status) VALUES (321, 50, 12863, '2025-04-10 02:02:57', '판매중');
INSERT INTO UsedBook (used_book_id, book_id, price, registered_date, status) VALUES (322, 24, 8513, '2025-04-11 16:31:29', '판매중');
INSERT INTO UsedBook (used_book_id, book_id, price, registered_date, status) VALUES (323, 37, 9249, '2025-04-11 21:14:07', '판매완료');
INSERT INTO UsedBook (used_book_id, book_id, price, registered_date, status) VALUES (324, 82, 14144, '2025-04-14 06:29:10', '판매완료');
INSERT INTO UsedBook (used_book_id, book_id, price, registered_date, status) VALUES (325, 166, 8393, '2025-04-15 08:17:14', '판매완료');
INSERT INTO UsedBook (used_book_id, book_id, price, registered_date, status) VALUES (326, 88, 10233, '2025-04-17 19:11:35', '판매중');
INSERT INTO UsedBook (used_book_id, book_id, price, registered_date, status) VALUES (327, 41, 5623, '2025-04-18 07:25:37', '판매완료');
INSERT INTO UsedBook (used_book_id, book_id, price, registered_date, status) VALUES (328, 30, 13160, '2025-04-18 16:27:27', '판매완료');
INSERT INTO UsedBook (used_book_id, book_id, price, registered_date, status) VALUES (329, 34, 13916, '2025-04-19 23:45:45', '판매중');
INSERT INTO UsedBook (used_book_id, book_id, price, registered_date, status) VALUES (330, 30, 14032, '2025-04-20 05:59:32', '판매완료');
INSERT INTO UsedBook (used_book_id, book_id, price, registered_date, status) VALUES (331, 179, 10208, '2025-04-20 12:55:08', '판매중');
INSERT INTO UsedBook (used_book_id, book_id, price, registered_date, status) VALUES (332, 95, 8126, '2025-04-21 00:51:23', '판매중');
INSERT INTO UsedBook (used_book_id, book_id, price, registered_date, status) VALUES (333, 28, 15221, '2025-04-22 12:29:49', '판매완료');
INSERT INTO UsedBook (used_book_id, book_id, price, registered_date, status) VALUES (334, 133, 11440, '2025-04-22 21:27:18', '판매완료');
INSERT INTO UsedBook (used_book_id, book_id, price, registered_date, status) VALUES (335, 164, 10631, '2025-04-23 09:25:35', '판매중');
INSERT INTO UsedBook (used_book_id, book_id, price, registered_date, status) VALUES (336, 16, 17177, '2025-04-23 13:32:21', '판매중');
INSERT INTO UsedBook (used_book_id, book_id, price, registered_date, status) VALUES (337, 35, 12367, '2025-04-23 22:31:46', '판매중');
INSERT INTO UsedBook (used_book_id, book_id, price, registered_date, status) VALUES (338, 180, 19506, '2025-04-24 17:23:29', '판매중');
INSERT INTO UsedBook (used_book_id, book_id, price, registered_date, status) VALUES (339, 126, 11979, '2025-04-25 07:53:14', '판매완료');
INSERT INTO UsedBook (used_book_id, book_id, price, registered_date, status) VALUES (340, 21, 30245, '2025-04-26 08:07:16', '판매중');
INSERT INTO UsedBook (used_book_id, book_id, price, registered_date, status) VALUES (341, 27, 11227, '2025-04-26 19:47:15', '판매중');
INSERT INTO UsedBook (used_book_id, book_id, price, registered_date, status) VALUES (342, 17, 11073, '2025-04-27 05:17:19', '판매완료');
INSERT INTO UsedBook (used_book_id, book_id, price, registered_date, status) VALUES (343, 141, 17065, '2025-04-27 19:00:36', '판매중');
INSERT INTO UsedBook (used_book_id, book_id, price, registered_date, status) VALUES (344, 164, 15671, '2025-04-27 22:03:01', '판매완료');
INSERT INTO UsedBook (used_book_id, book_id, price, registered_date, status) VALUES (345, 9, 11596, '2025-04-29 16:56:02', '판매중');
INSERT INTO UsedBook (used_book_id, book_id, price, registered_date, status) VALUES (346, 41, 6949, '2025-05-01 23:53:32', '판매중');
INSERT INTO UsedBook (used_book_id, book_id, price, registered_date, status) VALUES (347, 43, 12240, '2025-05-02 08:30:16', '판매중');
INSERT INTO UsedBook (used_book_id, book_id, price, registered_date, status) VALUES (348, 14, 10050, '2025-05-02 21:15:43', '판매완료');
INSERT INTO UsedBook (used_book_id, book_id, price, registered_date, status) VALUES (349, 52, 7230, '2025-05-03 14:10:17', '판매중');
INSERT INTO UsedBook (used_book_id, book_id, price, registered_date, status) VALUES (350, 36, 10169, '2025-05-04 04:22:21', '판매중');
INSERT INTO UsedBook (used_book_id, book_id, price, registered_date, status) VALUES (351, 82, 10828, '2025-05-04 10:27:35', '판매완료');
INSERT INTO UsedBook (used_book_id, book_id, price, registered_date, status) VALUES (352, 82, 11700, '2025-05-04 20:26:21', '판매중');
INSERT INTO UsedBook (used_book_id, book_id, price, registered_date, status) VALUES (353, 34, 13284, '2025-05-05 11:25:23', '판매완료');
INSERT INTO UsedBook (used_book_id, book_id, price, registered_date, status) VALUES (354, 145, 15552, '2025-05-05 16:27:24', '판매완료');
INSERT INTO UsedBook (used_book_id, book_id, price, registered_date, status) VALUES (355, 9, 13317, '2025-05-06 18:33:20', '판매중');
INSERT INTO UsedBook (used_book_id, book_id, price, registered_date, status) VALUES (356, 27, 14207, '2025-05-07 20:23:03', '판매중');
INSERT INTO UsedBook (used_book_id, book_id, price, registered_date, status) VALUES (357, 196, 2202, '2025-05-09 11:05:24', '판매중');
INSERT INTO UsedBook (used_book_id, book_id, price, registered_date, status) VALUES (358, 40, 11430, '2025-05-10 07:27:23', '판매완료');
INSERT INTO UsedBook (used_book_id, book_id, price, registered_date, status) VALUES (359, 36, 10132, '2025-05-11 19:35:45', '판매중');
INSERT INTO UsedBook (used_book_id, book_id, price, registered_date, status) VALUES (360, 138, 19875, '2025-05-12 22:12:03', '판매중');
INSERT INTO UsedBook (used_book_id, book_id, price, registered_date, status) VALUES (361, 72, 14788, '2025-05-13 02:05:57', '판매완료');
INSERT INTO UsedBook (used_book_id, book_id, price, registered_date, status) VALUES (362, 34, 10238, '2025-05-13 06:52:07', '판매완료');
INSERT INTO UsedBook (used_book_id, book_id, price, registered_date, status) VALUES (363, 154, 4781, '2025-05-14 00:51:47', '판매완료');
INSERT INTO UsedBook (used_book_id, book_id, price, registered_date, status) VALUES (364, 35, 11971, '2025-05-14 10:54:12', '판매중');
INSERT INTO UsedBook (used_book_id, book_id, price, registered_date, status) VALUES (365, 28, 12597, '2025-05-15 00:41:05', '판매완료');
INSERT INTO UsedBook (used_book_id, book_id, price, registered_date, status) VALUES (366, 27, 11215, '2025-05-15 18:21:54', '판매완료');
INSERT INTO UsedBook (used_book_id, book_id, price, registered_date, status) VALUES (367, 16, 16173, '2025-05-16 09:00:24', '판매중');
INSERT INTO UsedBook (used_book_id, book_id, price, registered_date, status) VALUES (368, 46, 8764, '2025-05-16 18:34:58', '판매완료');
INSERT INTO UsedBook (used_book_id, book_id, price, registered_date, status) VALUES (369, 16, 15034, '2025-05-17 21:17:51', '판매완료');
INSERT INTO UsedBook (used_book_id, book_id, price, registered_date, status) VALUES (370, 36, 9733, '2025-05-18 04:50:06', '판매중');
INSERT INTO UsedBook (used_book_id, book_id, price, registered_date, status) VALUES (371, 41, 5905, '2025-05-19 14:07:27', '판매완료');
INSERT INTO UsedBook (used_book_id, book_id, price, registered_date, status) VALUES (372, 32, 16351, '2025-05-19 21:02:53', '판매중');
INSERT INTO UsedBook (used_book_id, book_id, price, registered_date, status) VALUES (373, 14, 6862, '2025-05-21 10:21:10', '판매중');
INSERT INTO UsedBook (used_book_id, book_id, price, registered_date, status) VALUES (374, 34, 9902, '2025-05-22 04:09:26', '판매완료');
INSERT INTO UsedBook (used_book_id, book_id, price, registered_date, status) VALUES (375, 23, 10485, '2025-05-22 17:26:30', '판매완료');
INSERT INTO UsedBook (used_book_id, book_id, price, registered_date, status) VALUES (376, 41, 5759, '2025-05-23 23:49:38', '판매완료');
INSERT INTO UsedBook (used_book_id, book_id, price, registered_date, status) VALUES (377, 200, 9991, '2025-05-24 00:30:13', '판매완료');
INSERT INTO UsedBook (used_book_id, book_id, price, registered_date, status) VALUES (378, 146, 10518, '2025-05-24 09:41:42', '판매완료');
INSERT INTO UsedBook (used_book_id, book_id, price, registered_date, status) VALUES (379, 88, 12539, '2025-05-24 15:47:34', '판매완료');
INSERT INTO UsedBook (used_book_id, book_id, price, registered_date, status) VALUES (380, 30, 21340, '2025-05-24 19:51:34', '판매완료');
INSERT INTO UsedBook (used_book_id, book_id, price, registered_date, status) VALUES (381, 28, 15638, '2025-05-25 15:05:23', '판매중');
INSERT INTO UsedBook (used_book_id, book_id, price, registered_date, status) VALUES (382, 178, 12588, '2025-05-27 14:18:19', '판매완료');
INSERT INTO UsedBook (used_book_id, book_id, price, registered_date, status) VALUES (383, 176, 10795, '2025-05-27 17:24:36', '판매중');
INSERT INTO UsedBook (used_book_id, book_id, price, registered_date, status) VALUES (384, 42, 7492, '2025-05-29 00:14:08', '판매중');
INSERT INTO UsedBook (used_book_id, book_id, price, registered_date, status) VALUES (385, 30, 17144, '2025-05-29 03:52:59', '판매완료');
INSERT INTO UsedBook (used_book_id, book_id, price, registered_date, status) VALUES (386, 84, 11475, '2025-05-30 17:01:00', '판매완료');
INSERT INTO UsedBook (used_book_id, book_id, price, registered_date, status) VALUES (387, 4, 6616, '2025-05-31 13:46:16', '판매완료');
INSERT INTO UsedBook (used_book_id, book_id, price, registered_date, status) VALUES (388, 14, 7102, '2025-06-02 15:30:37', '판매중');
INSERT INTO UsedBook (used_book_id, book_id, price, registered_date, status) VALUES (389, 13, 9486, '2025-06-02 21:25:05', '판매완료');
INSERT INTO UsedBook (used_book_id, book_id, price, registered_date, status) VALUES (390, 9, 10403, '2025-06-03 07:07:04', '판매완료');
INSERT INTO UsedBook (used_book_id, book_id, price, registered_date, status) VALUES (391, 4, 8198, '2025-06-03 17:08:24', '판매중');
INSERT INTO UsedBook (used_book_id, book_id, price, registered_date, status) VALUES (392, 6, 10237, '2025-06-04 13:46:47', '판매완료');
INSERT INTO UsedBook (used_book_id, book_id, price, registered_date, status) VALUES (393, 130, 4741, '2025-06-04 14:55:39', '판매완료');
INSERT INTO UsedBook (used_book_id, book_id, price, registered_date, status) VALUES (394, 2, 12213, '2025-06-05 06:24:21', '판매완료');
INSERT INTO UsedBook (used_book_id, book_id, price, registered_date, status) VALUES (395, 21, 30800, '2025-06-05 06:24:25', '판매완료');
INSERT INTO UsedBook (used_book_id, book_id, price, registered_date, status) VALUES (396, 4, 8744, '2025-06-06 06:51:28', '판매완료');
INSERT INTO UsedBook (used_book_id, book_id, price, registered_date, status) VALUES (397, 4, 9599, '2025-06-06 07:24:29', '판매완료');
INSERT INTO UsedBook (used_book_id, book_id, price, registered_date, status) VALUES (398, 64, 14419, '2025-06-06 11:16:45', '판매중');
INSERT INTO UsedBook (used_book_id, book_id, price, registered_date, status) VALUES (399, 4, 11624, '2025-06-06 20:18:59', '판매완료');
INSERT INTO UsedBook (used_book_id, book_id, price, registered_date, status) VALUES (400, 4, 11303, '2025-06-06 22:10:34', '판매완료');

-- PurchaseOrder 및 PurchaseItem 테이블 데이터 (통합 로직, ID 날짜순 정렬)
INSERT INTO PurchaseOrder (purchase_id, buyer_id, purchased_date) VALUES (1, 12, '2024-12-10 15:24:49');
INSERT INTO PurchaseItem (purchase_id, used_book_id, final_price) VALUES (1, 131, 9891);
INSERT INTO PurchaseOrder (purchase_id, buyer_id, purchased_date) VALUES (2, 26, '2024-12-15 18:04:53');
INSERT INTO PurchaseItem (purchase_id, used_book_id, final_price) VALUES (2, 214, 12003);
INSERT INTO PurchaseItem (purchase_id, used_book_id, final_price) VALUES (2, 168, 13037);
INSERT INTO PurchaseOrder (purchase_id, buyer_id, purchased_date) VALUES (3, 42, '2024-12-18 02:31:04');
INSERT INTO PurchaseItem (purchase_id, used_book_id, final_price) VALUES (3, 213, 9551);
INSERT INTO PurchaseOrder (purchase_id, buyer_id, purchased_date) VALUES (4, 6, '2024-12-18 07:00:27');
INSERT INTO PurchaseItem (purchase_id, used_book_id, final_price) VALUES (4, 183, 7311);
INSERT INTO PurchaseItem (purchase_id, used_book_id, final_price) VALUES (4, 34, 2744);
INSERT INTO PurchaseOrder (purchase_id, buyer_id, purchased_date) VALUES (5, 24, '2024-12-19 10:47:22');
INSERT INTO PurchaseItem (purchase_id, used_book_id, final_price) VALUES (5, 7, 8783);
INSERT INTO PurchaseOrder (purchase_id, buyer_id, purchased_date) VALUES (6, 41, '2024-12-27 15:13:18');
INSERT INTO PurchaseItem (purchase_id, used_book_id, final_price) VALUES (6, 144, 6169);
INSERT INTO PurchaseOrder (purchase_id, buyer_id, purchased_date) VALUES (7, 6, '2024-12-27 22:34:36');
INSERT INTO PurchaseItem (purchase_id, used_book_id, final_price) VALUES (7, 116, 7978);
INSERT INTO PurchaseOrder (purchase_id, buyer_id, purchased_date) VALUES (8, 36, '2025-01-05 12:38:27');
INSERT INTO PurchaseItem (purchase_id, used_book_id, final_price) VALUES (8, 166, 7320);
INSERT INTO PurchaseItem (purchase_id, used_book_id, final_price) VALUES (8, 27, 7454);
INSERT INTO PurchaseItem (purchase_id, used_book_id, final_price) VALUES (8, 73, 9895);
INSERT INTO PurchaseItem (purchase_id, used_book_id, final_price) VALUES (8, 101, 6339);
INSERT INTO PurchaseOrder (purchase_id, buyer_id, purchased_date) VALUES (9, 17, '2025-01-13 21:43:20');
INSERT INTO PurchaseItem (purchase_id, used_book_id, final_price) VALUES (9, 12, 8001);
INSERT INTO PurchaseOrder (purchase_id, buyer_id, purchased_date) VALUES (10, 1, '2025-01-14 14:24:46');
INSERT INTO PurchaseItem (purchase_id, used_book_id, final_price) VALUES (10, 155, 9750);
INSERT INTO PurchaseOrder (purchase_id, buyer_id, purchased_date) VALUES (11, 9, '2025-01-16 19:37:37');
INSERT INTO PurchaseItem (purchase_id, used_book_id, final_price) VALUES (11, 96, 9361);
INSERT INTO PurchaseOrder (purchase_id, buyer_id, purchased_date) VALUES (12, 14, '2025-01-21 02:17:57');
INSERT INTO PurchaseItem (purchase_id, used_book_id, final_price) VALUES (12, 33, 8013);
INSERT INTO PurchaseOrder (purchase_id, buyer_id, purchased_date) VALUES (13, 20, '2025-01-21 23:21:23');
INSERT INTO PurchaseItem (purchase_id, used_book_id, final_price) VALUES (13, 6, 6751);
INSERT INTO PurchaseOrder (purchase_id, buyer_id, purchased_date) VALUES (14, 1, '2025-01-26 04:14:08');
INSERT INTO PurchaseItem (purchase_id, used_book_id, final_price) VALUES (14, 19, 6782);
INSERT INTO PurchaseOrder (purchase_id, buyer_id, purchased_date) VALUES (15, 34, '2025-01-26 08:01:24');
INSERT INTO PurchaseItem (purchase_id, used_book_id, final_price) VALUES (15, 42, 5658);
INSERT INTO PurchaseOrder (purchase_id, buyer_id, purchased_date) VALUES (16, 22, '2025-01-29 10:10:25');
INSERT INTO PurchaseItem (purchase_id, used_book_id, final_price) VALUES (16, 117, 7013);
INSERT INTO PurchaseOrder (purchase_id, buyer_id, purchased_date) VALUES (17, 30, '2025-01-29 22:16:04');
INSERT INTO PurchaseItem (purchase_id, used_book_id, final_price) VALUES (17, 114, 11580);
INSERT INTO PurchaseOrder (purchase_id, buyer_id, purchased_date) VALUES (18, 31, '2025-01-30 00:45:36');
INSERT INTO PurchaseItem (purchase_id, used_book_id, final_price) VALUES (18, 10, 8645);
INSERT INTO PurchaseOrder (purchase_id, buyer_id, purchased_date) VALUES (19, 42, '2025-01-30 23:43:18');
INSERT INTO PurchaseItem (purchase_id, used_book_id, final_price) VALUES (19, 30, 6850);
INSERT INTO PurchaseOrder (purchase_id, buyer_id, purchased_date) VALUES (20, 6, '2025-02-15 03:38:54');
INSERT INTO PurchaseItem (purchase_id, used_book_id, final_price) VALUES (20, 177, 9072);
INSERT INTO PurchaseOrder (purchase_id, buyer_id, purchased_date) VALUES (21, 29, '2025-02-17 07:08:14');
INSERT INTO PurchaseItem (purchase_id, used_book_id, final_price) VALUES (21, 29, 1579);
INSERT INTO PurchaseItem (purchase_id, used_book_id, final_price) VALUES (21, 75, 15356);
INSERT INTO PurchaseItem (purchase_id, used_book_id, final_price) VALUES (21, 28, 6423);
INSERT INTO PurchaseItem (purchase_id, used_book_id, final_price) VALUES (21, 74, 7802);
INSERT INTO PurchaseOrder (purchase_id, buyer_id, purchased_date) VALUES (22, 13, '2025-03-02 10:56:07');
INSERT INTO PurchaseItem (purchase_id, used_book_id, final_price) VALUES (22, 98, 7293);
INSERT INTO PurchaseOrder (purchase_id, buyer_id, purchased_date) VALUES (23, 37, '2025-03-02 14:08:59');
INSERT INTO PurchaseItem (purchase_id, used_book_id, final_price) VALUES (23, 274, 12006);
INSERT INTO PurchaseOrder (purchase_id, buyer_id, purchased_date) VALUES (24, 1, '2025-03-04 20:08:44');
INSERT INTO PurchaseItem (purchase_id, used_book_id, final_price) VALUES (24, 148, 10807);
INSERT INTO PurchaseItem (purchase_id, used_book_id, final_price) VALUES (24, 271, 10054);
INSERT INTO PurchaseItem (purchase_id, used_book_id, final_price) VALUES (24, 141, 6610);
INSERT INTO PurchaseOrder (purchase_id, buyer_id, purchased_date) VALUES (25, 25, '2025-03-05 10:23:07');
INSERT INTO PurchaseItem (purchase_id, used_book_id, final_price) VALUES (25, 48, 5497);
INSERT INTO PurchaseOrder (purchase_id, buyer_id, purchased_date) VALUES (26, 34, '2025-03-06 19:23:24');
INSERT INTO PurchaseItem (purchase_id, used_book_id, final_price) VALUES (26, 22, 1453);
INSERT INTO PurchaseOrder (purchase_id, buyer_id, purchased_date) VALUES (27, 30, '2025-03-19 16:51:44');
INSERT INTO PurchaseItem (purchase_id, used_book_id, final_price) VALUES (27, 61, 9625);
INSERT INTO PurchaseOrder (purchase_id, buyer_id, purchased_date) VALUES (28, 5, '2025-03-24 10:10:48');
INSERT INTO PurchaseItem (purchase_id, used_book_id, final_price) VALUES (28, 228, 10486);
INSERT INTO PurchaseItem (purchase_id, used_book_id, final_price) VALUES (28, 126, 8477);
INSERT INTO PurchaseItem (purchase_id, used_book_id, final_price) VALUES (28, 13, 1352);
INSERT INTO PurchaseItem (purchase_id, used_book_id, final_price) VALUES (28, 276, 7521);
INSERT INTO PurchaseItem (purchase_id, used_book_id, final_price) VALUES (28, 56, 6431);
INSERT INTO PurchaseOrder (purchase_id, buyer_id, purchased_date) VALUES (29, 1, '2025-03-29 18:52:31');
INSERT INTO PurchaseItem (purchase_id, used_book_id, final_price) VALUES (29, 233, 8917);
INSERT INTO PurchaseOrder (purchase_id, buyer_id, purchased_date) VALUES (30, 4, '2025-03-31 18:10:46');
INSERT INTO PurchaseItem (purchase_id, used_book_id, final_price) VALUES (30, 92, 7384);
INSERT INTO PurchaseOrder (purchase_id, buyer_id, purchased_date) VALUES (31, 26, '2025-04-03 00:11:16');
INSERT INTO PurchaseItem (purchase_id, used_book_id, final_price) VALUES (31, 260, 10166);
INSERT INTO PurchaseOrder (purchase_id, buyer_id, purchased_date) VALUES (32, 35, '2025-04-03 09:29:49');
INSERT INTO PurchaseItem (purchase_id, used_book_id, final_price) VALUES (32, 272, 11109);
INSERT INTO PurchaseItem (purchase_id, used_book_id, final_price) VALUES (32, 303, 8176);
INSERT INTO PurchaseItem (purchase_id, used_book_id, final_price) VALUES (32, 87, 7568);
INSERT INTO PurchaseOrder (purchase_id, buyer_id, purchased_date) VALUES (33, 43, '2025-04-08 06:32:18');
INSERT INTO PurchaseItem (purchase_id, used_book_id, final_price) VALUES (33, 124, 9530);
INSERT INTO PurchaseOrder (purchase_id, buyer_id, purchased_date) VALUES (34, 1, '2025-04-09 13:07:34');
INSERT INTO PurchaseItem (purchase_id, used_book_id, final_price) VALUES (34, 263, 7904);
INSERT INTO PurchaseOrder (purchase_id, buyer_id, purchased_date) VALUES (35, 24, '2025-04-11 03:19:10');
INSERT INTO PurchaseItem (purchase_id, used_book_id, final_price) VALUES (35, 315, 9824);
INSERT INTO PurchaseOrder (purchase_id, buyer_id, purchased_date) VALUES (36, 1, '2025-04-12 04:30:55');
INSERT INTO PurchaseItem (purchase_id, used_book_id, final_price) VALUES (36, 53, 8334);
INSERT INTO PurchaseOrder (purchase_id, buyer_id, purchased_date) VALUES (37, 30, '2025-04-15 09:47:13');
INSERT INTO PurchaseItem (purchase_id, used_book_id, final_price) VALUES (37, 11, 5213);
INSERT INTO PurchaseItem (purchase_id, used_book_id, final_price) VALUES (37, 64, 6568);
INSERT INTO PurchaseItem (purchase_id, used_book_id, final_price) VALUES (37, 18, 8461);
INSERT INTO PurchaseItem (purchase_id, used_book_id, final_price) VALUES (37, 323, 7399);
INSERT INTO PurchaseOrder (purchase_id, buyer_id, purchased_date) VALUES (38, 17, '2025-04-16 07:27:55');
INSERT INTO PurchaseItem (purchase_id, used_book_id, final_price) VALUES (38, 304, 9313);
INSERT INTO PurchaseOrder (purchase_id, buyer_id, purchased_date) VALUES (39, 37, '2025-04-20 07:04:10');
INSERT INTO PurchaseItem (purchase_id, used_book_id, final_price) VALUES (39, 102, 8614);
INSERT INTO PurchaseItem (purchase_id, used_book_id, final_price) VALUES (39, 129, 5944);
INSERT INTO PurchaseOrder (purchase_id, buyer_id, purchased_date) VALUES (40, 1, '2025-04-23 14:55:32');
INSERT INTO PurchaseItem (purchase_id, used_book_id, final_price) VALUES (40, 55, 8700);
INSERT INTO PurchaseOrder (purchase_id, buyer_id, purchased_date) VALUES (41, 11, '2025-04-24 17:02:49');
INSERT INTO PurchaseItem (purchase_id, used_book_id, final_price) VALUES (41, 36, 5455);
INSERT INTO PurchaseOrder (purchase_id, buyer_id, purchased_date) VALUES (42, 21, '2025-04-26 05:43:40');
INSERT INTO PurchaseItem (purchase_id, used_book_id, final_price) VALUES (42, 333, 11415);
INSERT INTO PurchaseOrder (purchase_id, buyer_id, purchased_date) VALUES (43, 21, '2025-04-26 20:54:42');
INSERT INTO PurchaseItem (purchase_id, used_book_id, final_price) VALUES (43, 176, 4519);
INSERT INTO PurchaseOrder (purchase_id, buyer_id, purchased_date) VALUES (44, 4, '2025-04-27 13:44:07');
INSERT INTO PurchaseItem (purchase_id, used_book_id, final_price) VALUES (44, 5, 9582);
INSERT INTO PurchaseItem (purchase_id, used_book_id, final_price) VALUES (44, 334, 8580);
INSERT INTO PurchaseItem (purchase_id, used_book_id, final_price) VALUES (44, 139, 9957);
INSERT INTO PurchaseOrder (purchase_id, buyer_id, purchased_date) VALUES (45, 8, '2025-04-28 01:21:48');
INSERT INTO PurchaseItem (purchase_id, used_book_id, final_price) VALUES (45, 317, 9126);
INSERT INTO PurchaseOrder (purchase_id, buyer_id, purchased_date) VALUES (46, 35, '2025-04-28 07:15:01');
INSERT INTO PurchaseItem (purchase_id, used_book_id, final_price) VALUES (46, 239, 9662);
INSERT INTO PurchaseOrder (purchase_id, buyer_id, purchased_date) VALUES (47, 6, '2025-04-28 10:28:45');
INSERT INTO PurchaseItem (purchase_id, used_book_id, final_price) VALUES (47, 164, 6913);
INSERT INTO PurchaseItem (purchase_id, used_book_id, final_price) VALUES (47, 268, 6272);
INSERT INTO PurchaseItem (purchase_id, used_book_id, final_price) VALUES (47, 241, 13169);
INSERT INTO PurchaseItem (purchase_id, used_book_id, final_price) VALUES (47, 16, 8006);
INSERT INTO PurchaseItem (purchase_id, used_book_id, final_price) VALUES (47, 342, 7751);
INSERT INTO PurchaseOrder (purchase_id, buyer_id, purchased_date) VALUES (48, 43, '2025-04-29 23:15:41');
INSERT INTO PurchaseItem (purchase_id, used_book_id, final_price) VALUES (48, 300, 9948);
INSERT INTO PurchaseOrder (purchase_id, buyer_id, purchased_date) VALUES (49, 18, '2025-05-02 19:32:32');
INSERT INTO PurchaseItem (purchase_id, used_book_id, final_price) VALUES (49, 235, 8985);
INSERT INTO PurchaseOrder (purchase_id, buyer_id, purchased_date) VALUES (50, 50, '2025-05-03 11:08:13');
INSERT INTO PurchaseItem (purchase_id, used_book_id, final_price) VALUES (50, 339, 8984);
INSERT INTO PurchaseItem (purchase_id, used_book_id, final_price) VALUES (50, 109, 6206);
INSERT INTO PurchaseItem (purchase_id, used_book_id, final_price) VALUES (50, 330, 9822);
INSERT INTO PurchaseOrder (purchase_id, buyer_id, purchased_date) VALUES (51, 13, '2025-05-06 07:23:53');
INSERT INTO PurchaseItem (purchase_id, used_book_id, final_price) VALUES (51, 199, 6381);
INSERT INTO PurchaseOrder (purchase_id, buyer_id, purchased_date) VALUES (52, 19, '2025-05-09 17:02:11');
INSERT INTO PurchaseItem (purchase_id, used_book_id, final_price) VALUES (52, 152, 7514);
INSERT INTO PurchaseOrder (purchase_id, buyer_id, purchased_date) VALUES (53, 40, '2025-05-11 16:07:34');
INSERT INTO PurchaseItem (purchase_id, used_book_id, final_price) VALUES (53, 184, 10137);
INSERT INTO PurchaseItem (purchase_id, used_book_id, final_price) VALUES (53, 230, 8387);
INSERT INTO PurchaseItem (purchase_id, used_book_id, final_price) VALUES (53, 185, 8268);
INSERT INTO PurchaseOrder (purchase_id, buyer_id, purchased_date) VALUES (54, 1, '2025-05-11 18:31:33');
INSERT INTO PurchaseItem (purchase_id, used_book_id, final_price) VALUES (54, 289, 13062);
INSERT INTO PurchaseItem (purchase_id, used_book_id, final_price) VALUES (54, 348, 7537);
INSERT INTO PurchaseItem (purchase_id, used_book_id, final_price) VALUES (54, 351, 8662);
INSERT INTO PurchaseItem (purchase_id, used_book_id, final_price) VALUES (54, 57, 6549);
INSERT INTO PurchaseOrder (purchase_id, buyer_id, purchased_date) VALUES (55, 40, '2025-05-14 10:09:56');
INSERT INTO PurchaseItem (purchase_id, used_book_id, final_price) VALUES (55, 142, 7495);
INSERT INTO PurchaseOrder (purchase_id, buyer_id, purchased_date) VALUES (56, 42, '2025-05-15 00:00:15');
INSERT INTO PurchaseItem (purchase_id, used_book_id, final_price) VALUES (56, 319, 8046);
INSERT INTO PurchaseItem (purchase_id, used_book_id, final_price) VALUES (56, 41, 8329);
INSERT INTO PurchaseItem (purchase_id, used_book_id, final_price) VALUES (56, 324, 11315);
INSERT INTO PurchaseItem (purchase_id, used_book_id, final_price) VALUES (56, 302, 15781);
INSERT INTO PurchaseItem (purchase_id, used_book_id, final_price) VALUES (56, 310, 8001);
INSERT INTO PurchaseOrder (purchase_id, buyer_id, purchased_date) VALUES (57, 50, '2025-05-18 02:35:07');
INSERT INTO PurchaseItem (purchase_id, used_book_id, final_price) VALUES (57, 245, 4468);
INSERT INTO PurchaseItem (purchase_id, used_book_id, final_price) VALUES (57, 86, 8513);
INSERT INTO PurchaseItem (purchase_id, used_book_id, final_price) VALUES (57, 157, 3073);
INSERT INTO PurchaseOrder (purchase_id, buyer_id, purchased_date) VALUES (58, 45, '2025-05-19 04:55:47');
INSERT INTO PurchaseItem (purchase_id, used_book_id, final_price) VALUES (58, 285, 8295);
INSERT INTO PurchaseItem (purchase_id, used_book_id, final_price) VALUES (58, 229, 16202);
INSERT INTO PurchaseItem (purchase_id, used_book_id, final_price) VALUES (58, 207, 9577);
INSERT INTO PurchaseItem (purchase_id, used_book_id, final_price) VALUES (58, 111, 7290);
INSERT INTO PurchaseOrder (purchase_id, buyer_id, purchased_date) VALUES (59, 42, '2025-05-19 10:46:52');
INSERT INTO PurchaseItem (purchase_id, used_book_id, final_price) VALUES (59, 65, 6045);
INSERT INTO PurchaseItem (purchase_id, used_book_id, final_price) VALUES (59, 4, 8174);
INSERT INTO PurchaseItem (purchase_id, used_book_id, final_price) VALUES (59, 366, 8411);
INSERT INTO PurchaseItem (purchase_id, used_book_id, final_price) VALUES (59, 225, 8669);
INSERT INTO PurchaseOrder (purchase_id, buyer_id, purchased_date) VALUES (60, 6, '2025-05-20 12:35:39');
INSERT INTO PurchaseItem (purchase_id, used_book_id, final_price) VALUES (60, 305, 2789);
INSERT INTO PurchaseOrder (purchase_id, buyer_id, purchased_date) VALUES (61, 28, '2025-05-21 09:55:55');
INSERT INTO PurchaseItem (purchase_id, used_book_id, final_price) VALUES (61, 236, 10466);
INSERT INTO PurchaseItem (purchase_id, used_book_id, final_price) VALUES (61, 195, 10676);
INSERT INTO PurchaseItem (purchase_id, used_book_id, final_price) VALUES (61, 162, 7818);
INSERT INTO PurchaseOrder (purchase_id, buyer_id, purchased_date) VALUES (62, 2, '2025-05-21 10:02:52');
INSERT INTO PurchaseItem (purchase_id, used_book_id, final_price) VALUES (62, 69, 7514);
INSERT INTO PurchaseItem (purchase_id, used_book_id, final_price) VALUES (62, 127, 6544);
INSERT INTO PurchaseItem (purchase_id, used_book_id, final_price) VALUES (62, 353, 10627);
INSERT INTO PurchaseItem (purchase_id, used_book_id, final_price) VALUES (62, 286, 13383);
INSERT INTO PurchaseItem (purchase_id, used_book_id, final_price) VALUES (62, 312, 12916);
INSERT INTO PurchaseOrder (purchase_id, buyer_id, purchased_date) VALUES (63, 5, '2025-05-21 10:32:36');
INSERT INTO PurchaseItem (purchase_id, used_book_id, final_price) VALUES (63, 283, 10999);
INSERT INTO PurchaseItem (purchase_id, used_book_id, final_price) VALUES (63, 325, 6714);
INSERT INTO PurchaseItem (purchase_id, used_book_id, final_price) VALUES (63, 15, 7012);
INSERT INTO PurchaseItem (purchase_id, used_book_id, final_price) VALUES (63, 81, 6089);
INSERT INTO PurchaseOrder (purchase_id, buyer_id, purchased_date) VALUES (64, 6, '2025-05-23 04:37:11');
INSERT INTO PurchaseItem (purchase_id, used_book_id, final_price) VALUES (64, 209, 15388);
INSERT INTO PurchaseItem (purchase_id, used_book_id, final_price) VALUES (64, 251, 8066);
INSERT INTO PurchaseItem (purchase_id, used_book_id, final_price) VALUES (64, 196, 7576);
INSERT INTO PurchaseItem (purchase_id, used_book_id, final_price) VALUES (64, 301, 6288);
INSERT INTO PurchaseItem (purchase_id, used_book_id, final_price) VALUES (64, 50, 8447);
INSERT INTO PurchaseOrder (purchase_id, buyer_id, purchased_date) VALUES (65, 22, '2025-05-23 15:01:52');
INSERT INTO PurchaseItem (purchase_id, used_book_id, final_price) VALUES (65, 290, 7417);
INSERT INTO PurchaseItem (purchase_id, used_book_id, final_price) VALUES (65, 344, 11753);
INSERT INTO PurchaseItem (purchase_id, used_book_id, final_price) VALUES (65, 120, 3632);
INSERT INTO PurchaseItem (purchase_id, used_book_id, final_price) VALUES (65, 371, 4133);
INSERT INTO PurchaseOrder (purchase_id, buyer_id, purchased_date) VALUES (66, 45, '2025-05-23 20:05:51');
INSERT INTO PurchaseItem (purchase_id, used_book_id, final_price) VALUES (66, 297, 3106);
INSERT INTO PurchaseItem (purchase_id, used_book_id, final_price) VALUES (66, 354, 11664);
INSERT INTO PurchaseItem (purchase_id, used_book_id, final_price) VALUES (66, 105, 10750);
INSERT INTO PurchaseOrder (purchase_id, buyer_id, purchased_date) VALUES (67, 1, '2025-05-25 21:02:23');
INSERT INTO PurchaseItem (purchase_id, used_book_id, final_price) VALUES (67, 43, 6969);
INSERT INTO PurchaseOrder (purchase_id, buyer_id, purchased_date) VALUES (68, 18, '2025-05-26 00:53:30');
INSERT INTO PurchaseItem (purchase_id, used_book_id, final_price) VALUES (68, 362, 7166);
INSERT INTO PurchaseOrder (purchase_id, buyer_id, purchased_date) VALUES (69, 18, '2025-05-26 05:29:37');
INSERT INTO PurchaseItem (purchase_id, used_book_id, final_price) VALUES (69, 375, 7863);
INSERT INTO PurchaseOrder (purchase_id, buyer_id, purchased_date) VALUES (70, 30, '2025-05-27 08:14:33');
INSERT INTO PurchaseItem (purchase_id, used_book_id, final_price) VALUES (70, 226, 9568);
INSERT INTO PurchaseOrder (purchase_id, buyer_id, purchased_date) VALUES (71, 21, '2025-05-27 18:02:42');
INSERT INTO PurchaseItem (purchase_id, used_book_id, final_price) VALUES (71, 281, 12352);
INSERT INTO PurchaseItem (purchase_id, used_book_id, final_price) VALUES (71, 237, 9008);
INSERT INTO PurchaseItem (purchase_id, used_book_id, final_price) VALUES (71, 107, 10438);
INSERT INTO PurchaseItem (purchase_id, used_book_id, final_price) VALUES (71, 115, 9503);
INSERT INTO PurchaseItem (purchase_id, used_book_id, final_price) VALUES (71, 379, 9404);
INSERT INTO PurchaseOrder (purchase_id, buyer_id, purchased_date) VALUES (72, 36, '2025-05-27 23:08:46');
INSERT INTO PurchaseItem (purchase_id, used_book_id, final_price) VALUES (72, 202, 9640);
INSERT INTO PurchaseItem (purchase_id, used_book_id, final_price) VALUES (72, 175, 9870);
INSERT INTO PurchaseItem (purchase_id, used_book_id, final_price) VALUES (72, 377, 7992);
INSERT INTO PurchaseOrder (purchase_id, buyer_id, purchased_date) VALUES (73, 38, '2025-05-28 00:50:51');
INSERT INTO PurchaseItem (purchase_id, used_book_id, final_price) VALUES (73, 178, 8866);
INSERT INTO PurchaseItem (purchase_id, used_book_id, final_price) VALUES (73, 365, 10077);
INSERT INTO PurchaseItem (purchase_id, used_book_id, final_price) VALUES (73, 40, 1974);
INSERT INTO PurchaseOrder (purchase_id, buyer_id, purchased_date) VALUES (74, 30, '2025-05-28 15:35:48');
INSERT INTO PurchaseItem (purchase_id, used_book_id, final_price) VALUES (74, 58, 8992);
INSERT INTO PurchaseItem (purchase_id, used_book_id, final_price) VALUES (74, 397, 6719);
INSERT INTO PurchaseItem (purchase_id, used_book_id, final_price) VALUES (74, 121, 5711);
INSERT INTO PurchaseItem (purchase_id, used_book_id, final_price) VALUES (74, 180, 8621);
INSERT INTO PurchaseOrder (purchase_id, buyer_id, purchased_date) VALUES (75, 13, '2025-05-28 15:35:48');
INSERT INTO PurchaseItem (purchase_id, used_book_id, final_price) VALUES (75, 395, 24640);
INSERT INTO PurchaseItem (purchase_id, used_book_id, final_price) VALUES (75, 156, 6181);
INSERT INTO PurchaseItem (purchase_id, used_book_id, final_price) VALUES (75, 244, 12684);
INSERT INTO PurchaseItem (purchase_id, used_book_id, final_price) VALUES (75, 231, 7918);
INSERT INTO PurchaseItem (purchase_id, used_book_id, final_price) VALUES (75, 358, 9144);
INSERT INTO PurchaseOrder (purchase_id, buyer_id, purchased_date) VALUES (76, 7, '2025-05-29 05:58:03');
INSERT INTO PurchaseItem (purchase_id, used_book_id, final_price) VALUES (76, 374, 7921);
INSERT INTO PurchaseItem (purchase_id, used_book_id, final_price) VALUES (76, 380, 17072);
INSERT INTO PurchaseItem (purchase_id, used_book_id, final_price) VALUES (76, 328, 10528);
INSERT INTO PurchaseItem (purchase_id, used_book_id, final_price) VALUES (76, 298, 7602);
INSERT INTO PurchaseOrder (purchase_id, buyer_id, purchased_date) VALUES (77, 4, '2025-05-30 01:05:35');
INSERT INTO PurchaseItem (purchase_id, used_book_id, final_price) VALUES (77, 376, 4031);
INSERT INTO PurchaseItem (purchase_id, used_book_id, final_price) VALUES (77, 154, 5231);
INSERT INTO PurchaseItem (purchase_id, used_book_id, final_price) VALUES (77, 37, 5680);
INSERT INTO PurchaseItem (purchase_id, used_book_id, final_price) VALUES (77, 327, 4498);
INSERT INTO PurchaseOrder (purchase_id, buyer_id, purchased_date) VALUES (78, 30, '2025-05-30 17:24:26');
INSERT INTO PurchaseItem (purchase_id, used_book_id, final_price) VALUES (78, 382, 9441);
INSERT INTO PurchaseOrder (purchase_id, buyer_id, purchased_date) VALUES (79, 44, '2025-05-31 02:49:58');
INSERT INTO PurchaseItem (purchase_id, used_book_id, final_price) VALUES (79, 308, 7436);
INSERT INTO PurchaseItem (purchase_id, used_book_id, final_price) VALUES (79, 265, 8977);
INSERT INTO PurchaseItem (purchase_id, used_book_id, final_price) VALUES (79, 103, 9874);
INSERT INTO PurchaseItem (purchase_id, used_book_id, final_price) VALUES (79, 77, 5842);
INSERT INTO PurchaseOrder (purchase_id, buyer_id, purchased_date) VALUES (80, 6, '2025-06-02 07:24:32');
INSERT INTO PurchaseItem (purchase_id, used_book_id, final_price) VALUES (80, 387, 5292);
INSERT INTO PurchaseOrder (purchase_id, buyer_id, purchased_date) VALUES (81, 14, '2025-06-03 01:32:36');
INSERT INTO PurchaseItem (purchase_id, used_book_id, final_price) VALUES (81, 190, 12380);
INSERT INTO PurchaseOrder (purchase_id, buyer_id, purchased_date) VALUES (82, 43, '2025-06-03 04:00:22');
INSERT INTO PurchaseItem (purchase_id, used_book_id, final_price) VALUES (82, 147, 8212);
INSERT INTO PurchaseItem (purchase_id, used_book_id, final_price) VALUES (82, 389, 6640);
INSERT INTO PurchaseOrder (purchase_id, buyer_id, purchased_date) VALUES (83, 28, '2025-06-04 06:46:48');
INSERT INTO PurchaseItem (purchase_id, used_book_id, final_price) VALUES (83, 390, 7802);
INSERT INTO PurchaseOrder (purchase_id, buyer_id, purchased_date) VALUES (84, 50, '2025-06-04 15:24:56');
INSERT INTO PurchaseItem (purchase_id, used_book_id, final_price) VALUES (84, 267, 6600);
INSERT INTO PurchaseItem (purchase_id, used_book_id, final_price) VALUES (84, 181, 8318);
INSERT INTO PurchaseItem (purchase_id, used_book_id, final_price) VALUES (84, 363, 3346);
INSERT INTO PurchaseItem (purchase_id, used_book_id, final_price) VALUES (84, 385, 13715);
INSERT INTO PurchaseItem (purchase_id, used_book_id, final_price) VALUES (84, 80, 6153);
INSERT INTO PurchaseOrder (purchase_id, buyer_id, purchased_date) VALUES (85, 17, '2025-06-04 19:24:04');
INSERT INTO PurchaseItem (purchase_id, used_book_id, final_price) VALUES (85, 14, 5413);
INSERT INTO PurchaseItem (purchase_id, used_book_id, final_price) VALUES (85, 369, 11275);
INSERT INTO PurchaseItem (purchase_id, used_book_id, final_price) VALUES (85, 188, 5800);
INSERT INTO PurchaseItem (purchase_id, used_book_id, final_price) VALUES (85, 197, 2224);
INSERT INTO PurchaseOrder (purchase_id, buyer_id, purchased_date) VALUES (86, 26, '2025-06-04 20:42:35');
INSERT INTO PurchaseItem (purchase_id, used_book_id, final_price) VALUES (86, 378, 7888);
INSERT INTO PurchaseOrder (purchase_id, buyer_id, purchased_date) VALUES (87, 1, '2025-06-04 21:47:09');
INSERT INTO PurchaseItem (purchase_id, used_book_id, final_price) VALUES (87, 130, 8171);
INSERT INTO PurchaseOrder (purchase_id, buyer_id, purchased_date) VALUES (88, 1, '2025-06-06 00:29:43');
INSERT INTO PurchaseItem (purchase_id, used_book_id, final_price) VALUES (88, 386, 8606);
INSERT INTO PurchaseOrder (purchase_id, buyer_id, purchased_date) VALUES (89, 45, '2025-06-06 04:51:35');
INSERT INTO PurchaseItem (purchase_id, used_book_id, final_price) VALUES (89, 288, 5526);
INSERT INTO PurchaseItem (purchase_id, used_book_id, final_price) VALUES (89, 186, 10372);
INSERT INTO PurchaseItem (purchase_id, used_book_id, final_price) VALUES (89, 368, 6573);
INSERT INTO PurchaseOrder (purchase_id, buyer_id, purchased_date) VALUES (90, 4, '2025-06-06 04:59:05');
INSERT INTO PurchaseItem (purchase_id, used_book_id, final_price) VALUES (90, 393, 3555);
INSERT INTO PurchaseOrder (purchase_id, buyer_id, purchased_date) VALUES (91, 16, '2025-06-06 08:02:23');
INSERT INTO PurchaseItem (purchase_id, used_book_id, final_price) VALUES (91, 392, 7677);
INSERT INTO PurchaseOrder (purchase_id, buyer_id, purchased_date) VALUES (92, 48, '2025-06-06 09:06:19');
INSERT INTO PurchaseItem (purchase_id, used_book_id, final_price) VALUES (92, 361, 11091);
INSERT INTO PurchaseItem (purchase_id, used_book_id, final_price) VALUES (92, 1, 5409);
INSERT INTO PurchaseItem (purchase_id, used_book_id, final_price) VALUES (92, 23, 1114);
INSERT INTO PurchaseItem (purchase_id, used_book_id, final_price) VALUES (92, 170, 10298);
INSERT INTO PurchaseItem (purchase_id, used_book_id, final_price) VALUES (92, 204, 4413);
INSERT INTO PurchaseOrder (purchase_id, buyer_id, purchased_date) VALUES (93, 4, '2025-06-06 10:31:52');
INSERT INTO PurchaseItem (purchase_id, used_book_id, final_price) VALUES (93, 394, 9770);
INSERT INTO PurchaseOrder (purchase_id, buyer_id, purchased_date) VALUES (94, 1, '2025-06-06 15:35:48');
INSERT INTO PurchaseItem (purchase_id, used_book_id, final_price) VALUES (94, 399, 9299);
INSERT INTO PurchaseItem (purchase_id, used_book_id, final_price) VALUES (94, 49, 4501);
INSERT INTO PurchaseItem (purchase_id, used_book_id, final_price) VALUES (94, 198, 6864);
INSERT INTO PurchaseItem (purchase_id, used_book_id, final_price) VALUES (94, 205, 5811);
INSERT INTO PurchaseOrder (purchase_id, buyer_id, purchased_date) VALUES (95, 40, '2025-06-06 15:35:48');
INSERT INTO PurchaseItem (purchase_id, used_book_id, final_price) VALUES (95, 2, 7880);
INSERT INTO PurchaseItem (purchase_id, used_book_id, final_price) VALUES (95, 400, 8477);
INSERT INTO PurchaseItem (purchase_id, used_book_id, final_price) VALUES (95, 159, 18432);
INSERT INTO PurchaseItem (purchase_id, used_book_id, final_price) VALUES (95, 396, 6995);

-- Shipping 테이블 데이터
INSERT INTO Shipping (shipping_id, purchase_id, shipping_address, shipped_at, delivered_at, shipping_status) VALUES (1, 16, '(31123) 충청남도 천안시 동남구 먹거리8길 11 1층', '2025-01-29 14:10:25', '2025-02-01 20:10:25', '배송완료');
INSERT INTO Shipping (shipping_id, purchase_id, shipping_address, shipped_at, delivered_at, shipping_status) VALUES (2, 17, '(54604) 전라북도 익산시 평동로11길 12 남부시장 내 두 번째 집', '2025-01-30 03:16:04', '2025-01-31 08:16:04', '배송완료');
INSERT INTO Shipping (shipping_id, purchase_id, shipping_address, shipped_at, delivered_at, shipping_status) VALUES (3, 18, '(34609) 대전광역시 동구 동대전로 121 1층 102호', '2025-01-31 19:45:36', '2025-02-06 08:45:36', '배송완료');
INSERT INTO Shipping (shipping_id, purchase_id, shipping_address, shipped_at, delivered_at, shipping_status) VALUES (4, 19, '(08737) 서울특별시 관악구 관악로 204 3층 301호', '2025-02-01 17:43:18', '2025-02-04 15:43:18', '배송완료');
INSERT INTO Shipping (shipping_id, purchase_id, shipping_address, shipped_at, delivered_at, shipping_status) VALUES (5, 20, '(28545) 충청북도 청주시 상당구 상당로115번길 61 2층', '2025-02-15 14:38:54', '2025-02-17 04:38:54', '배송완료');
INSERT INTO Shipping (shipping_id, purchase_id, shipping_address, shipped_at, delivered_at, shipping_status) VALUES (6, 21, '(07692) 서울특별시 강서구 우장산로4길 83 1층', '2025-02-17 12:08:14', '2025-02-20 21:08:14', '배송완료');
INSERT INTO Shipping (shipping_id, purchase_id, shipping_address, shipped_at, delivered_at, shipping_status) VALUES (7, 22, '(18282) 경기도 화성시 비봉면 남전로116번길 35', '2025-03-02 16:56:07', '2025-03-07 06:56:07', '배송완료');
INSERT INTO Shipping (shipping_id, purchase_id, shipping_address, shipped_at, delivered_at, shipping_status) VALUES (8, 23, '(42492) 대구광역시 남구 안지랑로7길 15', '2025-03-03 12:08:59', '2025-03-05 05:08:59', '배송완료');
INSERT INTO Shipping (shipping_id, purchase_id, shipping_address, shipped_at, delivered_at, shipping_status) VALUES (9, 24, '(55038) 전라북도 전주시 완산구 전라감영4길 1 4층', '2025-03-05 23:08:44', '2025-03-08 04:08:44', '배송완료');
INSERT INTO Shipping (shipping_id, purchase_id, shipping_address, shipped_at, delivered_at, shipping_status) VALUES (10, 26, '(15833) 경기도 군포시 오금로134번안길 5 102호', '2025-03-07 06:23:24', '2025-03-12 12:23:24', '배송완료');
INSERT INTO Shipping (shipping_id, purchase_id, shipping_address, shipped_at, delivered_at, shipping_status) VALUES (11, 25, '(03057) 서울특별시 종로구 창덕궁길 153 1층 비화림', '2025-03-07 10:23:07', '2025-03-09 02:23:07', '배송완료');
INSERT INTO Shipping (shipping_id, purchase_id, shipping_address, shipped_at, delivered_at, shipping_status) VALUES (12, 27, '(54604) 전라북도 익산시 평동로11길 12 남부시장 내 두 번째 집', '2025-03-20 12:51:44', '2025-03-25 01:51:44', '배송완료');
INSERT INTO Shipping (shipping_id, purchase_id, shipping_address, shipped_at, delivered_at, shipping_status) VALUES (13, 28, '(10406) 경기도 고양시 일산동구 일산로380번길 43-11', '2025-03-25 23:10:48', '2025-03-30 13:10:48', '배송완료');
INSERT INTO Shipping (shipping_id, purchase_id, shipping_address, shipped_at, delivered_at, shipping_status) VALUES (14, 29, '(55038) 전라북도 전주시 완산구 전라감영4길 1 4층', '2025-03-31 14:52:31', '2025-04-05 06:52:31', '배송완료');
INSERT INTO Shipping (shipping_id, purchase_id, shipping_address, shipped_at, delivered_at, shipping_status) VALUES (15, 30, '(63528) 제주 서귀포시 안덕면 사계로114번길 54-58 1층', '2025-04-01 14:10:46', '2025-04-04 23:10:46', '배송완료');
INSERT INTO Shipping (shipping_id, purchase_id, shipping_address, shipped_at, delivered_at, shipping_status) VALUES (16, 31, '(46726) 부산 강서구 명지국제3로 97 삼정그린코아더베스트 상가 1층 D111호', '2025-04-03 22:11:16', '2025-04-09 13:11:16', '배송완료');
INSERT INTO Shipping (shipping_id, purchase_id, shipping_address, shipped_at, delivered_at, shipping_status) VALUES (17, 32, '(07013) 서울특별시 동작구 사당로30길 42', '2025-04-04 16:29:49', '2025-04-09 09:29:49', '배송완료');
INSERT INTO Shipping (shipping_id, purchase_id, shipping_address, shipped_at, delivered_at, shipping_status) VALUES (18, 33, '(51458) 경상남도 창원시 성산구 창이대로719번길 17', '2025-04-09 15:32:18', '2025-04-11 15:32:18', '배송완료');
INSERT INTO Shipping (shipping_id, purchase_id, shipping_address, shipped_at, delivered_at, shipping_status) VALUES (19, 34, '(55038) 전라북도 전주시 완산구 전라감영4길 1 4층', '2025-04-10 07:07:34', '2025-04-14 06:07:34', '배송완료');
INSERT INTO Shipping (shipping_id, purchase_id, shipping_address, shipped_at, delivered_at, shipping_status) VALUES (20, 35, '(03036) 서울특별시 종로구 자하문로15길 26-4', '2025-04-11 19:19:10', '2025-04-17 02:19:10', '배송완료');
INSERT INTO Shipping (shipping_id, purchase_id, shipping_address, shipped_at, delivered_at, shipping_status) VALUES (21, 36, '(55038) 전라북도 전주시 완산구 전라감영4길 1 4층', '2025-04-13 13:30:55', '2025-04-14 16:30:55', '배송완료');
INSERT INTO Shipping (shipping_id, purchase_id, shipping_address, shipped_at, delivered_at, shipping_status) VALUES (22, 37, '(54604) 전라북도 익산시 평동로11길 12 남부시장 내 두 번째 집', '2025-04-16 13:47:13', '2025-04-19 20:47:13', '배송완료');
INSERT INTO Shipping (shipping_id, purchase_id, shipping_address, shipped_at, delivered_at, shipping_status) VALUES (23, 38, '(10106) 경기도 김포시 북변중로 51-1 2층', '2025-04-17 18:27:55', '2025-04-22 08:27:55', '배송완료');
INSERT INTO Shipping (shipping_id, purchase_id, shipping_address, shipped_at, delivered_at, shipping_status) VALUES (24, 39, '(42492) 대구광역시 남구 안지랑로7길 15', '2025-04-20 09:04:10', '2025-04-21 20:04:10', '배송완료');
INSERT INTO Shipping (shipping_id, purchase_id, shipping_address, shipped_at, delivered_at, shipping_status) VALUES (25, 40, '(55038) 전라북도 전주시 완산구 전라감영4길 1 4층', '2025-04-25 12:55:32', '2025-04-29 02:55:32', '배송완료');
INSERT INTO Shipping (shipping_id, purchase_id, shipping_address, shipped_at, delivered_at, shipping_status) VALUES (26, 41, '(04591) 서울특별시 중구 다산로20길 26 2층', '2025-04-25 15:02:49', '2025-05-01 08:02:49', '배송완료');
INSERT INTO Shipping (shipping_id, purchase_id, shipping_address, shipped_at, delivered_at, shipping_status) VALUES (27, 42, '(63010) 제주특별자치도 제주시 한림읍 금능9길 1-1 밖거리', '2025-04-26 16:43:40', '2025-05-02 15:43:40', '배송완료');
INSERT INTO Shipping (shipping_id, purchase_id, shipping_address, shipped_at, delivered_at, shipping_status) VALUES (28, 43, '(63010) 제주특별자치도 제주시 한림읍 금능9길 1-1 밖거리', '2025-04-27 07:54:42', '2025-05-01 09:54:42', '배송완료');
INSERT INTO Shipping (shipping_id, purchase_id, shipping_address, shipped_at, delivered_at, shipping_status) VALUES (29, 44, '(63528) 제주 서귀포시 안덕면 사계로114번길 54-58 1층', '2025-04-28 07:44:07', '2025-04-29 11:44:07', '배송완료');
INSERT INTO Shipping (shipping_id, purchase_id, shipping_address, shipped_at, delivered_at, shipping_status) VALUES (30, 46, '(07013) 서울특별시 동작구 사당로30길 42', '2025-04-29 00:15:01', '2025-04-30 02:15:01', '배송완료');
INSERT INTO Shipping (shipping_id, purchase_id, shipping_address, shipped_at, delivered_at, shipping_status) VALUES (31, 45, '(38877) 경상북도 영천시 금호읍 금호시장길 5 1층', '2025-04-29 11:21:48', '2025-05-04 22:21:48', '배송완료');
INSERT INTO Shipping (shipping_id, purchase_id, shipping_address, shipped_at, delivered_at, shipping_status) VALUES (32, 47, '(28545) 충청북도 청주시 상당구 상당로115번길 61 2층', '2025-04-29 11:28:45', '2025-05-01 11:28:45', '배송완료');
INSERT INTO Shipping (shipping_id, purchase_id, shipping_address, shipped_at, delivered_at, shipping_status) VALUES (33, 48, '(51458) 경상남도 창원시 성산구 창이대로719번길 17', '2025-05-01 19:15:41', '2025-05-06 03:15:41', '배송완료');
INSERT INTO Shipping (shipping_id, purchase_id, shipping_address, shipped_at, delivered_at, shipping_status) VALUES (34, 49, '(23017) 인천광역시 강화군 내가면 구하리 495', '2025-05-03 12:32:32', '2025-05-08 00:32:32', '배송완료');
INSERT INTO Shipping (shipping_id, purchase_id, shipping_address, shipped_at, delivered_at, shipping_status) VALUES (35, 50, '(48411) 부산광역시 남구 전포대로110번길 8 지하1층', '2025-05-04 14:08:13', '2025-05-07 17:08:13', '배송완료');
INSERT INTO Shipping (shipping_id, purchase_id, shipping_address, shipped_at, delivered_at, shipping_status) VALUES (36, 51, '(18282) 경기도 화성시 비봉면 남전로116번길 35', '2025-05-06 08:23:53', '2025-05-09 01:23:53', '배송완료');
INSERT INTO Shipping (shipping_id, purchase_id, shipping_address, shipped_at, delivered_at, shipping_status) VALUES (37, 52, '(26423) 강원도 원주시 금불4길 23 제1층 102호', '2025-05-10 00:02:11', '2025-05-12 01:02:11', '배송완료');
INSERT INTO Shipping (shipping_id, purchase_id, shipping_address, shipped_at, delivered_at, shipping_status) VALUES (38, 53, '(06690) 서울특별시 서초구 효령로5길 26-4 1층', '2025-05-11 17:07:34', '2025-05-12 19:07:34', '배송완료');
INSERT INTO Shipping (shipping_id, purchase_id, shipping_address, shipped_at, delivered_at, shipping_status) VALUES (39, 56, '(08737) 서울특별시 관악구 관악로 204 3층 301호', '2025-05-16 05:00:15', '2025-05-19 08:00:15', '배송완료');
INSERT INTO Shipping (shipping_id, purchase_id, shipping_address, shipped_at, delivered_at, shipping_status) VALUES (40, 58, '(08739) 서울특별시 관악구 남부순환로231길 11 태주빌라 1층', '2025-05-20 16:55:47', '2025-05-23 18:55:47', '배송완료');
INSERT INTO Shipping (shipping_id, purchase_id, shipping_address, shipped_at, delivered_at, shipping_status) VALUES (41, 59, '(08737) 서울특별시 관악구 관악로 204 3층 301호', '2025-05-20 21:46:52', '2025-05-22 04:46:52', '배송완료');
INSERT INTO Shipping (shipping_id, purchase_id, shipping_address, shipped_at, delivered_at, shipping_status) VALUES (42, 62, '(57964) 전라남도 순천시 역전2길 10 심다', '2025-05-21 11:02:52', '2025-05-22 15:02:52', '배송완료');
INSERT INTO Shipping (shipping_id, purchase_id, shipping_address, shipped_at, delivered_at, shipping_status) VALUES (43, 61, '(58568) 전남 무안군 삼향읍 남악5로60번길 31-8', '2025-05-22 18:55:55', '2025-05-26 00:55:55', '배송완료');
INSERT INTO Shipping (shipping_id, purchase_id, shipping_address, shipped_at, delivered_at, shipping_status) VALUES (44, 74, '(54604) 전라북도 익산시 평동로11길 12 남부시장 내 두 번째 집', '2025-05-28 18:35:48', '2025-05-29 21:35:48', '배송완료');
INSERT INTO Shipping (shipping_id, purchase_id, shipping_address, shipped_at, delivered_at, shipping_status) VALUES (45, 73, '(63194) 제주특별자치도 제주시 삼성로1길 1 , 1층', '2025-05-29 01:50:51', '2025-05-31 10:50:51', '배송완료');
INSERT INTO Shipping (shipping_id, purchase_id, shipping_address, shipped_at, delivered_at, shipping_status) VALUES (46, 75, '(18282) 경기도 화성시 비봉면 남전로116번길 35', '2025-05-29 16:35:48', '2025-05-31 23:35:48', '배송완료');
INSERT INTO Shipping (shipping_id, purchase_id, shipping_address, shipped_at, delivered_at, shipping_status) VALUES (47, 65, '(31123) 충청남도 천안시 동남구 먹거리8길 11 1층', '2025-06-03 19:35:48', NULL, '배송중');
INSERT INTO Shipping (shipping_id, purchase_id, shipping_address, shipped_at, delivered_at, shipping_status) VALUES (48, 63, '(10406) 경기도 고양시 일산동구 일산로380번길 43-11', '2025-06-03 20:35:48', NULL, '배송중');
INSERT INTO Shipping (shipping_id, purchase_id, shipping_address, shipped_at, delivered_at, shipping_status) VALUES (49, 80, '(28545) 충청북도 청주시 상당구 상당로115번길 61 2층', '2025-06-04 03:35:48', NULL, '배송중');
INSERT INTO Shipping (shipping_id, purchase_id, shipping_address, shipped_at, delivered_at, shipping_status) VALUES (50, 77, '(63528) 제주 서귀포시 안덕면 사계로114번길 54-58 1층', '2025-06-04 08:35:48', NULL, '배송중');
INSERT INTO Shipping (shipping_id, purchase_id, shipping_address, shipped_at, delivered_at, shipping_status) VALUES (51, 78, '(54604) 전라북도 익산시 평동로11길 12 남부시장 내 두 번째 집', '2025-06-04 08:35:48', NULL, '배송중');
INSERT INTO Shipping (shipping_id, purchase_id, shipping_address, shipped_at, delivered_at, shipping_status) VALUES (52, 68, '(23017) 인천광역시 강화군 내가면 구하리 495', '2025-06-04 15:35:48', NULL, '배송중');
INSERT INTO Shipping (shipping_id, purchase_id, shipping_address, shipped_at, delivered_at, shipping_status) VALUES (53, 55, '(06690) 서울특별시 서초구 효령로5길 26-4 1층', '2025-06-04 16:35:48', NULL, '배송중');
INSERT INTO Shipping (shipping_id, purchase_id, shipping_address, shipped_at, delivered_at, shipping_status) VALUES (54, 83, '(58568) 전남 무안군 삼향읍 남악5로60번길 31-8', '2025-06-04 19:35:48', NULL, '배송중');
INSERT INTO Shipping (shipping_id, purchase_id, shipping_address, shipped_at, delivered_at, shipping_status) VALUES (55, 84, '(48411) 부산광역시 남구 전포대로110번길 8 지하1층', '2025-06-04 20:24:56', NULL, '배송중');
INSERT INTO Shipping (shipping_id, purchase_id, shipping_address, shipped_at, delivered_at, shipping_status) VALUES (56, 60, '(28545) 충청북도 청주시 상당구 상당로115번길 61 2층', '2025-06-05 00:35:48', NULL, '배송중');
INSERT INTO Shipping (shipping_id, purchase_id, shipping_address, shipped_at, delivered_at, shipping_status) VALUES (57, 87, '(55038) 전라북도 전주시 완산구 전라감영4길 1 4층', '2025-06-05 03:47:09', NULL, '배송중');
INSERT INTO Shipping (shipping_id, purchase_id, shipping_address, shipped_at, delivered_at, shipping_status) VALUES (58, 57, '(48411) 부산광역시 남구 전포대로110번길 8 지하1층', '2025-06-05 04:35:48', NULL, '배송중');
INSERT INTO Shipping (shipping_id, purchase_id, shipping_address, shipped_at, delivered_at, shipping_status) VALUES (59, 86, '(46726) 부산 강서구 명지국제3로 97 삼정그린코아더베스트 상가 1층 D111호', '2025-06-05 06:35:48', NULL, '배송중');
INSERT INTO Shipping (shipping_id, purchase_id, shipping_address, shipped_at, delivered_at, shipping_status) VALUES (60, 67, '(55038) 전라북도 전주시 완산구 전라감영4길 1 4층', '2025-06-05 08:35:48', NULL, '배송중');
INSERT INTO Shipping (shipping_id, purchase_id, shipping_address, shipped_at, delivered_at, shipping_status) VALUES (61, 54, '(55038) 전라북도 전주시 완산구 전라감영4길 1 4층', '2025-06-05 17:35:48', NULL, '배송중');
INSERT INTO Shipping (shipping_id, purchase_id, shipping_address, shipped_at, delivered_at, shipping_status) VALUES (62, 82, '(51458) 경상남도 창원시 성산구 창이대로719번길 17', '2025-06-05 17:35:48', NULL, '배송중');
INSERT INTO Shipping (shipping_id, purchase_id, shipping_address, shipped_at, delivered_at, shipping_status) VALUES (63, 69, '(23017) 인천광역시 강화군 내가면 구하리 495', '2025-06-05 22:35:48', NULL, '배송중');
INSERT INTO Shipping (shipping_id, purchase_id, shipping_address, shipped_at, delivered_at, shipping_status) VALUES (64, 64, '(28545) 충청북도 청주시 상당구 상당로115번길 61 2층', '2025-06-06 00:35:48', NULL, '배송중');
INSERT INTO Shipping (shipping_id, purchase_id, shipping_address, shipped_at, delivered_at, shipping_status) VALUES (65, 71, '(63010) 제주특별자치도 제주시 한림읍 금능9길 1-1 밖거리', '2025-06-06 01:35:48', NULL, '배송중');
INSERT INTO Shipping (shipping_id, purchase_id, shipping_address, shipped_at, delivered_at, shipping_status) VALUES (66, 79, '(48930) 부산광역시 중구 대청로141번길 17 1층', '2025-06-06 01:35:48', NULL, '배송중');
INSERT INTO Shipping (shipping_id, purchase_id, shipping_address, shipped_at, delivered_at, shipping_status) VALUES (67, 70, '(54604) 전라북도 익산시 평동로11길 12 남부시장 내 두 번째 집', '2025-06-06 05:35:48', NULL, '배송중');
INSERT INTO Shipping (shipping_id, purchase_id, shipping_address, shipped_at, delivered_at, shipping_status) VALUES (68, 88, '(55038) 전라북도 전주시 완산구 전라감영4길 1 4층', '2025-06-06 05:35:48', NULL, '배송중');
INSERT INTO Shipping (shipping_id, purchase_id, shipping_address, shipped_at, delivered_at, shipping_status) VALUES (69, 72, '(63168) 제주 제주시 관덕로8길 17 2층', '2025-06-06 06:35:48', NULL, '배송중');
INSERT INTO Shipping (shipping_id, purchase_id, shipping_address, shipped_at, delivered_at, shipping_status) VALUES (70, 90, '(63528) 제주 서귀포시 안덕면 사계로114번길 54-58 1층', '2025-06-06 07:59:05', NULL, '배송중');
INSERT INTO Shipping (shipping_id, purchase_id, shipping_address, shipped_at, delivered_at, shipping_status) VALUES (71, 66, '(08739) 서울특별시 관악구 남부순환로231길 11 태주빌라 1층', '2025-06-06 08:35:48', NULL, '배송중');
INSERT INTO Shipping (shipping_id, purchase_id, shipping_address, shipped_at, delivered_at, shipping_status) VALUES (72, 91, '(54830) 전라북도 전주시 덕진구 두간11길 15', '2025-06-06 09:02:23', NULL, '배송중');
INSERT INTO Shipping (shipping_id, purchase_id, shipping_address, shipped_at, delivered_at, shipping_status) VALUES (73, 89, '(08739) 서울특별시 관악구 남부순환로231길 11 태주빌라 1층', '2025-06-06 09:51:35', NULL, '배송중');
INSERT INTO Shipping (shipping_id, purchase_id, shipping_address, shipped_at, delivered_at, shipping_status) VALUES (74, 81, '(16624) 경기도 수원시 권선구 매송고색로711번길 26', '2025-06-06 11:35:48', NULL, '배송중');
INSERT INTO Shipping (shipping_id, purchase_id, shipping_address, shipped_at, delivered_at, shipping_status) VALUES (75, 92, '(48951) 부산광역시 중구 대청로126번길 28-1', '2025-06-06 13:06:19', NULL, '배송중');
INSERT INTO Shipping (shipping_id, purchase_id, shipping_address, shipped_at, delivered_at, shipping_status) VALUES (76, 76, '(63611) 제주특별자치도 서귀포시 남원읍 태위로 87 1층', '2025-06-06 13:35:48', NULL, '배송중');
INSERT INTO Shipping (shipping_id, purchase_id, shipping_address, shipped_at, delivered_at, shipping_status) VALUES (77, 85, '(10106) 경기도 김포시 북변중로 51-1 2층', '2025-06-06 13:35:48', NULL, '배송중');
INSERT INTO Shipping (shipping_id, purchase_id, shipping_address, shipped_at, delivered_at, shipping_status) VALUES (78, 93, '(63528) 제주 서귀포시 안덕면 사계로114번길 54-58 1층', '2025-06-06 15:35:48', NULL, '배송중');
INSERT INTO Shipping (shipping_id, purchase_id, shipping_address, shipped_at, delivered_at, shipping_status) VALUES (79, 94, '(55038) 전라북도 전주시 완산구 전라감영4길 1 4층', '2025-06-06 19:35:48', NULL, '배송중');
INSERT INTO Shipping (shipping_id, purchase_id, shipping_address, shipped_at, delivered_at, shipping_status) VALUES (80, 95, '(06690) 서울특별시 서초구 효령로5길 26-4 1층', '2025-06-06 19:35:48', NULL, '배송중');

SET FOREIGN_KEY_CHECKS = 1;
