-- 중고 도서 마켓플레이스 초기 데이터 (V7b - Orders 테이블 스키마, 동적 주문 수, 로직 통합)
SET FOREIGN_KEY_CHECKS = 0;

-- Users 테이블 데이터
INSERT INTO Users (user_id, username, email, join_date, address) VALUES (1, '송영호', 'ipsam114@kakao.com', '2024-06-12 10:17:46', '(31134) 충청남도 천안시 서북구 서부3길 67');
INSERT INTO Users (user_id, username, email, join_date, address) VALUES (2, '유현주', 'libero781@kakao.com', '2024-01-26 21:09:43', '(39302) 경상북도 구미시 금오산로22길 24-1');
INSERT INTO Users (user_id, username, email, join_date, address) VALUES (3, '박미영', 'voluptatum859@kakao.com', '2024-10-19 19:38:21', '(46726) 부산 강서구 명지국제3로 97 삼정그린코아더베스트 상가 1층 D111호');
INSERT INTO Users (user_id, username, email, join_date, address) VALUES (4, '문정자', 'a676corporis@naver.com', '2025-01-26 13:42:53', '(63234) 제주 제주시 도남로 168-15 1층');
INSERT INTO Users (user_id, username, email, join_date, address) VALUES (5, '김주원', 'ad304@kakao.com', '2024-08-06 18:44:58', '(08737) 서울특별시 관악구 관악로 204 3층 301호');
INSERT INTO Users (user_id, username, email, join_date, address) VALUES (6, '박윤서', 'quisquam774@gmail.com', '2025-03-07 16:39:13', '(56192) 전북 정읍시 학산로 51-1');
INSERT INTO Users (user_id, username, email, join_date, address) VALUES (7, '김미정', 'blanditiis134@daum.net', '2024-05-02 10:51:30', '(51458) 경상남도 창원시 성산구 창이대로719번길 17');
INSERT INTO Users (user_id, username, email, join_date, address) VALUES (8, '정하윤', 'officiis896@gmail.com', '2024-08-20 18:02:48', '(63076) 제주특별자치도 제주시 우평로 45-1 바인빌딩 1층 101호');
INSERT INTO Users (user_id, username, email, join_date, address) VALUES (9, '이정자', 'ratione137@naver.com', '2025-02-12 01:31:20', '(62047) 광주광역시 서구 화정로260번길 9');
INSERT INTO Users (user_id, username, email, join_date, address) VALUES (10, '박정순', 'architecto628@naver.com', '2023-10-12 19:29:47', '(52444) 경상남도 남해군 삼동면 동부대로1876번길 19');
INSERT INTO Users (user_id, username, email, join_date, address) VALUES (11, '최주원', 'neque721@kakao.com', '2025-01-16 20:43:12', '(04728) 서울특별시 성동구 무수막길 56 1F');
INSERT INTO Users (user_id, username, email, join_date, address) VALUES (12, '박정희', 'ratione884@kakao.com', '2023-11-16 09:07:47', '(03036) 서울특별시 종로구 자하문로15길 26-4');
INSERT INTO Users (user_id, username, email, join_date, address) VALUES (13, '박성민', 'delectus161@nate.com', '2024-11-14 19:25:17', '(55043) 전라북도 전주시 완산구 풍남문4길 32 2층 카프카');
INSERT INTO Users (user_id, username, email, join_date, address) VALUES (14, '김수빈', 'molestias308@naver.com', '2023-06-19 23:10:11', '(63364) 제주특별자치도 제주시 구좌읍 종달로5길 11');
INSERT INTO Users (user_id, username, email, join_date, address) VALUES (15, '이우진', 'assumenda910@kakao.com', '2024-06-30 12:51:08', '(63186) 제주 제주시 서사로21길 4 책방작은숲');
INSERT INTO Users (user_id, username, email, join_date, address) VALUES (16, '한성수', 'temporibus86@daum.net', '2024-02-22 12:20:24', '(26423) 강원도 원주시 금불4길 23 제1층 102호');
INSERT INTO Users (user_id, username, email, join_date, address) VALUES (17, '이숙자', 'odio75@daum.net', '2024-05-19 17:10:44', '(14709) 경기도 부천시 경인로 211-1');
INSERT INTO Users (user_id, username, email, join_date, address) VALUES (18, '류현주', 'illo513@gmail.com', '2024-12-21 03:59:07', '(05009) 서울특별시 광진구 능동로19길 5 지하');
INSERT INTO Users (user_id, username, email, join_date, address) VALUES (19, '박지훈', 'similique40@gmail.com', '2023-09-23 08:30:48', '(21569) 인천광역시 남동구 문화서로28번길 13-1');
INSERT INTO Users (user_id, username, email, join_date, address) VALUES (20, '김상현', 'omnis986@gmail.com', '2024-09-25 20:42:59', '(07638) 서울특별시 강서구 강서로45길 132-14');
INSERT INTO Users (user_id, username, email, join_date, address) VALUES (21, '김혜진', 'in315@nate.com', '2024-10-01 19:09:07', '(36544) 경상북도 영양군 입암면 대천길 435');
INSERT INTO Users (user_id, username, email, join_date, address) VALUES (22, '조민수', 'repellendus997@daum.net', '2024-08-14 14:15:28', '(08768) 서울특별시 관악구 조원로2길 55 1층');
INSERT INTO Users (user_id, username, email, join_date, address) VALUES (23, '이지원', 'praesentium307@gmail.com', '2024-02-08 18:29:10', '(04735) 서울특별시 성동구 한림말1길 16-1 B1층');
INSERT INTO Users (user_id, username, email, join_date, address) VALUES (24, '오예원', 'repudiandae913@gmail.com', '2024-03-16 18:25:56', '(63361) 제주특별자치도 제주시 구좌읍 세화11길 8');
INSERT INTO Users (user_id, username, email, join_date, address) VALUES (25, '이현지', 'dolor619@gmail.com', '2025-02-24 20:27:17', '(05028) 서울특별시 광진구 아차산로39길 8 1층');
INSERT INTO Users (user_id, username, email, join_date, address) VALUES (26, '장지혜', 'quam458@gmail.com', '2023-10-01 01:47:32', '(06753) 서울특별시 서초구 바우뫼로 154 103호');
INSERT INTO Users (user_id, username, email, join_date, address) VALUES (27, '윤민재', 'fugiat372@nate.com', '2025-01-16 10:51:51', '(17006) 경기도 용인시 기흥구 동백5로 22 쥬네브문월드 가동 137호');
INSERT INTO Users (user_id, username, email, join_date, address) VALUES (28, '배준영', 'voluptatibus611@naver.com', '2025-03-20 20:00:34', '(12533) 경기도 양평군 양동면 고송길 35-37');
INSERT INTO Users (user_id, username, email, join_date, address) VALUES (29, '박미경', 'ea412@nate.com', '2024-08-26 01:58:44', '(21566) 인천광역시 남동구 문화서로49번길 39 103호');
INSERT INTO Users (user_id, username, email, join_date, address) VALUES (30, '김영희', 'deserunt670@kakao.com', '2024-08-29 04:00:38', '(03765) 서울특별시 서대문구 이화여대길 88-11');
INSERT INTO Users (user_id, username, email, join_date, address) VALUES (31, '권경수', 'dolore910@gmail.com', '2025-01-05 08:44:50', '(03703) 서울특별시 서대문구 연희로11라길 10-6 2층 우측');
INSERT INTO Users (user_id, username, email, join_date, address) VALUES (32, '백성훈', 'suscipit770@naver.com', '2024-03-07 16:00:56', '(54830) 전라북도 전주시 덕진구 두간11길 15');
INSERT INTO Users (user_id, username, email, join_date, address) VALUES (33, '박영미', 'modi771@kakao.com', '2023-11-18 20:06:38', '(63363) 제주특별자치도 제주시 구좌읍 문주란로5길 34-2');
INSERT INTO Users (user_id, username, email, join_date, address) VALUES (34, '강성호', 'iure513@kakao.com', '2023-10-02 04:39:13', '(61432) 광주광역시 동구 동명로67번길 22-2');
INSERT INTO Users (user_id, username, email, join_date, address) VALUES (35, '김상철', 'nesciunt823@daum.net', '2025-01-30 08:28:30', '(58728) 전남 목포시 영산로75번길 12');
INSERT INTO Users (user_id, username, email, join_date, address) VALUES (36, '민정남', 'sequi479@daum.net', '2025-02-28 11:52:31', '(03060) 서울특별시 종로구 율곡로5길 24');
INSERT INTO Users (user_id, username, email, join_date, address) VALUES (37, '김상훈', 'vel645@daum.net', '2023-10-14 08:22:25', '(35231) 대전광역시 서구 갈마역로 1 (2층)');
INSERT INTO Users (user_id, username, email, join_date, address) VALUES (38, '김진우', 'tempora400@nate.com', '2024-09-28 15:00:11', '(03999) 서울특별시 마포구 월드컵북로9길 30');
INSERT INTO Users (user_id, username, email, join_date, address) VALUES (39, '고성진', 'quod436@naver.com', '2024-10-08 03:13:24', '(61465) 광주광역시 동구 제봉로 100-1 2층');
INSERT INTO Users (user_id, username, email, join_date, address) VALUES (40, '윤도현', 'vero159@kakao.com', '2025-03-10 21:37:46', '(18282) 경기도 화성시 비봉면 남전로116번길 35');
INSERT INTO Users (user_id, username, email, join_date, address) VALUES (41, '권정식', 'nostrum244@gmail.com', '2023-12-26 23:13:10', '(58650) 전남 목포시 동부로 4 2층');
INSERT INTO Users (user_id, username, email, join_date, address) VALUES (42, '손정숙', 'ex292@gmail.com', '2025-02-01 04:54:31', '(59120) 전남 완도군 완도읍 장보고대로248번길 48 1층 완도살롱');
INSERT INTO Users (user_id, username, email, join_date, address) VALUES (43, '황정남', 'sit487@kakao.com', '2024-11-27 19:12:34', '(04345) 서울특별시 용산구 회나무로12길 5 Beleben 벨리븐');
INSERT INTO Users (user_id, username, email, join_date, address) VALUES (44, '윤서현', 'iusto375@gmail.com', '2025-02-08 17:33:45', '(03044) 서울특별시 종로구 자하문로10길 22 2층');
INSERT INTO Users (user_id, username, email, join_date, address) VALUES (45, '강수진', 'mollitia646@kakao.com', '2024-09-11 08:45:21', '(18134) 경기도 오산시 경기동로8번길 25');
INSERT INTO Users (user_id, username, email, join_date, address) VALUES (46, '김영수', 'tempora365@naver.com', '2024-03-09 10:41:33', '(25504) 강원도 강릉시 임영로 211');
INSERT INTO Users (user_id, username, email, join_date, address) VALUES (47, '김지연', 'nesciunt157@kakao.com', '2024-06-25 19:59:28', '(10240) 경기도 고양시 일산서구 일현로 122 동성상가 1층 122호 이랑');
INSERT INTO Users (user_id, username, email, join_date, address) VALUES (48, '홍윤서', 'deleniti635@daum.net', '2023-12-20 21:34:38', '(47900) 부산 동래구 온천천로453번길 14 2층');
INSERT INTO Users (user_id, username, email, join_date, address) VALUES (49, '오영진', 'incidunt409@daum.net', '2023-11-23 21:16:57', '(16828) 경기도 용인시 수지구 수풍로127번길 5');
INSERT INTO Users (user_id, username, email, join_date, address) VALUES (50, '이도현', 'velit243@gmail.com', '2023-08-26 12:11:07', '(15833) 경기도 군포시 오금로134번안길 5 102호');
INSERT INTO Users (user_id, username, email, join_date, address) VALUES (51, '김하은', 'distinctio188@naver.com', '2024-04-21 04:01:13', '(54647) 전북 익산시 동서로5길 116 2층 블루본즈 카페');
INSERT INTO Users (user_id, username, email, join_date, address) VALUES (52, '송선영', 'temporibus609@nate.com', '2024-08-20 11:59:35', '(06725) 서울특별시 서초구 남부순환로333길 10 1층');
INSERT INTO Users (user_id, username, email, join_date, address) VALUES (53, '이건우', 'numquam456@kakao.com', '2024-07-02 13:09:01', '(63265) 제주특별자치도 제주시 동문로14길 11');
INSERT INTO Users (user_id, username, email, join_date, address) VALUES (54, '김준혁', 'impedit86@nate.com', '2024-12-16 08:37:54', '(61640) 광주광역시 남구 천변좌로418번길 17 1층');
INSERT INTO Users (user_id, username, email, join_date, address) VALUES (55, '박성현', 'id993@naver.com', '2025-02-01 10:26:22', '(63343) 제주특별자치도 제주시 조천읍 중산간동로 698-71');
INSERT INTO Users (user_id, username, email, join_date, address) VALUES (56, '한보람', 'doloremque256@kakao.com', '2023-10-20 21:13:20', '(02460) 서울특별시 동대문구 회기로26길 14');
INSERT INTO Users (user_id, username, email, join_date, address) VALUES (57, '이서준', 'enim53@naver.com', '2024-05-27 06:28:45', '(07267) 서울특별시 영등포구 영신로39길 8-1 201호');
INSERT INTO Users (user_id, username, email, join_date, address) VALUES (58, '김지훈', 'perspiciatis562@kakao.com', '2024-05-14 22:56:55', '(04549) 서울특별시 중구 을지로20길 32-3 203호');
INSERT INTO Users (user_id, username, email, join_date, address) VALUES (59, '김예진', 'deleniti866@naver.com', '2023-10-27 04:15:35', '(08777) 서울특별시 관악구 신림로 318 1층 101호 재론북스');
INSERT INTO Users (user_id, username, email, join_date, address) VALUES (60, '김영길', 'provident319@nate.com', '2024-04-03 05:27:54', '(54023) 전북 군산시 동국사길 4');
INSERT INTO Users (user_id, username, email, join_date, address) VALUES (61, '박상훈', 'dicta893@naver.com', '2023-06-04 15:19:51', '(02833) 서울특별시 성북구 동소문로3길 68');
INSERT INTO Users (user_id, username, email, join_date, address) VALUES (62, '손채원', 'itaque84@kakao.com', '2023-10-17 05:57:50', '(63010) 제주특별자치도 제주시 한림읍 금능9길 1-1 밖거리');
INSERT INTO Users (user_id, username, email, join_date, address) VALUES (63, '김상현', 'exercitationem330@kakao.com', '2024-03-16 21:41:45', '(49035) 부산 영도구 태종로95번길 40 1층');
INSERT INTO Users (user_id, username, email, join_date, address) VALUES (64, '박진우', 'eius580@nate.com', '2024-06-09 07:59:30', '(55334) 전라북도 완주군 삼례읍 삼봉5로 60 사회적기업사무실 2층');
INSERT INTO Users (user_id, username, email, join_date, address) VALUES (65, '황보람', 'nam142@daum.net', '2025-02-06 05:43:43', '(17969) 경기도 평택시 현덕면 덕목5길 122-11');
INSERT INTO Users (user_id, username, email, join_date, address) VALUES (66, '김영일', 'voluptates766@gmail.com', '2024-07-05 02:01:47', '(55348) 전북 완주군 소양면 송광수만로 500');
INSERT INTO Users (user_id, username, email, join_date, address) VALUES (67, '김예준', 'non702@nate.com', '2024-05-26 21:08:48', '(54887) 전라북도 전주시 덕진구 하가3길 20-9');
INSERT INTO Users (user_id, username, email, join_date, address) VALUES (68, '이은정', 'sunt794@gmail.com', '2025-03-14 05:05:58', '(54594) 전북 익산시 익산대로16길 36 2층,3층');
INSERT INTO Users (user_id, username, email, join_date, address) VALUES (69, '김보람', 'accusantium30@nate.com', '2024-11-05 10:00:53', '(17389) 경기도 이천시 마장면 덕평로877번길 16');
INSERT INTO Users (user_id, username, email, join_date, address) VALUES (70, '한순옥', 'maiores487@naver.com', '2024-05-30 01:27:20', '(62248) 광주광역시 광산구 수완로74번길 11-8');
INSERT INTO Users (user_id, username, email, join_date, address) VALUES (71, '김지아', 'aut130@gmail.com', '2024-05-26 23:03:24', '(15806) 경기도 군포시 금산로 84 1층');
INSERT INTO Users (user_id, username, email, join_date, address) VALUES (72, '윤옥순', 'quibusdam771@naver.com', '2024-07-04 21:54:03', '(38540) 경상북도 경산시 압량읍 오목로 183');
INSERT INTO Users (user_id, username, email, join_date, address) VALUES (73, '박예은', 'modi316@nate.com', '2024-09-14 04:13:03', '(24412) 강원도 춘천시 신동면 금병의숙1길 19');
INSERT INTO Users (user_id, username, email, join_date, address) VALUES (74, '박유진', 'assumenda648@kakao.com', '2024-05-11 12:00:52', '(58557) 전남 무안군 청계면 복길로 131');
INSERT INTO Users (user_id, username, email, join_date, address) VALUES (75, '장성호', 'similique73@gmail.com', '2023-12-25 00:29:37', '(23017) 인천광역시 강화군 내가면 구하리 495');
INSERT INTO Users (user_id, username, email, join_date, address) VALUES (76, '김영식', 'itaque778@naver.com', '2025-05-09 01:55:26', '(35415) 대전광역시 서구 복수남로12번길 44 105호');
INSERT INTO Users (user_id, username, email, join_date, address) VALUES (77, '최미숙', 'nulla861@daum.net', '2024-03-17 14:55:39', '(05562) 서울특별시 송파구 올림픽로10길 40');
INSERT INTO Users (user_id, username, email, join_date, address) VALUES (78, '오건우', 'quos158@naver.com', '2024-01-20 21:31:59', '(05728) 서울특별시 송파구 동남로23길 40-11 1층 코너');
INSERT INTO Users (user_id, username, email, join_date, address) VALUES (79, '노경숙', 'minima188@gmail.com', '2024-07-18 07:15:32', '(48930) 부산광역시 중구 대청로141번길 15-1 1층');
INSERT INTO Users (user_id, username, email, join_date, address) VALUES (80, '백영수', 'id138@daum.net', '2023-06-26 10:48:47', '(63534) 제주 서귀포시 상예로 224');
INSERT INTO Users (user_id, username, email, join_date, address) VALUES (81, '이현숙', 'ea593@nate.com', '2024-08-23 11:51:49', '(16624) 경기도 수원시 권선구 매송고색로711번길 26');
INSERT INTO Users (user_id, username, email, join_date, address) VALUES (82, '이정식', 'placeat916@nate.com', '2025-05-12 12:06:55', '(27222) 충청북도 제천시 덕산면 신현3길 27');
INSERT INTO Users (user_id, username, email, join_date, address) VALUES (83, '최진우', 'autem715@nate.com', '2024-01-14 20:05:10', '(10106) 경기도 김포시 북변중로 51-1 2층');
INSERT INTO Users (user_id, username, email, join_date, address) VALUES (84, '최윤서', 'deserunt608@daum.net', '2025-03-04 21:16:41', '(17007) 경기도 용인시 기흥구 동백4로 22 상가동 201호');
INSERT INTO Users (user_id, username, email, join_date, address) VALUES (85, '송명숙', 'corporis245@gmail.com', '2023-06-11 23:05:52', '(18508) 경기도 화성시 동탄장지천6길 7');
INSERT INTO Users (user_id, username, email, join_date, address) VALUES (86, '김경수', 'voluptatum18@kakao.com', '2025-01-03 01:39:14', '(08613) 서울특별시 금천구 시흥대로73길 11 무지개상가 309호');
INSERT INTO Users (user_id, username, email, join_date, address) VALUES (87, '김지연', 'laudantium791@daum.net', '2025-03-14 13:06:35', '(21338) 인천광역시 부평구 길주로547번길 8-12');
INSERT INTO Users (user_id, username, email, join_date, address) VALUES (88, '최옥자', 'occaecati293@naver.com', '2023-12-11 14:14:53', '(28545) 충청북도 청주시 상당구 상당로115번길 61 2층');
INSERT INTO Users (user_id, username, email, join_date, address) VALUES (89, '이춘자', 'repudiandae537@kakao.com', '2025-02-22 20:49:29', '(21364) 인천광역시 부평구 부평대로165번길 26 1층 쓰는하루');
INSERT INTO Users (user_id, username, email, join_date, address) VALUES (90, '이승민', 'fugiat127@nate.com', '2024-10-01 16:38:07', '(17155) 경기도 용인시 처인구 양지면 한터로662번길 47');
INSERT INTO Users (user_id, username, email, join_date, address) VALUES (91, '류옥순', 'nesciunt39@kakao.com', '2024-03-14 05:39:42', '(02829) 서울특별시 성북구 동소문로29길 10 1층');
INSERT INTO Users (user_id, username, email, join_date, address) VALUES (92, '오성수', 'exercitationem480@nate.com', '2023-08-10 01:31:09', '(63168) 제주 제주시 관덕로4길 3');
INSERT INTO Users (user_id, username, email, join_date, address) VALUES (93, '배종수', 'quas237@daum.net', '2025-04-26 07:03:21', '(57340) 전라남도 담양군 담양읍 객사3길 9-1 가현정북스');
INSERT INTO Users (user_id, username, email, join_date, address) VALUES (94, '홍영환', 'assumenda850@daum.net', '2023-09-30 21:58:32', '(63522) 제주 서귀포시 안덕면 서광동로25번길 13 버터행성706');
INSERT INTO Users (user_id, username, email, join_date, address) VALUES (95, '박현정', 'amet730@naver.com', '2024-01-23 17:02:03', '(63630) 제주특별자치도 서귀포시 성산읍 수시로10번길 3');
INSERT INTO Users (user_id, username, email, join_date, address) VALUES (96, '이수민', 'nulla393@naver.com', '2024-05-24 15:23:34', '(55715) 전북 남원시 인월면 인월장터로 6 1층, 도보책방');
INSERT INTO Users (user_id, username, email, join_date, address) VALUES (97, '박영자', 'vero371@daum.net', '2025-05-15 17:53:02', '(63338) 제주 제주시 조천읍 신촌서5길 91 초록지붕');
INSERT INTO Users (user_id, username, email, join_date, address) VALUES (98, '김은서', 'tempora702@daum.net', '2023-11-14 01:50:54', '(48109) 부산광역시 해운대구 좌동순환로 275 2F');
INSERT INTO Users (user_id, username, email, join_date, address) VALUES (99, '윤은영', 'saepe206@daum.net', '2024-04-15 05:43:57', '(63595) 제주 서귀포시 태평로 409-2');
INSERT INTO Users (user_id, username, email, join_date, address) VALUES (100, '문은서', 'rem15@gmail.com', '2025-04-22 15:33:24', '(48967) 부산광역시 중구 책방골목길 8-1 1층');

-- Book 테이블 데이터
INSERT INTO Book (book_id, title, author, publisher, isbn, published_date) VALUES (1, '소년이 온다', '한강', '창비', '9788936434120', 2014);
INSERT INTO Book (book_id, title, author, publisher, isbn, published_date) VALUES (2, '작별하지 않는다', '한강', '문학동네', '9788954682152', 2021);
INSERT INTO Book (book_id, title, author, publisher, isbn, published_date) VALUES (3, '채식주의자 (리마스터판)', '한강', '창비', '9788936434595', 2022);
INSERT INTO Book (book_id, title, author, publisher, isbn, published_date) VALUES (4, '흰', '한강', '문학동네', '9791141601713', 2025);
INSERT INTO Book (book_id, title, author, publisher, isbn, published_date) VALUES (5, 'ETS 토익 정기시험 기출문제집 1000 Vol. 4 Reading (리딩)', 'ETS', '(주)YBM(와이비엠)', '9788917239508', 2023);
INSERT INTO Book (book_id, title, author, publisher, isbn, published_date) VALUES (6, 'ETS 토익 정기시험 기출문제집 1000 Vol. 4 Listening (리스닝)', 'ETS', '(주)YBM(와이비엠)', '9788917239492', 2023);
INSERT INTO Book (book_id, title, author, publisher, isbn, published_date) VALUES (7, '이처럼 사소한 것들', '클레어 키건', '다산책방', '9791130646381', 2023);
INSERT INTO Book (book_id, title, author, publisher, isbn, published_date) VALUES (8, '서랍에 저녁을 넣어 두었다', '한강', '문학과지성사', '9788932024639', 2013);
INSERT INTO Book (book_id, title, author, publisher, isbn, published_date) VALUES (9, '그의 운명에 대한 아주 개인적인 생각', '유시민', '생각의길', '9788965138068', 2024);
INSERT INTO Book (book_id, title, author, publisher, isbn, published_date) VALUES (10, '불변의 법칙', '모건 하우절', '서삼독', '9791198517425', 2024);
INSERT INTO Book (book_id, title, author, publisher, isbn, published_date) VALUES (11, '세이노의 가르침 (화이트 에디션)', '세이노', '데이원', '9791168473690', 2023);
INSERT INTO Book (book_id, title, author, publisher, isbn, published_date) VALUES (12, '희랍어 시간', '한강', '문학동네', '9788954616515', 2011);
INSERT INTO Book (book_id, title, author, publisher, isbn, published_date) VALUES (13, '트렌드 코리아 2025', '김난도 외', '미래의창', '9788959897223', 2024);
INSERT INTO Book (book_id, title, author, publisher, isbn, published_date) VALUES (14, '해커스 토익 기출 VOCA (보카)', 'David Cho', '해커스어학연구소(Hackers)', '9788965422785', 2024);
INSERT INTO Book (book_id, title, author, publisher, isbn, published_date) VALUES (15, '모순', '양귀자', '쓰다', '9788998441012', 2013);
INSERT INTO Book (book_id, title, author, publisher, isbn, published_date) VALUES (16, '빨모쌤의 라이브 영어회화', '빨간모자쌤 신용하', '웅진지식하우스', '9788901281797', 2024);
INSERT INTO Book (book_id, title, author, publisher, isbn, published_date) VALUES (17, '나를 소모하지 않는 현명한 태도에 관하여', '마티아스 뇔케', '퍼스트펭귄', '9791198682505', 2024);
INSERT INTO Book (book_id, title, author, publisher, isbn, published_date) VALUES (18, '언젠가 우리가 같은 별을 바라본다면', '차인표', '해결책', '9791191061048', 2021);
INSERT INTO Book (book_id, title, author, publisher, isbn, published_date) VALUES (19, '일류의 조건', '사이토 다카시', '필름(Feelm)', '9791193262122', 2024);
INSERT INTO Book (book_id, title, author, publisher, isbn, published_date) VALUES (20, '맡겨진 소녀', '클레어 키건', '다산책방', '9791130698199', 2023);
INSERT INTO Book (book_id, title, author, publisher, isbn, published_date) VALUES (21, '선재 업고 튀어 1~2 세트 - 전2권', '이시은', '북로그컴퍼니', '9791168030817', 2024);
INSERT INTO Book (book_id, title, author, publisher, isbn, published_date) VALUES (22, '아이는 무엇으로 자라는가', '버지니아 사티어', '포레스트북스', '9791193506202', 2023);
INSERT INTO Book (book_id, title, author, publisher, isbn, published_date) VALUES (23, '리틀 라이프 1', '한야 야나기하라', '시공사', '9788952776372', 2016);
INSERT INTO Book (book_id, title, author, publisher, isbn, published_date) VALUES (24, '허송세월', '김훈', '나남출판', '9788930041683', 2024);
INSERT INTO Book (book_id, title, author, publisher, isbn, published_date) VALUES (25, '디 에센셜 한강 (무선 보급판)', '한강', '문학동네', '9788954693462', 2023);
INSERT INTO Book (book_id, title, author, publisher, isbn, published_date) VALUES (26, '처음부터 시작하는 주식투자 단타전략', '홍인기', '길벗', '9791140707492', 2023);
INSERT INTO Book (book_id, title, author, publisher, isbn, published_date) VALUES (27, '영원한 천국', '정유정', '은행나무', '9791167374561', 2024);
INSERT INTO Book (book_id, title, author, publisher, isbn, published_date) VALUES (28, 'THE MONEY BOOK 더 머니북', '토스', '비바리퍼블리카', '9791198686114', 2024);
INSERT INTO Book (book_id, title, author, publisher, isbn, published_date) VALUES (29, '도둑맞은 집중력', '요한 하리', '어크로스', '9791167740984', 2023);
INSERT INTO Book (book_id, title, author, publisher, isbn, published_date) VALUES (30, '넥서스', '유발 하라리', '김영사', '9791194330424', 2024);
INSERT INTO Book (book_id, title, author, publisher, isbn, published_date) VALUES (31, '리틀 라이프 2', '한야 야나기하라', '시공사', '9788952776389', 2016);
INSERT INTO Book (book_id, title, author, publisher, isbn, published_date) VALUES (32, '일본어 무작정 따라하기 완전판', '후지이 아사리', '길벗이지톡', '9791165219956', 2022);
INSERT INTO Book (book_id, title, author, publisher, isbn, published_date) VALUES (33, 'EBS 다큐프라임 자본주의', 'EBS 자본주의 제작팀', '가나출판사', '9788957365793', 2013);
INSERT INTO Book (book_id, title, author, publisher, isbn, published_date) VALUES (34, '당신이 누군가를 죽였다', '히가시노 게이고', '북다', '9791170611561', 2024);
INSERT INTO Book (book_id, title, author, publisher, isbn, published_date) VALUES (35, '내 몸 혁명', '박용우', '루미너스', '9791198553317', 2024);
INSERT INTO Book (book_id, title, author, publisher, isbn, published_date) VALUES (36, '트럼프 2.0 시대', '박종훈', '글로퍼스', '9791198987600', 2024);
INSERT INTO Book (book_id, title, author, publisher, isbn, published_date) VALUES (37, '찌그러져도 동그라미입니다', '김창완', '웅진지식하우스', '9788901280684', 2024);
INSERT INTO Book (book_id, title, author, publisher, isbn, published_date) VALUES (38, '바람이 분다, 가라', '한강', '문학과지성사', '9788932020006', 2010);
INSERT INTO Book (book_id, title, author, publisher, isbn, published_date) VALUES (39, '남에게 보여주려고 인생을 낭비하지 마라', '아르투어 쇼펜하우어', '페이지2(page2)', '9791169850445', 2023);
INSERT INTO Book (book_id, title, author, publisher, isbn, published_date) VALUES (40, '두 사람의 인터내셔널', '김기태', '문학동네', '9788954697941', 2024);
INSERT INTO Book (book_id, title, author, publisher, isbn, published_date) VALUES (41, '알사탕 제조법', '백희나', 'Storybowl(스토리보울)', '9791198610607', 2024);
INSERT INTO Book (book_id, title, author, publisher, isbn, published_date) VALUES (42, '만화로 보는 3분 철학 1 : 서양 고대 철학편', '김재훈.서정욱', '카시오페아', '9791190776752', 2021);
INSERT INTO Book (book_id, title, author, publisher, isbn, published_date) VALUES (43, '국어 잘하는 아이가 이깁니다', '나민애', '김영사', '9788934965404', 2024);
INSERT INTO Book (book_id, title, author, publisher, isbn, published_date) VALUES (44, '작은 땅의 야수들', '김주혜', '다산책방', '9791130642574', 2023);
INSERT INTO Book (book_id, title, author, publisher, isbn, published_date) VALUES (45, '더 좋은 문장을 쓰고 싶은 당신을 위한 필사책', '이주윤', '빅피시', '9791194033127', 2024);
INSERT INTO Book (book_id, title, author, publisher, isbn, published_date) VALUES (46, '나는 읽고 쓰고 버린다', '손웅정', '난다', '9791191859836', 2024);
INSERT INTO Book (book_id, title, author, publisher, isbn, published_date) VALUES (47, '2024 제15회 젊은작가상 수상작품집', '김멜라 외', '문학동네', '9788954638746', 2024);
INSERT INTO Book (book_id, title, author, publisher, isbn, published_date) VALUES (48, '데미안 (오리지널 초판본 표지디자인)', '헤르만 헤세', '코너스톤', '9791187011590', 2017);
INSERT INTO Book (book_id, title, author, publisher, isbn, published_date) VALUES (49, 'ETS 토익기출 파트별 VOCA 보카', 'ETS', '(주)YBM(와이비엠)', '9788917237481', 2022);
INSERT INTO Book (book_id, title, author, publisher, isbn, published_date) VALUES (50, '물고기는 존재하지 않는다', '룰루 밀러', '곰출판', '9791189327156', 2021);
INSERT INTO Book (book_id, title, author, publisher, isbn, published_date) VALUES (51, '느리게 나이 드는 습관', '정희원', '한빛라이프', '9791193080146', 2023);
INSERT INTO Book (book_id, title, author, publisher, isbn, published_date) VALUES (52, '죽이고 싶은 아이 2', '이꽃님', '우리학교', '9791167552723', 2024);
INSERT INTO Book (book_id, title, author, publisher, isbn, published_date) VALUES (53, '사랑인 줄 알았는데 부정맥', '사단법인 전국유료실버타운협회 포푸라샤 편집부', '포레스트북스', '9791193506073', 2024);
INSERT INTO Book (book_id, title, author, publisher, isbn, published_date) VALUES (54, 'ETS 토익 단기 공략 750+ (LC + RC)', 'ETS', '(주)YBM(와이비엠)', '9788917235944', 2020);
INSERT INTO Book (book_id, title, author, publisher, isbn, published_date) VALUES (55, '좋은 문장 표현에서 문장부호까지!', '이수연', '마리북스', '9791193270134', 2024);
INSERT INTO Book (book_id, title, author, publisher, isbn, published_date) VALUES (56, '여수의 사랑', '한강', '문학과지성사', '9788932034812', 2018);
INSERT INTO Book (book_id, title, author, publisher, isbn, published_date) VALUES (57, '구의 증명', '최진영', '은행나무', '9791167372864', 2023);
INSERT INTO Book (book_id, title, author, publisher, isbn, published_date) VALUES (58, '흐르는 강물처럼', '셸리 리드', '다산책방', '9791130649672', 2024);
INSERT INTO Book (book_id, title, author, publisher, isbn, published_date) VALUES (59, '초역 부처의 말', '코이케 류노스케', '포레스트북스', '9791193506516', 2024);
INSERT INTO Book (book_id, title, author, publisher, isbn, published_date) VALUES (60, '해커스 토익 RC Reading(리딩) 기본서', 'David Cho', '해커스어학연구소(Hackers)', '9788965424765', 2024);
INSERT INTO Book (book_id, title, author, publisher, isbn, published_date) VALUES (61, '불안 세대', '조너선 하이트', '웅진지식하우스', '9788901285894', 2024);
INSERT INTO Book (book_id, title, author, publisher, isbn, published_date) VALUES (62, '이기적 유전자', '리처드 도킨스', '을유문화사', '9788932473901', 2018);
INSERT INTO Book (book_id, title, author, publisher, isbn, published_date) VALUES (63, '코스모스', '칼 세이건', '사이언스북스', '9788983711892', 2006);
INSERT INTO Book (book_id, title, author, publisher, isbn, published_date) VALUES (64, '압수수색', '김용진.한상진.봉지욱', '뉴스타파', '9791198933225', 2025);
INSERT INTO Book (book_id, title, author, publisher, isbn, published_date) VALUES (65, '저속노화 식사법', '정희원', '테이스트북스', '9791141606862', 2024);
INSERT INTO Book (book_id, title, author, publisher, isbn, published_date) VALUES (66, '고층 입원실의 갱스터 할머니', '양유진', '21세기북스', '9791171174508', 2024);
INSERT INTO Book (book_id, title, author, publisher, isbn, published_date) VALUES (67, '흔한남매 16', '흔한남매', '미래엔아이세움', '9791168418011', 2024);
INSERT INTO Book (book_id, title, author, publisher, isbn, published_date) VALUES (68, '시대예보: 호명사회', '송길영', '교보문고(단행본)', '9791170611875', 2024);
INSERT INTO Book (book_id, title, author, publisher, isbn, published_date) VALUES (69, '주술회전 27 트리플 특장판', '아쿠타미 게게', '서울미디어코믹스(서울문화사)', '9791136791047', 2024);
INSERT INTO Book (book_id, title, author, publisher, isbn, published_date) VALUES (70, '퍼스널 MBA', '조쉬 카우프만', '진성북스', '9788997743605', 2024);
INSERT INTO Book (book_id, title, author, publisher, isbn, published_date) VALUES (71, '패밀리 레스토랑 가자. 上', '와야마 야마', '문학동네', '9788954698726', 2024);
INSERT INTO Book (book_id, title, author, publisher, isbn, published_date) VALUES (72, '사피엔스', '유발 하라리', '김영사', '9788934972464', 2023);
INSERT INTO Book (book_id, title, author, publisher, isbn, published_date) VALUES (73, '나는 나의 스무 살을 가장 존중한다', '이하영', '토네이도', '9791158512859', 2024);
INSERT INTO Book (book_id, title, author, publisher, isbn, published_date) VALUES (74, '부모의 어휘력', '김종원', '카시오페아', '9791168271999', 2024);
INSERT INTO Book (book_id, title, author, publisher, isbn, published_date) VALUES (75, '대온실 수리 보고서', '김금희', '창비', '9788936439651', 2024);
INSERT INTO Book (book_id, title, author, publisher, isbn, published_date) VALUES (76, '총 균 쇠', '제레드 다이아몬드', '김영사', '9788934942467', 2023);
INSERT INTO Book (book_id, title, author, publisher, isbn, published_date) VALUES (77, '아주 희미한 빛으로도', '최은영', '문학동네', '9788954695053', 2023);
INSERT INTO Book (book_id, title, author, publisher, isbn, published_date) VALUES (78, '사피엔스 : 그래픽 히스토리 Vol.1', '다니엘 카사나브', '김영사', '9788934991328', 2020);
INSERT INTO Book (book_id, title, author, publisher, isbn, published_date) VALUES (79, '진짜 쓰는 실무 엑셀', '오빠두', '제이펍', '9791191600704', 2022);
INSERT INTO Book (book_id, title, author, publisher, isbn, published_date) VALUES (80, '데일 카네기 인간관계론 (50만부 돌파 초판 무삭제 완역본)', '데일 카네기', '현대지성', '9791187142560', 2019);
INSERT INTO Book (book_id, title, author, publisher, isbn, published_date) VALUES (81, '지적 대화를 위한 넓고 얕은 지식 1', '채사장', '웨일북', '9791190313186', 2020);
INSERT INTO Book (book_id, title, author, publisher, isbn, published_date) VALUES (82, '해커스 토익 LC Listening(리스닝) 기본서', 'David Cho', '해커스어학연구소(Hackers)', '9788965424772', 2024);
INSERT INTO Book (book_id, title, author, publisher, isbn, published_date) VALUES (83, '찬란한 멸종', '이정모', '다산북스', '9791130655017', 2024);
INSERT INTO Book (book_id, title, author, publisher, isbn, published_date) VALUES (84, '꽃길이 따로 있나, 내 삶이 꽃인 것을', '오평선', '포레스트북스', '9791193506394', 2024);
INSERT INTO Book (book_id, title, author, publisher, isbn, published_date) VALUES (85, '원피스 108', '오다 에이치로', '대원씨아이(만화)', '9791172039448', 2024);
INSERT INTO Book (book_id, title, author, publisher, isbn, published_date) VALUES (86, '즐거운 어른', '이옥선', '이야기장수', '9791194184034', 2024);
INSERT INTO Book (book_id, title, author, publisher, isbn, published_date) VALUES (87, '감정의 이해', '엠마 헵번', '포레스트북스', '9791193506455', 2024);
INSERT INTO Book (book_id, title, author, publisher, isbn, published_date) VALUES (88, '딕테', '차학경', '문학사상', '9788970123103', 2024);
INSERT INTO Book (book_id, title, author, publisher, isbn, published_date) VALUES (89, '죽음의 수용소에서', '빅터 프랭클', '청아출판사', '9788936811549', 2020);
INSERT INTO Book (book_id, title, author, publisher, isbn, published_date) VALUES (90, '흔한남매 17', '흔한남매', '미래엔아이세움', '9791168418844', 2024);
INSERT INTO Book (book_id, title, author, publisher, isbn, published_date) VALUES (91, '내가 한 말을 내가 오해하지 않기로 함', '문상훈', '위너스북', '9791189352745', 2024);
INSERT INTO Book (book_id, title, author, publisher, isbn, published_date) VALUES (92, '던전밥 14', '쿠이 료코', '㈜소미미디어', '9791138482769', 2024);
INSERT INTO Book (book_id, title, author, publisher, isbn, published_date) VALUES (93, '룩 백', '후지모토 타츠키', '학산문화사(만화)', '9791168761841', 2022);
INSERT INTO Book (book_id, title, author, publisher, isbn, published_date) VALUES (94, '세상은 이야기로 만들어졌다', '자미라 엘 우아실.프리데만 카릭', '원더박스', '9791192953151', 2023);
INSERT INTO Book (book_id, title, author, publisher, isbn, published_date) VALUES (95, '혼자일 수 없다면 나아갈 수 없다', '프리드리히 니체', '포레스트북스', '9791193506387', 2024);
INSERT INTO Book (book_id, title, author, publisher, isbn, published_date) VALUES (96, '나는 왜 남들보다 쉽게 지칠까', '최재훈', '서스테인', '9791193388075', 2024);
INSERT INTO Book (book_id, title, author, publisher, isbn, published_date) VALUES (97, '인간 실격', '다자이 오사무', '민음사', '9788937461033', 2004);
INSERT INTO Book (book_id, title, author, publisher, isbn, published_date) VALUES (98, '박태웅의 AI 강의 2025', '박태웅', '한빛비즈', '9791157847679', 2024);
INSERT INTO Book (book_id, title, author, publisher, isbn, published_date) VALUES (99, '내 여자의 열매', '한강', '문학과지성사', '9788932034829', 2018);
INSERT INTO Book (book_id, title, author, publisher, isbn, published_date) VALUES (100, '내면소통', '김주환', '인플루엔셜(주)', '9791168340855', 2023);
INSERT INTO Book (book_id, title, author, publisher, isbn, published_date) VALUES (101, '나는 다정한 관찰자가 되기로 했다', '이은경', '서교책방', '9791198752406', 2024);
INSERT INTO Book (book_id, title, author, publisher, isbn, published_date) VALUES (102, '사라진 것들', '앤드루 포터', '문학동네', '9788954697354', 2024);
INSERT INTO Book (book_id, title, author, publisher, isbn, published_date) VALUES (103, '싯다르타', '헤르만 헤세', '민음사', '9788937460586', 2002);
INSERT INTO Book (book_id, title, author, publisher, isbn, published_date) VALUES (104, '급류', '정대건', '민음사', '9788937473401', 2022);
INSERT INTO Book (book_id, title, author, publisher, isbn, published_date) VALUES (105, '누군가를 이토록 사랑한 적', '이병률', '문학과지성사', '9788932042725', 2024);
INSERT INTO Book (book_id, title, author, publisher, isbn, published_date) VALUES (106, '무례한 친구가 생겼어요', '크리스티나 퍼니발', '리틀포레스트', '9791193506332', 2024);
INSERT INTO Book (book_id, title, author, publisher, isbn, published_date) VALUES (107, '푸른 들판을 걷다', '클레어 키건', '다산책방', '9791130654621', 2024);
INSERT INTO Book (book_id, title, author, publisher, isbn, published_date) VALUES (108, '내 언어의 한계는 내 세계의 한계이다', '김종원', '마인드셋', '9791194072003', 2024);
INSERT INTO Book (book_id, title, author, publisher, isbn, published_date) VALUES (109, '죽이고 싶은 아이', '이꽃님', '우리학교', '9791190337755', 2021);
INSERT INTO Book (book_id, title, author, publisher, isbn, published_date) VALUES (110, '음악소설집 音樂小說集', '김애란 외', '프란츠', '9791197325892', 2024);
INSERT INTO Book (book_id, title, author, publisher, isbn, published_date) VALUES (111, '데미안', '헤르만 헤세', '민음사', '9788937460449', 2000);
INSERT INTO Book (book_id, title, author, publisher, isbn, published_date) VALUES (112, '홍학의 자리', '정해연', '엘릭시르', '9788954681155', 2021);
INSERT INTO Book (book_id, title, author, publisher, isbn, published_date) VALUES (113, '내가 생각한 인생이 아니야', '류시화', '수오서재', '9791193238172', 2023);
INSERT INTO Book (book_id, title, author, publisher, isbn, published_date) VALUES (114, '강인함의 힘', '스티브 매그니스', '상상스퀘어', '9791192389776', 2024);
INSERT INTO Book (book_id, title, author, publisher, isbn, published_date) VALUES (115, '쿠이 료코 낙서집 데이드림 아워', '쿠이 료코', '㈜소미미디어', '9791138483162', 2024);
INSERT INTO Book (book_id, title, author, publisher, isbn, published_date) VALUES (116, '여름을 한 입 베어 물었더니', '이꽃님', '문학동네', '9788954694575', 2023);
INSERT INTO Book (book_id, title, author, publisher, isbn, published_date) VALUES (117, '검은 사슴', '한강', '문학동네', '9788954648905', 2017);
INSERT INTO Book (book_id, title, author, publisher, isbn, published_date) VALUES (118, '어른의 행복은 조용하다', '태수', '페이지2(page2)', '9791169851053', 2024);
INSERT INTO Book (book_id, title, author, publisher, isbn, published_date) VALUES (119, '로봇 드림', '사라 바론', '놀', '9791130651309', 2024);
INSERT INTO Book (book_id, title, author, publisher, isbn, published_date) VALUES (120, '나는 행복한 푸바오 할부지입니다', '강철원', '시공사', '9791171251179', 2024);
INSERT INTO Book (book_id, title, author, publisher, isbn, published_date) VALUES (121, '해피버쓰데이', '백희나', 'Storybowl(스토리보울)', '9791198807281', 2024);
INSERT INTO Book (book_id, title, author, publisher, isbn, published_date) VALUES (122, 'JLPT 일본어능력시험 한권으로 끝내기 N3', '이치우. 기타지마 치즈코', '다락원', '9788927712435', 2021);
INSERT INTO Book (book_id, title, author, publisher, isbn, published_date) VALUES (123, '어떤 어른', '김소영', '사계절', '9791169813419', 2024);
INSERT INTO Book (book_id, title, author, publisher, isbn, published_date) VALUES (124, '던전밥 13', '쿠이 료코', '㈜소미미디어', '9791138481762', 2024);
INSERT INTO Book (book_id, title, author, publisher, isbn, published_date) VALUES (125, '나에게 들려주는 예쁜 말', '김종원', '상상아이(상상아카데미)', '9791193379158', 2024);
INSERT INTO Book (book_id, title, author, publisher, isbn, published_date) VALUES (126, '해커스 일본어 첫걸음 : 기초 20일 독학 완성!', '해커스JLPT연구소', '해커스어학연구소(Hackers)', '9788965424215', 2024);
INSERT INTO Book (book_id, title, author, publisher, isbn, published_date) VALUES (127, '주아쌤의 툭 치면 탁 나오는 영어회화 (특별 부록 한정판)', '주아쌤', '몽스북', '9791191401981', 2024);
INSERT INTO Book (book_id, title, author, publisher, isbn, published_date) VALUES (128, '원피스 107', '오다 에이이치로', '대원씨아이(만화)', '9791171723331', 2024);
INSERT INTO Book (book_id, title, author, publisher, isbn, published_date) VALUES (129, '트렌드 코리아 2024', '김난도 외', '미래의창', '9788959897179', 2023);
INSERT INTO Book (book_id, title, author, publisher, isbn, published_date) VALUES (130, '하이큐!! 매거진 2024 MAY', '후루다테 하루이치', '대원씨아이(만화)', '9791172450021', 2024);
INSERT INTO Book (book_id, title, author, publisher, isbn, published_date) VALUES (131, '극락가 2', '사노 유토', '대원씨아이(만화)', '9791142302558', 2024);
INSERT INTO Book (book_id, title, author, publisher, isbn, published_date) VALUES (132, '삶이 흔들릴 때 뇌과학을 읽습니다', '이케가야 유지', '힉스', '9791198704504', 2024);
INSERT INTO Book (book_id, title, author, publisher, isbn, published_date) VALUES (133, '나의 히어로 아카데미아 41 (트리플 특장판)', '호리코시 코헤이', '서울미디어코믹스(서울문화사)', '9791136793959', 2024);
INSERT INTO Book (book_id, title, author, publisher, isbn, published_date) VALUES (134, '나의 인생만사 답사기', '유홍준', '창비', '9788936480608', 2024);
INSERT INTO Book (book_id, title, author, publisher, isbn, published_date) VALUES (135, '유목민의 투자의 정석', '유목민', '리더스북', '9788901279282', 2024);
INSERT INTO Book (book_id, title, author, publisher, isbn, published_date) VALUES (136, '긴긴밤', '루리', '문학동네', '9788954677158', 2021);
INSERT INTO Book (book_id, title, author, publisher, isbn, published_date) VALUES (137, '흔한남매 18', '흔한남매', '미래엔아이세움', '9791173114038', 2024);
INSERT INTO Book (book_id, title, author, publisher, isbn, published_date) VALUES (138, '사랑을 무게로 안 느끼게', '박완서', '세계사', '9788933872352', 2024);
INSERT INTO Book (book_id, title, author, publisher, isbn, published_date) VALUES (139, '달리기를 말할 때 내가 하고 싶은 이야기', '무라카미 하루키', '문학사상', '9788970128337', 2009);
INSERT INTO Book (book_id, title, author, publisher, isbn, published_date) VALUES (140, '질병 해방', '피터 아티아.빌 기퍼드', '부키', '9791193528129', 2024);
INSERT INTO Book (book_id, title, author, publisher, isbn, published_date) VALUES (141, '철학은 날씨를 바꾼다', '서동욱', '김영사', '9788934971351', 2024);
INSERT INTO Book (book_id, title, author, publisher, isbn, published_date) VALUES (142, '원피스 109', '오다 에이치로', '대원씨아이(만화)', '9791172884925', 2024);
INSERT INTO Book (book_id, title, author, publisher, isbn, published_date) VALUES (143, '일본어 문법 무작정 따라하기', '후지이 아사리', '길벗이지톡', '9791140702978', 2023);
INSERT INTO Book (book_id, title, author, publisher, isbn, published_date) VALUES (144, '용선생 교과서 세계사 1', '사회평론 역사연구소', '사회평론', '9791162733189', 2023);
INSERT INTO Book (book_id, title, author, publisher, isbn, published_date) VALUES (145, '인생은 순간이다', '김성근', '다산북스', '9791130648385', 2023);
INSERT INTO Book (book_id, title, author, publisher, isbn, published_date) VALUES (146, '컨셉 수업', '호소다 다카히로', '알에이치코리아(RHK)', '9788925575438', 2024);
INSERT INTO Book (book_id, title, author, publisher, isbn, published_date) VALUES (147, '물질의 세계', '에드 콘웨이', '인플루엔셜(주)', '9791168341746', 2024);
INSERT INTO Book (book_id, title, author, publisher, isbn, published_date) VALUES (148, '지적 대화를 위한 넓고 얕은 지식 무한', '채사장', '웨일북', '9791192097978', 2024);
INSERT INTO Book (book_id, title, author, publisher, isbn, published_date) VALUES (149, '한 권으로 끝내는 해커스 토익 700+ (LC+RC+VOCA)', '해커스어학연구소', '해커스어학연구소(Hackers)', '9788965424628', 2023);
INSERT INTO Book (book_id, title, author, publisher, isbn, published_date) VALUES (150, '생각의 연금술', '제임스 알렌', '포레스트북스', '9791193506844', 2024);
INSERT INTO Book (book_id, title, author, publisher, isbn, published_date) VALUES (151, '시한부', '백은별', '바른북스', '9791193647646', 2024);
INSERT INTO Book (book_id, title, author, publisher, isbn, published_date) VALUES (152, '푸바오, 언제나 사랑해', '강철원', '시공주니어', '9791171253128', 2024);
INSERT INTO Book (book_id, title, author, publisher, isbn, published_date) VALUES (153, '인생의 의미', '토마스 힐란드 에릭센', '더퀘스트', '9791140710690', 2024);
INSERT INTO Book (book_id, title, author, publisher, isbn, published_date) VALUES (154, '이은경쌤의 초등어휘일력 365 (스프링)', '이은경', '포레스트북스', '9791192625300', 2022);
INSERT INTO Book (book_id, title, author, publisher, isbn, published_date) VALUES (155, '신화의 숲', '김헌', '포레스트북스', '9791193506448', 2024);
INSERT INTO Book (book_id, title, author, publisher, isbn, published_date) VALUES (156, '지박소년 하나코 군 21', '아이다이로', '서울미디어코믹스(서울문화사)', '9791136784605', 2024);
INSERT INTO Book (book_id, title, author, publisher, isbn, published_date) VALUES (157, '철학의 쓸모', '로랑스 드빌레르', 'FIKA(피카)', '9791193866146', 2024);
INSERT INTO Book (book_id, title, author, publisher, isbn, published_date) VALUES (158, '제철 행복', '김신지', '인플루엔셜(주)', '9791168341890', 2024);
INSERT INTO Book (book_id, title, author, publisher, isbn, published_date) VALUES (159, '어떻게 살 것인가', '이광수', '이든하우스', '9791198564139', 2024);
INSERT INTO Book (book_id, title, author, publisher, isbn, published_date) VALUES (160, '오십에 읽는 주역', '강기진', '유노북스', '9791192300917', 2023);
INSERT INTO Book (book_id, title, author, publisher, isbn, published_date) VALUES (161, '일본어 상용한자 무작정 따라하기 1', '권경배', '길벗이지톡', '9791140703050', 2023);
INSERT INTO Book (book_id, title, author, publisher, isbn, published_date) VALUES (162, '세계를 건너 너에게 갈게', '이꽃님', '문학동네', '9788954650212', 2018);
INSERT INTO Book (book_id, title, author, publisher, isbn, published_date) VALUES (163, '키위엔 영어회화 하루 5분의 기적', '박강준', '키위엔', '9791198002907', 2022);
INSERT INTO Book (book_id, title, author, publisher, isbn, published_date) VALUES (164, '삼체 1부 : 삼체문제', '류츠신', '자음과모음', '9788954442695', 2022);
INSERT INTO Book (book_id, title, author, publisher, isbn, published_date) VALUES (165, '괴수 8호 side B 1', '히다노 켄타로', '서울미디어코믹스(서울문화사)', '9791136789891', 2024);
INSERT INTO Book (book_id, title, author, publisher, isbn, published_date) VALUES (166, '일의 감각', '조수용', 'B Media Company', '9791193383193', 2024);
INSERT INTO Book (book_id, title, author, publisher, isbn, published_date) VALUES (167, '아주 세속적인 지혜', '발타자르 그라시안', '페이지2(page2)', '9791169850179', 2023);
INSERT INTO Book (book_id, title, author, publisher, isbn, published_date) VALUES (168, '고양이 해결사 깜냥 7', '홍민정', '창비', '9788936448752', 2024);
INSERT INTO Book (book_id, title, author, publisher, isbn, published_date) VALUES (169, '빨간내복야코 맞춤법 절대 안 틀리는 책 1', '오차', '위즈덤하우스', '9791171711451', 2024);
INSERT INTO Book (book_id, title, author, publisher, isbn, published_date) VALUES (170, '나는 배당투자로 매일 스타벅스 커피를 공짜로 마신다', '송민섭', '21세기북스', '9791171171989', 2023);
INSERT INTO Book (book_id, title, author, publisher, isbn, published_date) VALUES (171, '아주 작은 대화의 기술', '레일 라운즈', '현대지성', '9791139716795', 2024);
INSERT INTO Book (book_id, title, author, publisher, isbn, published_date) VALUES (172, '해독 혁명', '닥터 라이블리', '웅진지식하우스', '9788901285146', 2024);
INSERT INTO Book (book_id, title, author, publisher, isbn, published_date) VALUES (173, '김재우의 영어회화 100', '김재우', '상상스퀘어', '9791192389172', 2023);
INSERT INTO Book (book_id, title, author, publisher, isbn, published_date) VALUES (174, '수레바퀴 아래서 (오리지널 초판본 표지디자인)', '헤르만 헤세', '코너스톤', '9791187011606', 2017);
INSERT INTO Book (book_id, title, author, publisher, isbn, published_date) VALUES (175, '마흔에 읽는 쇼펜하우어 (리커버, 200쇄 기념 확장판)', '강용수', '유노북스', '9791192300818', 2023);
INSERT INTO Book (book_id, title, author, publisher, isbn, published_date) VALUES (176, '숙론', '최재천', '김영사', '9788934950196', 2024);
INSERT INTO Book (book_id, title, author, publisher, isbn, published_date) VALUES (177, '삐뽀삐뽀 119 소아과 (개정13판)', '하정훈', '유니책방', '9791195795505', 2024);
INSERT INTO Book (book_id, title, author, publisher, isbn, published_date) VALUES (178, '어두울 때에야 보이는 것들이 있습니다', '슈테판 츠바이크', '다산초당', '9791130657462', 2024);
INSERT INTO Book (book_id, title, author, publisher, isbn, published_date) VALUES (179, '부자 아빠 가난한 아빠 1 (20주년 특별 기념판)', '로버트 기요사키', '민음인', '9791158883591', 2018);
INSERT INTO Book (book_id, title, author, publisher, isbn, published_date) VALUES (180, '말하지 않으면 인생은 바뀌지 않는다', '샘 혼', '서삼독', '9791193904046', 2024);
INSERT INTO Book (book_id, title, author, publisher, isbn, published_date) VALUES (181, '웡카', '시빌 파운더', '시공주니어', '9791171252565', 2024);
INSERT INTO Book (book_id, title, author, publisher, isbn, published_date) VALUES (182, '비트코인 슈퍼 사이클', '신민철', '(주)거인의정원', '9791198252487', 2024);
INSERT INTO Book (book_id, title, author, publisher, isbn, published_date) VALUES (183, '프로젝트 헤일메리', '앤디 위어', '알에이치코리아(RHK)', '9788925588735', 2021);
INSERT INTO Book (book_id, title, author, publisher, isbn, published_date) VALUES (184, '감정 호텔', '리디아 브란코비치', '책읽는곰', '9791158364519', 2024);
INSERT INTO Book (book_id, title, author, publisher, isbn, published_date) VALUES (185, '메리골드 마음 사진관', '윤정은', '북로망스', '9791198530325', 2024);
INSERT INTO Book (book_id, title, author, publisher, isbn, published_date) VALUES (186, '철도원 삼대', '황석영', '창비', '9788936434434', 2020);
INSERT INTO Book (book_id, title, author, publisher, isbn, published_date) VALUES (187, '빛이 이끄는 곳으로', '백희성', '북로망스', '9791193937198', 2024);
INSERT INTO Book (book_id, title, author, publisher, isbn, published_date) VALUES (188, '율의 시선 (반양장)', '김민서', '창비', '9788936457259', 2024);
INSERT INTO Book (book_id, title, author, publisher, isbn, published_date) VALUES (189, '회복탄력성 (15만부 기념 리커버)', '김주환', '위즈덤하우스', '9791189938772', 2019);
INSERT INTO Book (book_id, title, author, publisher, isbn, published_date) VALUES (190, '침묵을 배우는 시간', '코르넬리아 토프', '서교책방', '9791198752444', 2024);
INSERT INTO Book (book_id, title, author, publisher, isbn, published_date) VALUES (191, '아주 작은 습관의 힘', '제임스 클리어', '비즈니스북스', '9791162540640', 2019);
INSERT INTO Book (book_id, title, author, publisher, isbn, published_date) VALUES (192, '가난한 아이들은 어떻게 어른이 되는가', '강지나', '돌베개', '9791192836355', 2023);
INSERT INTO Book (book_id, title, author, publisher, isbn, published_date) VALUES (193, '28시간에 끝내는 토익스피킹 스타트', '황인기.시원스쿨 어학연구소', '시원스쿨LAB', '9791186858387', 2025);
INSERT INTO Book (book_id, title, author, publisher, isbn, published_date) VALUES (194, '왜 당신은 다른 사람을 위해 살고 있는가', '고윤', '딥앤와이드(Deep&WIde)', '9791191369540', 2024);
INSERT INTO Book (book_id, title, author, publisher, isbn, published_date) VALUES (195, '츠츠츠츠', '이지은', '사계절', '9791169812085', 2024);
INSERT INTO Book (book_id, title, author, publisher, isbn, published_date) VALUES (196, '깨진 틈이 있어야 그 사이로 빛이 들어온다', '프리드리히 니체', '페이지2(page2)', '9791169850681', 2024);
INSERT INTO Book (book_id, title, author, publisher, isbn, published_date) VALUES (197, '동사 X 전치사 도감', '권은희', '길벗이지톡', '9791140709960', 2024);
INSERT INTO Book (book_id, title, author, publisher, isbn, published_date) VALUES (198, '1984 (오리지널 초판본 표지 디자인)', '조지 오웰', '코너스톤', '9791190669238', 2020);
INSERT INTO Book (book_id, title, author, publisher, isbn, published_date) VALUES (199, 'JLPT 일본어능력시험 한권으로 끝내기 N2', '이치우.기타지마 치즈코', '다락원', '9788927712428', 2021);
INSERT INTO Book (book_id, title, author, publisher, isbn, published_date) VALUES (200, '가난한 찰리의 연감', '찰리 멍거', '김영사', '9788934911388', 2024);

-- UsedBook 테이블 데이터
INSERT INTO UsedBook (used_book_id, book_id, price, registered_date, status) VALUES (1, 1, 13500, '2015-06-29 08:41:51', '판매중');
INSERT INTO UsedBook (used_book_id, book_id, price, registered_date, status) VALUES (2, 1, 13500, '2018-08-20 19:27:50', '판매완료');
INSERT INTO UsedBook (used_book_id, book_id, price, registered_date, status) VALUES (3, 1, 13500, '2019-03-14 15:06:42', '판매완료');
INSERT INTO UsedBook (used_book_id, book_id, price, registered_date, status) VALUES (4, 1, 13500, '2019-10-19 07:25:26', '판매완료');
INSERT INTO UsedBook (used_book_id, book_id, price, registered_date, status) VALUES (5, 1, 13500, '2022-01-17 20:33:24', '판매중');
INSERT INTO UsedBook (used_book_id, book_id, price, registered_date, status) VALUES (6, 2, 15120, '2024-04-21 01:51:08', '판매완료');
INSERT INTO UsedBook (used_book_id, book_id, price, registered_date, status) VALUES (7, 2, 15120, '2025-04-08 03:51:28', '판매완료');
INSERT INTO UsedBook (used_book_id, book_id, price, registered_date, status) VALUES (8, 2, 15120, '2022-02-22 01:41:25', '판매중');
INSERT INTO UsedBook (used_book_id, book_id, price, registered_date, status) VALUES (9, 2, 15120, '2024-04-14 16:56:43', '판매완료');
INSERT INTO UsedBook (used_book_id, book_id, price, registered_date, status) VALUES (10, 2, 15120, '2025-01-21 03:47:49', '판매완료');
INSERT INTO UsedBook (used_book_id, book_id, price, registered_date, status) VALUES (11, 3, 15300, '2024-06-23 06:33:20', '판매중');
INSERT INTO UsedBook (used_book_id, book_id, price, registered_date, status) VALUES (12, 3, 15300, '2024-08-30 07:34:40', '판매완료');
INSERT INTO UsedBook (used_book_id, book_id, price, registered_date, status) VALUES (13, 3, 15300, '2022-11-02 21:49:16', '판매완료');
INSERT INTO UsedBook (used_book_id, book_id, price, registered_date, status) VALUES (14, 3, 15300, '2023-10-10 07:46:36', '판매완료');
INSERT INTO UsedBook (used_book_id, book_id, price, registered_date, status) VALUES (15, 3, 15300, '2023-05-30 19:00:47', '판매중');
INSERT INTO UsedBook (used_book_id, book_id, price, registered_date, status) VALUES (16, 4, 13050, '2025-05-29 06:22:54', '판매완료');
INSERT INTO UsedBook (used_book_id, book_id, price, registered_date, status) VALUES (17, 4, 13050, '2025-05-29 20:44:51', '판매완료');
INSERT INTO UsedBook (used_book_id, book_id, price, registered_date, status) VALUES (18, 4, 13050, '2025-05-18 00:49:22', '판매중');
INSERT INTO UsedBook (used_book_id, book_id, price, registered_date, status) VALUES (19, 4, 13050, '2025-05-29 18:58:03', '판매완료');
INSERT INTO UsedBook (used_book_id, book_id, price, registered_date, status) VALUES (20, 4, 13050, '2025-05-29 08:17:14', '판매완료');
INSERT INTO UsedBook (used_book_id, book_id, price, registered_date, status) VALUES (21, 5, 17820, '2024-04-26 13:50:28', '판매중');
INSERT INTO UsedBook (used_book_id, book_id, price, registered_date, status) VALUES (22, 5, 17820, '2025-01-31 09:35:06', '판매중');
INSERT INTO UsedBook (used_book_id, book_id, price, registered_date, status) VALUES (23, 5, 17820, '2025-01-04 23:15:29', '판매중');
INSERT INTO UsedBook (used_book_id, book_id, price, registered_date, status) VALUES (24, 5, 17820, '2025-03-07 04:59:11', '판매완료');
INSERT INTO UsedBook (used_book_id, book_id, price, registered_date, status) VALUES (25, 5, 17820, '2024-10-19 20:47:50', '판매중');
INSERT INTO UsedBook (used_book_id, book_id, price, registered_date, status) VALUES (26, 6, 17820, '2025-05-06 14:51:12', '판매중');
INSERT INTO UsedBook (used_book_id, book_id, price, registered_date, status) VALUES (27, 6, 17820, '2024-05-07 13:09:13', '판매완료');
INSERT INTO UsedBook (used_book_id, book_id, price, registered_date, status) VALUES (28, 6, 17820, '2024-10-16 22:58:53', '판매완료');
INSERT INTO UsedBook (used_book_id, book_id, price, registered_date, status) VALUES (29, 6, 17820, '2024-04-24 19:25:47', '판매중');
INSERT INTO UsedBook (used_book_id, book_id, price, registered_date, status) VALUES (30, 6, 17820, '2025-01-15 20:32:22', '판매중');
INSERT INTO UsedBook (used_book_id, book_id, price, registered_date, status) VALUES (31, 7, 12420, '2025-05-09 12:37:13', '판매중');
INSERT INTO UsedBook (used_book_id, book_id, price, registered_date, status) VALUES (32, 7, 12420, '2025-04-08 11:59:28', '판매중');
INSERT INTO UsedBook (used_book_id, book_id, price, registered_date, status) VALUES (33, 7, 12420, '2025-01-19 16:38:01', '판매완료');
INSERT INTO UsedBook (used_book_id, book_id, price, registered_date, status) VALUES (34, 7, 12420, '2024-11-20 12:54:41', '판매중');
INSERT INTO UsedBook (used_book_id, book_id, price, registered_date, status) VALUES (35, 7, 12420, '2025-01-04 00:45:29', '판매중');
INSERT INTO UsedBook (used_book_id, book_id, price, registered_date, status) VALUES (36, 8, 10800, '2018-04-02 10:52:16', '판매완료');
INSERT INTO UsedBook (used_book_id, book_id, price, registered_date, status) VALUES (37, 8, 10800, '2022-04-04 05:39:10', '판매완료');
INSERT INTO UsedBook (used_book_id, book_id, price, registered_date, status) VALUES (38, 8, 10800, '2014-06-20 21:51:16', '판매중');
INSERT INTO UsedBook (used_book_id, book_id, price, registered_date, status) VALUES (39, 8, 10800, '2025-01-26 03:14:24', '판매중');
INSERT INTO UsedBook (used_book_id, book_id, price, registered_date, status) VALUES (40, 8, 10800, '2025-02-20 21:05:13', '판매중');
INSERT INTO UsedBook (used_book_id, book_id, price, registered_date, status) VALUES (41, 9, 15120, '2024-11-11 01:30:12', '판매완료');
INSERT INTO UsedBook (used_book_id, book_id, price, registered_date, status) VALUES (42, 9, 15120, '2025-03-05 14:12:22', '판매완료');
INSERT INTO UsedBook (used_book_id, book_id, price, registered_date, status) VALUES (43, 9, 15120, '2025-05-24 00:37:17', '판매완료');
INSERT INTO UsedBook (used_book_id, book_id, price, registered_date, status) VALUES (44, 9, 15120, '2024-11-12 16:09:32', '판매중');
INSERT INTO UsedBook (used_book_id, book_id, price, registered_date, status) VALUES (45, 9, 15120, '2024-09-12 12:26:01', '판매완료');
INSERT INTO UsedBook (used_book_id, book_id, price, registered_date, status) VALUES (46, 10, 22500, '2024-12-30 08:53:17', '판매완료');
INSERT INTO UsedBook (used_book_id, book_id, price, registered_date, status) VALUES (47, 10, 22500, '2025-04-30 02:41:43', '판매완료');
INSERT INTO UsedBook (used_book_id, book_id, price, registered_date, status) VALUES (48, 10, 22500, '2024-06-05 06:17:11', '판매완료');
INSERT INTO UsedBook (used_book_id, book_id, price, registered_date, status) VALUES (49, 10, 22500, '2025-01-26 01:57:33', '판매완료');
INSERT INTO UsedBook (used_book_id, book_id, price, registered_date, status) VALUES (50, 10, 22500, '2024-07-05 09:27:25', '판매완료');
INSERT INTO UsedBook (used_book_id, book_id, price, registered_date, status) VALUES (51, 11, 6480, '2024-12-17 15:03:31', '판매완료');
INSERT INTO UsedBook (used_book_id, book_id, price, registered_date, status) VALUES (52, 11, 6480, '2023-09-19 04:19:25', '판매완료');
INSERT INTO UsedBook (used_book_id, book_id, price, registered_date, status) VALUES (53, 11, 6480, '2023-11-23 06:40:12', '판매중');
INSERT INTO UsedBook (used_book_id, book_id, price, registered_date, status) VALUES (54, 11, 6480, '2024-03-16 22:26:04', '판매완료');
INSERT INTO UsedBook (used_book_id, book_id, price, registered_date, status) VALUES (55, 11, 6480, '2024-12-17 06:54:47', '판매중');
INSERT INTO UsedBook (used_book_id, book_id, price, registered_date, status) VALUES (56, 12, 11700, '2024-08-03 02:25:00', '판매완료');
INSERT INTO UsedBook (used_book_id, book_id, price, registered_date, status) VALUES (57, 12, 11700, '2013-04-11 08:25:56', '판매완료');
INSERT INTO UsedBook (used_book_id, book_id, price, registered_date, status) VALUES (58, 12, 11700, '2022-01-30 03:14:43', '판매완료');
INSERT INTO UsedBook (used_book_id, book_id, price, registered_date, status) VALUES (59, 12, 11700, '2021-04-06 10:57:45', '판매완료');
INSERT INTO UsedBook (used_book_id, book_id, price, registered_date, status) VALUES (60, 12, 11700, '2018-09-20 06:07:46', '판매완료');
INSERT INTO UsedBook (used_book_id, book_id, price, registered_date, status) VALUES (61, 13, 18000, '2025-04-19 18:55:05', '판매중');
INSERT INTO UsedBook (used_book_id, book_id, price, registered_date, status) VALUES (62, 13, 18000, '2025-04-19 07:39:35', '판매완료');
INSERT INTO UsedBook (used_book_id, book_id, price, registered_date, status) VALUES (63, 13, 18000, '2025-05-28 14:26:20', '판매중');
INSERT INTO UsedBook (used_book_id, book_id, price, registered_date, status) VALUES (64, 13, 18000, '2025-05-01 05:47:47', '판매완료');
INSERT INTO UsedBook (used_book_id, book_id, price, registered_date, status) VALUES (65, 13, 18000, '2025-01-11 18:25:07', '판매중');
INSERT INTO UsedBook (used_book_id, book_id, price, registered_date, status) VALUES (66, 14, 11610, '2025-02-22 21:29:26', '판매완료');
INSERT INTO UsedBook (used_book_id, book_id, price, registered_date, status) VALUES (67, 14, 11610, '2025-02-28 08:39:16', '판매완료');
INSERT INTO UsedBook (used_book_id, book_id, price, registered_date, status) VALUES (68, 14, 11610, '2025-05-22 14:26:03', '판매중');
INSERT INTO UsedBook (used_book_id, book_id, price, registered_date, status) VALUES (69, 14, 11610, '2025-05-08 10:38:30', '판매완료');
INSERT INTO UsedBook (used_book_id, book_id, price, registered_date, status) VALUES (70, 14, 11610, '2025-04-06 03:37:41', '판매중');
INSERT INTO UsedBook (used_book_id, book_id, price, registered_date, status) VALUES (71, 15, 11700, '2020-07-14 00:17:26', '판매완료');
INSERT INTO UsedBook (used_book_id, book_id, price, registered_date, status) VALUES (72, 15, 11700, '2019-06-04 15:56:18', '판매완료');
INSERT INTO UsedBook (used_book_id, book_id, price, registered_date, status) VALUES (73, 15, 11700, '2020-07-03 22:04:51', '판매중');
INSERT INTO UsedBook (used_book_id, book_id, price, registered_date, status) VALUES (74, 15, 11700, '2021-09-27 08:00:31', '판매완료');
INSERT INTO UsedBook (used_book_id, book_id, price, registered_date, status) VALUES (75, 15, 11700, '2016-12-20 03:47:24', '판매완료');
INSERT INTO UsedBook (used_book_id, book_id, price, registered_date, status) VALUES (76, 16, 19800, '2025-02-28 16:08:46', '판매완료');
INSERT INTO UsedBook (used_book_id, book_id, price, registered_date, status) VALUES (77, 16, 19800, '2025-05-01 13:08:19', '판매중');
INSERT INTO UsedBook (used_book_id, book_id, price, registered_date, status) VALUES (78, 16, 19800, '2025-03-20 16:12:21', '판매완료');
INSERT INTO UsedBook (used_book_id, book_id, price, registered_date, status) VALUES (79, 16, 19800, '2025-05-17 15:01:46', '판매중');
INSERT INTO UsedBook (used_book_id, book_id, price, registered_date, status) VALUES (80, 16, 19800, '2025-02-05 18:01:24', '판매중');
INSERT INTO UsedBook (used_book_id, book_id, price, registered_date, status) VALUES (81, 17, 16020, '2024-11-17 23:26:53', '판매중');
INSERT INTO UsedBook (used_book_id, book_id, price, registered_date, status) VALUES (82, 17, 16020, '2025-03-18 00:28:48', '판매완료');
INSERT INTO UsedBook (used_book_id, book_id, price, registered_date, status) VALUES (83, 17, 16020, '2024-11-03 09:14:41', '판매완료');
INSERT INTO UsedBook (used_book_id, book_id, price, registered_date, status) VALUES (84, 17, 16020, '2024-06-11 13:47:25', '판매완료');
INSERT INTO UsedBook (used_book_id, book_id, price, registered_date, status) VALUES (85, 17, 16020, '2024-12-01 12:30:23', '판매완료');
INSERT INTO UsedBook (used_book_id, book_id, price, registered_date, status) VALUES (86, 18, 10800, '2024-06-17 04:28:43', '판매중');
INSERT INTO UsedBook (used_book_id, book_id, price, registered_date, status) VALUES (87, 18, 10800, '2022-08-02 02:34:39', '판매완료');
INSERT INTO UsedBook (used_book_id, book_id, price, registered_date, status) VALUES (88, 18, 10800, '2023-08-31 03:59:49', '판매완료');
INSERT INTO UsedBook (used_book_id, book_id, price, registered_date, status) VALUES (89, 18, 10800, '2024-05-28 13:04:38', '판매중');
INSERT INTO UsedBook (used_book_id, book_id, price, registered_date, status) VALUES (90, 18, 10800, '2022-07-23 10:13:35', '판매완료');
INSERT INTO UsedBook (used_book_id, book_id, price, registered_date, status) VALUES (91, 19, 17820, '2025-02-28 13:14:59', '판매중');
INSERT INTO UsedBook (used_book_id, book_id, price, registered_date, status) VALUES (92, 19, 17820, '2025-05-12 20:56:23', '판매완료');
INSERT INTO UsedBook (used_book_id, book_id, price, registered_date, status) VALUES (93, 19, 17820, '2024-12-11 06:58:31', '판매완료');
INSERT INTO UsedBook (used_book_id, book_id, price, registered_date, status) VALUES (94, 19, 17820, '2025-01-09 01:10:45', '판매중');
INSERT INTO UsedBook (used_book_id, book_id, price, registered_date, status) VALUES (95, 19, 17820, '2025-03-15 23:48:32', '판매완료');
INSERT INTO UsedBook (used_book_id, book_id, price, registered_date, status) VALUES (96, 20, 11700, '2023-09-12 09:41:55', '판매완료');
INSERT INTO UsedBook (used_book_id, book_id, price, registered_date, status) VALUES (97, 20, 11700, '2024-08-12 03:28:12', '판매완료');
INSERT INTO UsedBook (used_book_id, book_id, price, registered_date, status) VALUES (98, 20, 11700, '2024-04-10 04:46:04', '판매완료');
INSERT INTO UsedBook (used_book_id, book_id, price, registered_date, status) VALUES (99, 20, 11700, '2023-10-20 07:32:39', '판매완료');
INSERT INTO UsedBook (used_book_id, book_id, price, registered_date, status) VALUES (100, 20, 11700, '2024-05-22 20:43:21', '판매중');
INSERT INTO UsedBook (used_book_id, book_id, price, registered_date, status) VALUES (101, 21, 45000, '2025-03-23 13:02:22', '판매완료');
INSERT INTO UsedBook (used_book_id, book_id, price, registered_date, status) VALUES (102, 21, 45000, '2024-10-12 09:36:42', '판매중');
INSERT INTO UsedBook (used_book_id, book_id, price, registered_date, status) VALUES (103, 21, 45000, '2025-01-19 22:37:33', '판매중');
INSERT INTO UsedBook (used_book_id, book_id, price, registered_date, status) VALUES (104, 21, 45000, '2025-05-16 22:16:53', '판매완료');
INSERT INTO UsedBook (used_book_id, book_id, price, registered_date, status) VALUES (105, 21, 45000, '2024-12-26 15:09:26', '판매완료');
INSERT INTO UsedBook (used_book_id, book_id, price, registered_date, status) VALUES (106, 22, 15750, '2025-04-19 10:24:21', '판매완료');
INSERT INTO UsedBook (used_book_id, book_id, price, registered_date, status) VALUES (107, 22, 15750, '2024-04-29 17:04:16', '판매완료');
INSERT INTO UsedBook (used_book_id, book_id, price, registered_date, status) VALUES (108, 22, 15750, '2024-10-28 07:11:08', '판매중');
INSERT INTO UsedBook (used_book_id, book_id, price, registered_date, status) VALUES (109, 22, 15750, '2024-10-09 06:26:11', '판매중');
INSERT INTO UsedBook (used_book_id, book_id, price, registered_date, status) VALUES (110, 22, 15750, '2024-04-26 13:07:49', '판매중');
INSERT INTO UsedBook (used_book_id, book_id, price, registered_date, status) VALUES (111, 23, 13320, '2022-09-03 20:01:49', '판매중');
INSERT INTO UsedBook (used_book_id, book_id, price, registered_date, status) VALUES (112, 23, 13320, '2025-02-05 12:38:22', '판매완료');
INSERT INTO UsedBook (used_book_id, book_id, price, registered_date, status) VALUES (113, 23, 13320, '2023-01-27 00:52:51', '판매중');
INSERT INTO UsedBook (used_book_id, book_id, price, registered_date, status) VALUES (114, 23, 13320, '2024-08-28 18:18:37', '판매완료');
INSERT INTO UsedBook (used_book_id, book_id, price, registered_date, status) VALUES (115, 23, 13320, '2016-10-25 11:11:52', '판매완료');
INSERT INTO UsedBook (used_book_id, book_id, price, registered_date, status) VALUES (116, 24, 16200, '2025-04-14 21:29:59', '판매중');
INSERT INTO UsedBook (used_book_id, book_id, price, registered_date, status) VALUES (117, 24, 16200, '2025-02-12 07:56:38', '판매완료');
INSERT INTO UsedBook (used_book_id, book_id, price, registered_date, status) VALUES (118, 24, 16200, '2025-01-05 02:01:26', '판매중');
INSERT INTO UsedBook (used_book_id, book_id, price, registered_date, status) VALUES (119, 24, 16200, '2025-02-12 10:43:50', '판매완료');
INSERT INTO UsedBook (used_book_id, book_id, price, registered_date, status) VALUES (120, 24, 16200, '2025-03-25 09:11:47', '판매중');
INSERT INTO UsedBook (used_book_id, book_id, price, registered_date, status) VALUES (121, 25, 15300, '2024-11-11 09:23:38', '판매중');
INSERT INTO UsedBook (used_book_id, book_id, price, registered_date, status) VALUES (122, 25, 15300, '2025-01-20 20:27:51', '판매완료');
INSERT INTO UsedBook (used_book_id, book_id, price, registered_date, status) VALUES (123, 25, 15300, '2024-08-24 21:16:16', '판매중');
INSERT INTO UsedBook (used_book_id, book_id, price, registered_date, status) VALUES (124, 25, 15300, '2024-08-20 00:14:26', '판매완료');
INSERT INTO UsedBook (used_book_id, book_id, price, registered_date, status) VALUES (125, 25, 15300, '2024-02-20 01:44:36', '판매완료');
INSERT INTO UsedBook (used_book_id, book_id, price, registered_date, status) VALUES (126, 26, 18900, '2025-02-09 14:48:52', '판매중');
INSERT INTO UsedBook (used_book_id, book_id, price, registered_date, status) VALUES (127, 26, 18900, '2024-12-04 21:34:07', '판매완료');
INSERT INTO UsedBook (used_book_id, book_id, price, registered_date, status) VALUES (128, 26, 18900, '2025-01-10 05:42:34', '판매중');
INSERT INTO UsedBook (used_book_id, book_id, price, registered_date, status) VALUES (129, 26, 18900, '2025-03-08 20:56:48', '판매완료');
INSERT INTO UsedBook (used_book_id, book_id, price, registered_date, status) VALUES (130, 26, 18900, '2025-02-13 18:59:02', '판매완료');
INSERT INTO UsedBook (used_book_id, book_id, price, registered_date, status) VALUES (131, 27, 17820, '2025-03-06 17:05:02', '판매중');
INSERT INTO UsedBook (used_book_id, book_id, price, registered_date, status) VALUES (132, 27, 17820, '2025-05-07 08:26:54', '판매완료');
INSERT INTO UsedBook (used_book_id, book_id, price, registered_date, status) VALUES (133, 27, 17820, '2025-04-28 11:10:58', '판매중');
INSERT INTO UsedBook (used_book_id, book_id, price, registered_date, status) VALUES (134, 27, 17820, '2025-04-06 07:37:27', '판매중');
INSERT INTO UsedBook (used_book_id, book_id, price, registered_date, status) VALUES (135, 27, 17820, '2025-05-01 11:39:11', '판매중');
INSERT INTO UsedBook (used_book_id, book_id, price, registered_date, status) VALUES (136, 28, 19800, '2024-11-25 19:49:16', '판매완료');
INSERT INTO UsedBook (used_book_id, book_id, price, registered_date, status) VALUES (137, 28, 19800, '2024-12-18 19:09:58', '판매완료');
INSERT INTO UsedBook (used_book_id, book_id, price, registered_date, status) VALUES (138, 28, 19800, '2024-12-02 11:28:47', '판매중');
INSERT INTO UsedBook (used_book_id, book_id, price, registered_date, status) VALUES (139, 28, 19800, '2025-02-03 12:48:11', '판매완료');
INSERT INTO UsedBook (used_book_id, book_id, price, registered_date, status) VALUES (140, 28, 19800, '2025-01-26 12:29:27', '판매완료');
INSERT INTO UsedBook (used_book_id, book_id, price, registered_date, status) VALUES (141, 29, 16920, '2024-11-22 21:51:21', '판매완료');
INSERT INTO UsedBook (used_book_id, book_id, price, registered_date, status) VALUES (142, 29, 16920, '2024-02-13 04:00:32', '판매완료');
INSERT INTO UsedBook (used_book_id, book_id, price, registered_date, status) VALUES (143, 29, 16920, '2025-05-01 05:11:53', '판매완료');
INSERT INTO UsedBook (used_book_id, book_id, price, registered_date, status) VALUES (144, 29, 16920, '2024-08-03 07:37:39', '판매완료');
INSERT INTO UsedBook (used_book_id, book_id, price, registered_date, status) VALUES (145, 29, 16920, '2024-11-16 07:00:04', '판매중');
INSERT INTO UsedBook (used_book_id, book_id, price, registered_date, status) VALUES (146, 30, 25020, '2025-03-09 13:36:59', '판매완료');
INSERT INTO UsedBook (used_book_id, book_id, price, registered_date, status) VALUES (147, 30, 25020, '2025-04-22 12:50:47', '판매완료');
INSERT INTO UsedBook (used_book_id, book_id, price, registered_date, status) VALUES (148, 30, 25020, '2025-03-16 08:41:56', '판매완료');
INSERT INTO UsedBook (used_book_id, book_id, price, registered_date, status) VALUES (149, 30, 25020, '2025-05-18 18:49:24', '판매완료');
INSERT INTO UsedBook (used_book_id, book_id, price, registered_date, status) VALUES (150, 30, 25020, '2024-11-24 22:42:04', '판매중');
INSERT INTO UsedBook (used_book_id, book_id, price, registered_date, status) VALUES (151, 31, 13320, '2024-11-04 17:39:37', '판매완료');
INSERT INTO UsedBook (used_book_id, book_id, price, registered_date, status) VALUES (152, 31, 13320, '2018-09-26 09:33:42', '판매중');
INSERT INTO UsedBook (used_book_id, book_id, price, registered_date, status) VALUES (153, 31, 13320, '2016-10-04 08:23:39', '판매완료');
INSERT INTO UsedBook (used_book_id, book_id, price, registered_date, status) VALUES (154, 31, 13320, '2023-08-28 13:13:20', '판매완료');
INSERT INTO UsedBook (used_book_id, book_id, price, registered_date, status) VALUES (155, 31, 13320, '2023-04-11 21:44:04', '판매완료');
INSERT INTO UsedBook (used_book_id, book_id, price, registered_date, status) VALUES (156, 32, 23400, '2025-03-13 08:48:29', '판매중');
INSERT INTO UsedBook (used_book_id, book_id, price, registered_date, status) VALUES (157, 32, 23400, '2024-07-14 20:26:02', '판매완료');
INSERT INTO UsedBook (used_book_id, book_id, price, registered_date, status) VALUES (158, 32, 23400, '2024-05-03 22:14:59', '판매중');
INSERT INTO UsedBook (used_book_id, book_id, price, registered_date, status) VALUES (159, 32, 23400, '2025-02-23 19:36:44', '판매완료');
INSERT INTO UsedBook (used_book_id, book_id, price, registered_date, status) VALUES (160, 32, 23400, '2024-08-20 21:04:01', '판매완료');
INSERT INTO UsedBook (used_book_id, book_id, price, registered_date, status) VALUES (161, 33, 19800, '2015-09-15 13:21:19', '판매중');
INSERT INTO UsedBook (used_book_id, book_id, price, registered_date, status) VALUES (162, 33, 19800, '2020-08-07 14:10:14', '판매완료');
INSERT INTO UsedBook (used_book_id, book_id, price, registered_date, status) VALUES (163, 33, 19800, '2024-05-27 03:40:02', '판매완료');
INSERT INTO UsedBook (used_book_id, book_id, price, registered_date, status) VALUES (164, 33, 19800, '2016-01-10 15:16:46', '판매완료');
INSERT INTO UsedBook (used_book_id, book_id, price, registered_date, status) VALUES (165, 33, 19800, '2016-05-13 19:23:42', '판매완료');
INSERT INTO UsedBook (used_book_id, book_id, price, registered_date, status) VALUES (166, 34, 17820, '2025-05-03 19:17:40', '판매완료');
INSERT INTO UsedBook (used_book_id, book_id, price, registered_date, status) VALUES (167, 34, 17820, '2025-04-10 13:51:11', '판매중');
INSERT INTO UsedBook (used_book_id, book_id, price, registered_date, status) VALUES (168, 34, 17820, '2025-02-19 19:19:46', '판매완료');
INSERT INTO UsedBook (used_book_id, book_id, price, registered_date, status) VALUES (169, 34, 17820, '2025-02-08 07:03:59', '판매완료');
INSERT INTO UsedBook (used_book_id, book_id, price, registered_date, status) VALUES (170, 34, 17820, '2024-10-08 16:19:58', '판매완료');
INSERT INTO UsedBook (used_book_id, book_id, price, registered_date, status) VALUES (171, 35, 17550, '2024-10-10 23:53:57', '판매중');
INSERT INTO UsedBook (used_book_id, book_id, price, registered_date, status) VALUES (172, 35, 17550, '2024-08-18 11:39:32', '판매완료');
INSERT INTO UsedBook (used_book_id, book_id, price, registered_date, status) VALUES (173, 35, 17550, '2025-01-09 19:11:45', '판매완료');
INSERT INTO UsedBook (used_book_id, book_id, price, registered_date, status) VALUES (174, 35, 17550, '2024-10-16 20:50:47', '판매완료');
INSERT INTO UsedBook (used_book_id, book_id, price, registered_date, status) VALUES (175, 35, 17550, '2025-05-25 09:30:30', '판매완료');
INSERT INTO UsedBook (used_book_id, book_id, price, registered_date, status) VALUES (176, 36, 18000, '2025-04-13 20:20:54', '판매중');
INSERT INTO UsedBook (used_book_id, book_id, price, registered_date, status) VALUES (177, 36, 18000, '2025-02-25 17:24:49', '판매완료');
INSERT INTO UsedBook (used_book_id, book_id, price, registered_date, status) VALUES (178, 36, 18000, '2025-05-15 01:02:02', '판매완료');
INSERT INTO UsedBook (used_book_id, book_id, price, registered_date, status) VALUES (179, 36, 18000, '2025-04-30 08:40:07', '판매완료');
INSERT INTO UsedBook (used_book_id, book_id, price, registered_date, status) VALUES (180, 36, 18000, '2025-05-21 21:15:02', '판매중');
INSERT INTO UsedBook (used_book_id, book_id, price, registered_date, status) VALUES (181, 37, 16020, '2024-12-01 19:40:10', '판매완료');
INSERT INTO UsedBook (used_book_id, book_id, price, registered_date, status) VALUES (182, 37, 16020, '2024-08-22 08:10:51', '판매완료');
INSERT INTO UsedBook (used_book_id, book_id, price, registered_date, status) VALUES (183, 37, 16020, '2025-04-21 20:21:41', '판매중');
INSERT INTO UsedBook (used_book_id, book_id, price, registered_date, status) VALUES (184, 37, 16020, '2025-01-17 12:58:21', '판매완료');
INSERT INTO UsedBook (used_book_id, book_id, price, registered_date, status) VALUES (185, 37, 16020, '2024-12-26 10:35:27', '판매완료');
INSERT INTO UsedBook (used_book_id, book_id, price, registered_date, status) VALUES (186, 38, 12600, '2023-07-11 07:08:33', '판매완료');
INSERT INTO UsedBook (used_book_id, book_id, price, registered_date, status) VALUES (187, 38, 12600, '2015-11-10 00:48:22', '판매완료');
INSERT INTO UsedBook (used_book_id, book_id, price, registered_date, status) VALUES (188, 38, 12600, '2024-05-24 21:06:43', '판매중');
INSERT INTO UsedBook (used_book_id, book_id, price, registered_date, status) VALUES (189, 38, 12600, '2015-11-30 23:38:16', '판매완료');
INSERT INTO UsedBook (used_book_id, book_id, price, registered_date, status) VALUES (190, 38, 12600, '2025-02-22 16:27:09', '판매중');
INSERT INTO UsedBook (used_book_id, book_id, price, registered_date, status) VALUES (191, 39, 15750, '2024-07-02 01:45:47', '판매완료');
INSERT INTO UsedBook (used_book_id, book_id, price, registered_date, status) VALUES (192, 39, 15750, '2024-01-20 10:34:19', '판매중');
INSERT INTO UsedBook (used_book_id, book_id, price, registered_date, status) VALUES (193, 39, 15750, '2024-03-26 04:17:25', '판매완료');
INSERT INTO UsedBook (used_book_id, book_id, price, registered_date, status) VALUES (194, 39, 15750, '2025-02-02 01:21:23', '판매중');
INSERT INTO UsedBook (used_book_id, book_id, price, registered_date, status) VALUES (195, 39, 15750, '2024-10-30 15:29:10', '판매완료');
INSERT INTO UsedBook (used_book_id, book_id, price, registered_date, status) VALUES (196, 40, 15120, '2024-11-22 05:13:51', '판매완료');
INSERT INTO UsedBook (used_book_id, book_id, price, registered_date, status) VALUES (197, 40, 15120, '2024-12-24 19:35:43', '판매완료');
INSERT INTO UsedBook (used_book_id, book_id, price, registered_date, status) VALUES (198, 40, 15120, '2024-09-26 19:58:40', '판매완료');
INSERT INTO UsedBook (used_book_id, book_id, price, registered_date, status) VALUES (199, 40, 15120, '2025-04-10 06:49:54', '판매완료');
INSERT INTO UsedBook (used_book_id, book_id, price, registered_date, status) VALUES (200, 40, 15120, '2025-01-23 23:03:42', '판매중');
INSERT INTO UsedBook (used_book_id, book_id, price, registered_date, status) VALUES (201, 106, 15030, '2025-04-07 12:54:58', '판매완료');
INSERT INTO UsedBook (used_book_id, book_id, price, registered_date, status) VALUES (202, 91, 17820, '2025-03-19 11:28:41', '판매중');
INSERT INTO UsedBook (used_book_id, book_id, price, registered_date, status) VALUES (203, 66, 16920, '2024-09-27 16:59:50', '판매중');
INSERT INTO UsedBook (used_book_id, book_id, price, registered_date, status) VALUES (204, 13, 18000, '2025-03-05 10:13:55', '판매완료');
INSERT INTO UsedBook (used_book_id, book_id, price, registered_date, status) VALUES (205, 108, 16920, '2025-01-21 21:44:25', '판매중');
INSERT INTO UsedBook (used_book_id, book_id, price, registered_date, status) VALUES (206, 166, 19800, '2025-03-18 20:58:22', '판매완료');
INSERT INTO UsedBook (used_book_id, book_id, price, registered_date, status) VALUES (207, 171, 17910, '2025-01-09 17:24:27', '판매중');
INSERT INTO UsedBook (used_book_id, book_id, price, registered_date, status) VALUES (208, 198, 3960, '2023-08-21 05:13:16', '판매중');
INSERT INTO UsedBook (used_book_id, book_id, price, registered_date, status) VALUES (209, 108, 16920, '2024-11-28 03:40:35', '판매완료');
INSERT INTO UsedBook (used_book_id, book_id, price, registered_date, status) VALUES (210, 135, 25200, '2025-01-26 06:13:52', '판매중');
INSERT INTO UsedBook (used_book_id, book_id, price, registered_date, status) VALUES (211, 77, 15120, '2024-05-18 19:07:14', '판매중');
INSERT INTO UsedBook (used_book_id, book_id, price, registered_date, status) VALUES (212, 78, 16020, '2022-12-26 11:18:44', '판매중');
INSERT INTO UsedBook (used_book_id, book_id, price, registered_date, status) VALUES (213, 165, 5400, '2025-02-14 05:47:08', '판매완료');
INSERT INTO UsedBook (used_book_id, book_id, price, registered_date, status) VALUES (214, 97, 8100, '2020-07-17 06:46:13', '판매중');
INSERT INTO UsedBook (used_book_id, book_id, price, registered_date, status) VALUES (215, 71, 7650, '2025-04-19 21:06:33', '판매중');
INSERT INTO UsedBook (used_book_id, book_id, price, registered_date, status) VALUES (216, 119, 17820, '2024-10-24 01:31:53', '판매중');
INSERT INTO UsedBook (used_book_id, book_id, price, registered_date, status) VALUES (217, 164, 15300, '2022-12-21 00:45:00', '판매중');
INSERT INTO UsedBook (used_book_id, book_id, price, registered_date, status) VALUES (218, 167, 12150, '2024-03-24 23:53:23', '판매중');
INSERT INTO UsedBook (used_book_id, book_id, price, registered_date, status) VALUES (219, 133, 5400, '2025-02-15 12:00:04', '판매완료');
INSERT INTO UsedBook (used_book_id, book_id, price, registered_date, status) VALUES (220, 178, 15120, '2025-05-08 21:03:49', '판매중');
INSERT INTO UsedBook (used_book_id, book_id, price, registered_date, status) VALUES (221, 62, 18000, '2022-06-26 13:30:12', '판매중');
INSERT INTO UsedBook (used_book_id, book_id, price, registered_date, status) VALUES (222, 121, 15300, '2025-05-14 01:22:33', '판매중');
INSERT INTO UsedBook (used_book_id, book_id, price, registered_date, status) VALUES (223, 68, 19800, '2025-01-07 06:11:46', '판매완료');
INSERT INTO UsedBook (used_book_id, book_id, price, registered_date, status) VALUES (224, 38, 12600, '2012-07-04 18:37:27', '판매중');
INSERT INTO UsedBook (used_book_id, book_id, price, registered_date, status) VALUES (225, 122, 24300, '2024-06-19 10:11:27', '판매중');
INSERT INTO UsedBook (used_book_id, book_id, price, registered_date, status) VALUES (226, 80, 10350, '2020-06-04 15:09:59', '판매중');
INSERT INTO UsedBook (used_book_id, book_id, price, registered_date, status) VALUES (227, 182, 22500, '2025-03-23 21:20:20', '판매중');
INSERT INTO UsedBook (used_book_id, book_id, price, registered_date, status) VALUES (228, 14, 11610, '2025-05-28 19:06:45', '판매중');
INSERT INTO UsedBook (used_book_id, book_id, price, registered_date, status) VALUES (229, 139, 13050, '2023-10-24 16:17:40', '판매중');
INSERT INTO UsedBook (used_book_id, book_id, price, registered_date, status) VALUES (230, 178, 15120, '2025-04-27 08:51:43', '판매중');
INSERT INTO UsedBook (used_book_id, book_id, price, registered_date, status) VALUES (231, 52, 12600, '2024-11-10 12:10:06', '판매완료');
INSERT INTO UsedBook (used_book_id, book_id, price, registered_date, status) VALUES (232, 8, 10800, '2020-07-09 04:36:27', '판매완료');
INSERT INTO UsedBook (used_book_id, book_id, price, registered_date, status) VALUES (233, 84, 15120, '2025-02-16 16:34:33', '판매완료');
INSERT INTO UsedBook (used_book_id, book_id, price, registered_date, status) VALUES (234, 136, 11250, '2023-04-03 21:52:18', '판매완료');
INSERT INTO UsedBook (used_book_id, book_id, price, registered_date, status) VALUES (235, 140, 25200, '2025-04-27 00:10:28', '판매중');
INSERT INTO UsedBook (used_book_id, book_id, price, registered_date, status) VALUES (236, 95, 15750, '2025-02-24 04:43:04', '판매중');
INSERT INTO UsedBook (used_book_id, book_id, price, registered_date, status) VALUES (237, 78, 16020, '2022-04-07 12:07:23', '판매중');
INSERT INTO UsedBook (used_book_id, book_id, price, registered_date, status) VALUES (238, 152, 20700, '2024-11-10 18:08:32', '판매중');
INSERT INTO UsedBook (used_book_id, book_id, price, registered_date, status) VALUES (239, 33, 19800, '2025-02-19 14:14:33', '판매중');
INSERT INTO UsedBook (used_book_id, book_id, price, registered_date, status) VALUES (240, 119, 17820, '2024-10-30 09:44:27', '판매중');
INSERT INTO UsedBook (used_book_id, book_id, price, registered_date, status) VALUES (241, 200, 29700, '2025-01-21 03:11:06', '판매중');
INSERT INTO UsedBook (used_book_id, book_id, price, registered_date, status) VALUES (242, 70, 31950, '2024-09-28 20:39:06', '판매중');
INSERT INTO UsedBook (used_book_id, book_id, price, registered_date, status) VALUES (243, 126, 12510, '2024-12-20 01:17:36', '판매완료');
INSERT INTO UsedBook (used_book_id, book_id, price, registered_date, status) VALUES (244, 124, 6300, '2025-02-12 17:07:51', '판매중');
INSERT INTO UsedBook (used_book_id, book_id, price, registered_date, status) VALUES (245, 82, 16920, '2025-04-22 12:35:15', '판매중');
INSERT INTO UsedBook (used_book_id, book_id, price, registered_date, status) VALUES (246, 179, 15300, '2019-09-10 01:37:29', '판매중');
INSERT INTO UsedBook (used_book_id, book_id, price, registered_date, status) VALUES (247, 47, 13500, '2025-02-22 11:51:07', '판매중');
INSERT INTO UsedBook (used_book_id, book_id, price, registered_date, status) VALUES (248, 133, 5400, '2025-02-17 01:35:36', '판매중');
INSERT INTO UsedBook (used_book_id, book_id, price, registered_date, status) VALUES (249, 18, 10800, '2024-11-26 02:11:21', '판매완료');
INSERT INTO UsedBook (used_book_id, book_id, price, registered_date, status) VALUES (250, 85, 4950, '2025-01-14 12:09:03', '판매완료');
INSERT INTO UsedBook (used_book_id, book_id, price, registered_date, status) VALUES (251, 92, 6300, '2025-01-07 16:05:55', '판매중');
INSERT INTO UsedBook (used_book_id, book_id, price, registered_date, status) VALUES (252, 28, 19800, '2024-12-03 16:33:32', '판매중');
INSERT INTO UsedBook (used_book_id, book_id, price, registered_date, status) VALUES (253, 79, 18900, '2022-09-05 11:32:24', '판매중');
INSERT INTO UsedBook (used_book_id, book_id, price, registered_date, status) VALUES (254, 122, 24300, '2023-07-03 03:29:16', '판매중');
INSERT INTO UsedBook (used_book_id, book_id, price, registered_date, status) VALUES (255, 16, 19800, '2025-01-03 11:58:30', '판매중');
INSERT INTO UsedBook (used_book_id, book_id, price, registered_date, status) VALUES (256, 195, 15120, '2025-04-19 19:26:33', '판매중');
INSERT INTO UsedBook (used_book_id, book_id, price, registered_date, status) VALUES (257, 166, 19800, '2025-05-18 22:54:26', '판매완료');
INSERT INTO UsedBook (used_book_id, book_id, price, registered_date, status) VALUES (258, 70, 31950, '2025-05-15 01:18:40', '판매중');
INSERT INTO UsedBook (used_book_id, book_id, price, registered_date, status) VALUES (259, 188, 11700, '2025-04-27 01:13:31', '판매중');
INSERT INTO UsedBook (used_book_id, book_id, price, registered_date, status) VALUES (260, 5, 17820, '2024-06-05 01:33:38', '판매중');
INSERT INTO UsedBook (used_book_id, book_id, price, registered_date, status) VALUES (261, 24, 16200, '2025-02-14 04:07:03', '판매완료');
INSERT INTO UsedBook (used_book_id, book_id, price, registered_date, status) VALUES (262, 101, 16020, '2025-02-20 17:57:12', '판매완료');
INSERT INTO UsedBook (used_book_id, book_id, price, registered_date, status) VALUES (263, 154, 16920, '2024-05-07 21:42:45', '판매중');
INSERT INTO UsedBook (used_book_id, book_id, price, registered_date, status) VALUES (264, 17, 16020, '2024-05-31 04:20:42', '판매완료');
INSERT INTO UsedBook (used_book_id, book_id, price, registered_date, status) VALUES (265, 88, 16200, '2025-04-14 03:45:42', '판매중');
INSERT INTO UsedBook (used_book_id, book_id, price, registered_date, status) VALUES (266, 124, 6300, '2025-04-18 21:28:41', '판매완료');
INSERT INTO UsedBook (used_book_id, book_id, price, registered_date, status) VALUES (267, 179, 15300, '2021-02-14 11:41:23', '판매중');
INSERT INTO UsedBook (used_book_id, book_id, price, registered_date, status) VALUES (268, 116, 11250, '2024-01-23 22:03:49', '판매중');
INSERT INTO UsedBook (used_book_id, book_id, price, registered_date, status) VALUES (269, 88, 16200, '2025-05-25 23:02:46', '판매완료');
INSERT INTO UsedBook (used_book_id, book_id, price, registered_date, status) VALUES (270, 65, 17100, '2025-04-06 02:54:21', '판매중');
INSERT INTO UsedBook (used_book_id, book_id, price, registered_date, status) VALUES (271, 179, 15300, '2025-01-01 07:42:47', '판매완료');
INSERT INTO UsedBook (used_book_id, book_id, price, registered_date, status) VALUES (272, 181, 14400, '2025-01-22 16:11:13', '판매완료');
INSERT INTO UsedBook (used_book_id, book_id, price, registered_date, status) VALUES (273, 195, 15120, '2025-01-16 03:22:55', '판매완료');
INSERT INTO UsedBook (used_book_id, book_id, price, registered_date, status) VALUES (274, 197, 17820, '2024-11-20 11:56:17', '판매중');
INSERT INTO UsedBook (used_book_id, book_id, price, registered_date, status) VALUES (275, 123, 16200, '2025-02-13 04:34:08', '판매완료');
INSERT INTO UsedBook (used_book_id, book_id, price, registered_date, status) VALUES (276, 133, 5400, '2025-05-13 16:34:31', '판매완료');
INSERT INTO UsedBook (used_book_id, book_id, price, registered_date, status) VALUES (277, 55, 16200, '2025-05-21 19:48:08', '판매중');
INSERT INTO UsedBook (used_book_id, book_id, price, registered_date, status) VALUES (278, 186, 18000, '2022-10-01 12:34:55', '판매중');
INSERT INTO UsedBook (used_book_id, book_id, price, registered_date, status) VALUES (279, 76, 26820, '2024-05-30 20:02:39', '판매완료');
INSERT INTO UsedBook (used_book_id, book_id, price, registered_date, status) VALUES (280, 96, 16020, '2024-10-23 01:14:58', '판매완료');
INSERT INTO UsedBook (used_book_id, book_id, price, registered_date, status) VALUES (281, 155, 16200, '2025-05-23 04:15:22', '판매완료');
INSERT INTO UsedBook (used_book_id, book_id, price, registered_date, status) VALUES (282, 6, 17820, '2024-05-15 00:54:55', '판매완료');
INSERT INTO UsedBook (used_book_id, book_id, price, registered_date, status) VALUES (283, 39, 15750, '2024-12-25 15:11:41', '판매완료');
INSERT INTO UsedBook (used_book_id, book_id, price, registered_date, status) VALUES (284, 71, 7650, '2024-09-15 04:20:13', '판매중');
INSERT INTO UsedBook (used_book_id, book_id, price, registered_date, status) VALUES (285, 26, 18900, '2025-04-18 01:56:27', '판매중');
INSERT INTO UsedBook (used_book_id, book_id, price, registered_date, status) VALUES (286, 26, 18900, '2024-03-12 16:41:48', '판매완료');
INSERT INTO UsedBook (used_book_id, book_id, price, registered_date, status) VALUES (287, 177, 26820, '2024-09-03 06:31:31', '판매중');
INSERT INTO UsedBook (used_book_id, book_id, price, registered_date, status) VALUES (288, 141, 16920, '2025-02-12 02:41:58', '판매중');
INSERT INTO UsedBook (used_book_id, book_id, price, registered_date, status) VALUES (289, 80, 10350, '2021-07-24 06:33:45', '판매중');
INSERT INTO UsedBook (used_book_id, book_id, price, registered_date, status) VALUES (290, 72, 24120, '2024-10-15 02:34:09', '판매중');
INSERT INTO UsedBook (used_book_id, book_id, price, registered_date, status) VALUES (291, 52, 12600, '2025-05-11 21:26:20', '판매중');
INSERT INTO UsedBook (used_book_id, book_id, price, registered_date, status) VALUES (292, 37, 16020, '2024-12-30 11:25:10', '판매중');
INSERT INTO UsedBook (used_book_id, book_id, price, registered_date, status) VALUES (293, 123, 16200, '2025-04-24 05:15:53', '판매완료');
INSERT INTO UsedBook (used_book_id, book_id, price, registered_date, status) VALUES (294, 117, 13950, '2018-07-30 09:59:37', '판매중');
INSERT INTO UsedBook (used_book_id, book_id, price, registered_date, status) VALUES (295, 106, 15030, '2024-12-31 22:30:45', '판매완료');
INSERT INTO UsedBook (used_book_id, book_id, price, registered_date, status) VALUES (296, 28, 19800, '2025-01-09 14:21:10', '판매완료');
INSERT INTO UsedBook (used_book_id, book_id, price, registered_date, status) VALUES (297, 121, 15300, '2025-02-24 02:24:43', '판매중');
INSERT INTO UsedBook (used_book_id, book_id, price, registered_date, status) VALUES (298, 30, 25020, '2025-01-29 17:21:39', '판매중');
INSERT INTO UsedBook (used_book_id, book_id, price, registered_date, status) VALUES (299, 192, 15750, '2024-09-11 17:45:20', '판매중');
INSERT INTO UsedBook (used_book_id, book_id, price, registered_date, status) VALUES (300, 178, 15120, '2025-05-26 23:33:07', '판매중');
INSERT INTO UsedBook (used_book_id, book_id, price, registered_date, status) VALUES (301, 93, 5400, '2023-11-30 03:43:02', '판매중');
INSERT INTO UsedBook (used_book_id, book_id, price, registered_date, status) VALUES (302, 42, 14400, '2024-03-14 12:50:48', '판매완료');
INSERT INTO UsedBook (used_book_id, book_id, price, registered_date, status) VALUES (303, 151, 15120, '2025-03-25 07:00:50', '판매중');
INSERT INTO UsedBook (used_book_id, book_id, price, registered_date, status) VALUES (304, 59, 16020, '2025-05-02 17:30:29', '판매중');
INSERT INTO UsedBook (used_book_id, book_id, price, registered_date, status) VALUES (305, 43, 15750, '2024-05-05 02:27:10', '판매중');
INSERT INTO UsedBook (used_book_id, book_id, price, registered_date, status) VALUES (306, 151, 15120, '2024-06-20 04:20:23', '판매중');
INSERT INTO UsedBook (used_book_id, book_id, price, registered_date, status) VALUES (307, 197, 17820, '2025-04-29 11:05:35', '판매중');
INSERT INTO UsedBook (used_book_id, book_id, price, registered_date, status) VALUES (308, 8, 10800, '2016-10-08 04:54:50', '판매중');
INSERT INTO UsedBook (used_book_id, book_id, price, registered_date, status) VALUES (309, 81, 17100, '2024-05-17 13:31:52', '판매중');
INSERT INTO UsedBook (used_book_id, book_id, price, registered_date, status) VALUES (310, 87, 15120, '2024-12-28 07:44:59', '판매중');
INSERT INTO UsedBook (used_book_id, book_id, price, registered_date, status) VALUES (311, 112, 12600, '2021-12-21 22:35:33', '판매완료');
INSERT INTO UsedBook (used_book_id, book_id, price, registered_date, status) VALUES (312, 9, 15120, '2024-12-22 20:02:17', '판매완료');
INSERT INTO UsedBook (used_book_id, book_id, price, registered_date, status) VALUES (313, 124, 6300, '2025-04-21 04:57:47', '판매완료');
INSERT INTO UsedBook (used_book_id, book_id, price, registered_date, status) VALUES (314, 160, 15300, '2024-01-10 02:34:16', '판매중');
INSERT INTO UsedBook (used_book_id, book_id, price, registered_date, status) VALUES (315, 192, 15750, '2025-02-05 21:00:44', '판매완료');
INSERT INTO UsedBook (used_book_id, book_id, price, registered_date, status) VALUES (316, 47, 13500, '2025-03-11 17:22:52', '판매중');
INSERT INTO UsedBook (used_book_id, book_id, price, registered_date, status) VALUES (317, 21, 45000, '2025-03-16 01:13:21', '판매완료');
INSERT INTO UsedBook (used_book_id, book_id, price, registered_date, status) VALUES (318, 142, 5400, '2025-05-15 03:28:19', '판매완료');
INSERT INTO UsedBook (used_book_id, book_id, price, registered_date, status) VALUES (319, 45, 19800, '2025-05-16 07:02:11', '판매중');
INSERT INTO UsedBook (used_book_id, book_id, price, registered_date, status) VALUES (320, 148, 17100, '2025-05-26 01:29:45', '판매중');
INSERT INTO UsedBook (used_book_id, book_id, price, registered_date, status) VALUES (321, 163, 17550, '2024-10-31 00:03:26', '판매중');
INSERT INTO UsedBook (used_book_id, book_id, price, registered_date, status) VALUES (322, 149, 17820, '2025-03-06 10:34:24', '판매중');
INSERT INTO UsedBook (used_book_id, book_id, price, registered_date, status) VALUES (323, 78, 16020, '2021-08-13 06:43:05', '판매완료');
INSERT INTO UsedBook (used_book_id, book_id, price, registered_date, status) VALUES (324, 200, 29700, '2025-05-08 04:55:24', '판매중');
INSERT INTO UsedBook (used_book_id, book_id, price, registered_date, status) VALUES (325, 159, 15300, '2024-11-10 02:01:21', '판매중');
INSERT INTO UsedBook (used_book_id, book_id, price, registered_date, status) VALUES (326, 184, 13500, '2024-08-29 01:29:55', '판매중');
INSERT INTO UsedBook (used_book_id, book_id, price, registered_date, status) VALUES (327, 95, 15750, '2025-01-02 21:58:44', '판매중');
INSERT INTO UsedBook (used_book_id, book_id, price, registered_date, status) VALUES (328, 166, 19800, '2025-04-30 00:09:21', '판매중');
INSERT INTO UsedBook (used_book_id, book_id, price, registered_date, status) VALUES (329, 110, 16200, '2025-04-22 00:51:57', '판매중');
INSERT INTO UsedBook (used_book_id, book_id, price, registered_date, status) VALUES (330, 131, 5850, '2024-11-03 18:17:30', '판매중');
INSERT INTO UsedBook (used_book_id, book_id, price, registered_date, status) VALUES (331, 108, 16920, '2024-12-27 11:16:00', '판매중');
INSERT INTO UsedBook (used_book_id, book_id, price, registered_date, status) VALUES (332, 120, 16200, '2024-07-10 09:06:45', '판매중');
INSERT INTO UsedBook (used_book_id, book_id, price, registered_date, status) VALUES (333, 56, 14400, '2021-04-30 19:47:48', '판매중');
INSERT INTO UsedBook (used_book_id, book_id, price, registered_date, status) VALUES (334, 75, 16200, '2025-03-30 21:50:55', '판매완료');
INSERT INTO UsedBook (used_book_id, book_id, price, registered_date, status) VALUES (335, 87, 15120, '2025-02-28 07:51:47', '판매완료');
INSERT INTO UsedBook (used_book_id, book_id, price, registered_date, status) VALUES (336, 31, 13320, '2024-12-12 23:30:16', '판매완료');
INSERT INTO UsedBook (used_book_id, book_id, price, registered_date, status) VALUES (337, 54, 16200, '2023-05-31 02:55:36', '판매완료');
INSERT INTO UsedBook (used_book_id, book_id, price, registered_date, status) VALUES (338, 141, 16920, '2025-05-19 13:34:14', '판매중');
INSERT INTO UsedBook (used_book_id, book_id, price, registered_date, status) VALUES (339, 152, 20700, '2024-04-29 22:26:30', '판매중');
INSERT INTO UsedBook (used_book_id, book_id, price, registered_date, status) VALUES (340, 24, 16200, '2024-12-11 01:36:31', '판매중');
INSERT INTO UsedBook (used_book_id, book_id, price, registered_date, status) VALUES (341, 18, 10800, '2023-11-26 05:31:24', '판매완료');
INSERT INTO UsedBook (used_book_id, book_id, price, registered_date, status) VALUES (342, 82, 16920, '2025-01-15 23:22:00', '판매중');
INSERT INTO UsedBook (used_book_id, book_id, price, registered_date, status) VALUES (343, 136, 11250, '2024-02-08 15:30:18', '판매완료');
INSERT INTO UsedBook (used_book_id, book_id, price, registered_date, status) VALUES (344, 90, 14220, '2025-01-23 17:22:52', '판매중');
INSERT INTO UsedBook (used_book_id, book_id, price, registered_date, status) VALUES (345, 38, 12600, '2019-04-02 08:06:54', '판매완료');
INSERT INTO UsedBook (used_book_id, book_id, price, registered_date, status) VALUES (346, 111, 7200, '2002-04-07 17:37:28', '판매완료');
INSERT INTO UsedBook (used_book_id, book_id, price, registered_date, status) VALUES (347, 64, 18000, '2025-05-29 15:08:57', '판매중');
INSERT INTO UsedBook (used_book_id, book_id, price, registered_date, status) VALUES (348, 136, 11250, '2023-09-13 10:07:49', '판매중');
INSERT INTO UsedBook (used_book_id, book_id, price, registered_date, status) VALUES (349, 90, 14220, '2025-04-27 16:24:49', '판매완료');
INSERT INTO UsedBook (used_book_id, book_id, price, registered_date, status) VALUES (350, 93, 5400, '2024-10-01 14:25:22', '판매중');
INSERT INTO UsedBook (used_book_id, book_id, price, registered_date, status) VALUES (351, 101, 16020, '2024-09-08 19:55:19', '판매완료');
INSERT INTO UsedBook (used_book_id, book_id, price, registered_date, status) VALUES (352, 64, 18000, '2025-05-29 22:10:43', '판매중');
INSERT INTO UsedBook (used_book_id, book_id, price, registered_date, status) VALUES (353, 7, 12420, '2024-03-11 14:58:28', '판매완료');
INSERT INTO UsedBook (used_book_id, book_id, price, registered_date, status) VALUES (354, 43, 15750, '2024-11-02 21:00:32', '판매중');
INSERT INTO UsedBook (used_book_id, book_id, price, registered_date, status) VALUES (355, 177, 26820, '2025-04-11 15:13:28', '판매중');
INSERT INTO UsedBook (used_book_id, book_id, price, registered_date, status) VALUES (356, 90, 14220, '2025-03-13 03:32:24', '판매중');
INSERT INTO UsedBook (used_book_id, book_id, price, registered_date, status) VALUES (357, 192, 15750, '2024-08-11 13:41:12', '판매완료');
INSERT INTO UsedBook (used_book_id, book_id, price, registered_date, status) VALUES (358, 58, 15300, '2025-04-19 04:56:46', '판매중');
INSERT INTO UsedBook (used_book_id, book_id, price, registered_date, status) VALUES (359, 77, 15120, '2025-05-06 09:22:48', '판매중');
INSERT INTO UsedBook (used_book_id, book_id, price, registered_date, status) VALUES (360, 189, 13320, '2020-04-01 22:28:32', '판매중');
INSERT INTO UsedBook (used_book_id, book_id, price, registered_date, status) VALUES (361, 7, 12420, '2024-11-12 07:49:07', '판매완료');
INSERT INTO UsedBook (used_book_id, book_id, price, registered_date, status) VALUES (362, 181, 14400, '2024-09-06 03:24:38', '판매중');
INSERT INTO UsedBook (used_book_id, book_id, price, registered_date, status) VALUES (363, 120, 16200, '2024-09-17 11:08:49', '판매중');
INSERT INTO UsedBook (used_book_id, book_id, price, registered_date, status) VALUES (364, 112, 12600, '2024-03-28 09:39:37', '판매중');
INSERT INTO UsedBook (used_book_id, book_id, price, registered_date, status) VALUES (365, 60, 16920, '2025-05-01 18:13:52', '판매중');
INSERT INTO UsedBook (used_book_id, book_id, price, registered_date, status) VALUES (366, 148, 17100, '2025-03-15 01:35:26', '판매중');
INSERT INTO UsedBook (used_book_id, book_id, price, registered_date, status) VALUES (367, 182, 22500, '2025-02-08 00:23:33', '판매중');
INSERT INTO UsedBook (used_book_id, book_id, price, registered_date, status) VALUES (368, 98, 16920, '2024-12-15 06:21:49', '판매중');
INSERT INTO UsedBook (used_book_id, book_id, price, registered_date, status) VALUES (369, 30, 25020, '2025-04-18 05:35:39', '판매중');
INSERT INTO UsedBook (used_book_id, book_id, price, registered_date, status) VALUES (370, 33, 19800, '2020-08-19 12:44:11', '판매중');
INSERT INTO UsedBook (used_book_id, book_id, price, registered_date, status) VALUES (371, 140, 25200, '2024-07-25 05:15:38', '판매중');
INSERT INTO UsedBook (used_book_id, book_id, price, registered_date, status) VALUES (372, 89, 8820, '2021-11-03 20:26:13', '판매완료');
INSERT INTO UsedBook (used_book_id, book_id, price, registered_date, status) VALUES (373, 154, 16920, '2025-01-11 07:54:28', '판매중');
INSERT INTO UsedBook (used_book_id, book_id, price, registered_date, status) VALUES (374, 87, 15120, '2024-10-28 18:02:49', '판매완료');
INSERT INTO UsedBook (used_book_id, book_id, price, registered_date, status) VALUES (375, 166, 19800, '2025-03-26 09:17:56', '판매중');
INSERT INTO UsedBook (used_book_id, book_id, price, registered_date, status) VALUES (376, 52, 12600, '2025-05-14 19:56:25', '판매중');
INSERT INTO UsedBook (used_book_id, book_id, price, registered_date, status) VALUES (377, 22, 15750, '2025-04-29 15:24:45', '판매중');
INSERT INTO UsedBook (used_book_id, book_id, price, registered_date, status) VALUES (378, 158, 16020, '2024-11-09 06:15:37', '판매중');
INSERT INTO UsedBook (used_book_id, book_id, price, registered_date, status) VALUES (379, 182, 22500, '2025-03-27 02:02:20', '판매중');
INSERT INTO UsedBook (used_book_id, book_id, price, registered_date, status) VALUES (380, 73, 16200, '2024-06-25 08:02:32', '판매완료');
INSERT INTO UsedBook (used_book_id, book_id, price, registered_date, status) VALUES (381, 116, 11250, '2025-05-25 11:05:52', '판매완료');
INSERT INTO UsedBook (used_book_id, book_id, price, registered_date, status) VALUES (382, 20, 11700, '2024-11-28 15:52:43', '판매중');
INSERT INTO UsedBook (used_book_id, book_id, price, registered_date, status) VALUES (383, 59, 16020, '2025-05-24 06:13:50', '판매중');
INSERT INTO UsedBook (used_book_id, book_id, price, registered_date, status) VALUES (384, 178, 15120, '2025-03-28 04:51:57', '판매중');
INSERT INTO UsedBook (used_book_id, book_id, price, registered_date, status) VALUES (385, 187, 16920, '2025-01-31 08:22:50', '판매중');
INSERT INTO UsedBook (used_book_id, book_id, price, registered_date, status) VALUES (386, 57, 10800, '2025-03-28 04:43:57', '판매중');
INSERT INTO UsedBook (used_book_id, book_id, price, registered_date, status) VALUES (387, 180, 18000, '2025-01-08 23:49:45', '판매중');
INSERT INTO UsedBook (used_book_id, book_id, price, registered_date, status) VALUES (388, 25, 15300, '2024-02-29 15:25:10', '판매중');
INSERT INTO UsedBook (used_book_id, book_id, price, registered_date, status) VALUES (389, 126, 12510, '2025-05-06 21:33:52', '판매완료');
INSERT INTO UsedBook (used_book_id, book_id, price, registered_date, status) VALUES (390, 19, 17820, '2025-01-26 04:55:35', '판매중');
INSERT INTO UsedBook (used_book_id, book_id, price, registered_date, status) VALUES (391, 20, 11700, '2024-12-20 17:21:17', '판매중');
INSERT INTO UsedBook (used_book_id, book_id, price, registered_date, status) VALUES (392, 27, 17820, '2025-05-26 02:20:28', '판매중');
INSERT INTO UsedBook (used_book_id, book_id, price, registered_date, status) VALUES (393, 46, 15300, '2025-04-21 23:08:12', '판매중');
INSERT INTO UsedBook (used_book_id, book_id, price, registered_date, status) VALUES (394, 136, 11250, '2021-06-29 17:56:05', '판매중');
INSERT INTO UsedBook (used_book_id, book_id, price, registered_date, status) VALUES (395, 130, 18000, '2025-03-20 23:53:27', '판매중');
INSERT INTO UsedBook (used_book_id, book_id, price, registered_date, status) VALUES (396, 197, 17820, '2025-05-18 12:58:57', '판매중');
INSERT INTO UsedBook (used_book_id, book_id, price, registered_date, status) VALUES (397, 191, 14400, '2023-08-11 12:09:44', '판매완료');
INSERT INTO UsedBook (used_book_id, book_id, price, registered_date, status) VALUES (398, 65, 17100, '2025-01-21 17:13:33', '판매중');
INSERT INTO UsedBook (used_book_id, book_id, price, registered_date, status) VALUES (399, 51, 16200, '2025-01-24 11:37:06', '판매중');
INSERT INTO UsedBook (used_book_id, book_id, price, registered_date, status) VALUES (400, 135, 25200, '2025-03-15 22:22:43', '판매중');

-- Orders 및 OrderItems 테이블 데이터 (통합 로직)
INSERT INTO Orders (order_id, buyer_id, order_date) VALUES (1, 52, '2025-01-26 04:03:12');
INSERT INTO OrderItems (order_id, used_book_id, final_price) VALUES (1, 12, 12240);
INSERT INTO Orders (order_id, buyer_id, order_date) VALUES (2, 57, '2025-05-08 04:51:26');
INSERT INTO OrderItems (order_id, used_book_id, final_price) VALUES (2, 132, 12474);
INSERT INTO Orders (order_id, buyer_id, order_date) VALUES (3, 34, '2025-05-09 06:01:36');
INSERT INTO OrderItems (order_id, used_book_id, final_price) VALUES (3, 64, 13500);
INSERT INTO OrderItems (order_id, used_book_id, final_price) VALUES (3, 282, 13365);
INSERT INTO Orders (order_id, buyer_id, order_date) VALUES (4, 35, '2025-04-08 21:58:08');
INSERT INTO OrderItems (order_id, used_book_id, final_price) VALUES (4, 272, 10080);
INSERT INTO OrderItems (order_id, used_book_id, final_price) VALUES (4, 157, 17550);
INSERT INTO Orders (order_id, buyer_id, order_date) VALUES (5, 45, '2025-05-22 21:13:48');
INSERT INTO OrderItems (order_id, used_book_id, final_price) VALUES (5, 87, 8100);
INSERT INTO Orders (order_id, buyer_id, order_date) VALUES (6, 19, '2025-02-11 00:42:50');
INSERT INTO OrderItems (order_id, used_book_id, final_price) VALUES (6, 10, 12096);
INSERT INTO Orders (order_id, buyer_id, order_date) VALUES (7, 43, '2025-02-15 08:13:31');
INSERT INTO OrderItems (order_id, used_book_id, final_price) VALUES (7, 315, 11812);
INSERT INTO Orders (order_id, buyer_id, order_date) VALUES (8, 13, '2025-05-11 08:49:53');
INSERT INTO OrderItems (order_id, used_book_id, final_price) VALUES (8, 295, 12024);
INSERT INTO OrderItems (order_id, used_book_id, final_price) VALUES (8, 349, 9954);
INSERT INTO OrderItems (order_id, used_book_id, final_price) VALUES (8, 302, 11520);
INSERT INTO OrderItems (order_id, used_book_id, final_price) VALUES (8, 49, 15749);
INSERT INTO Orders (order_id, buyer_id, order_date) VALUES (9, 7, '2025-01-21 23:50:47');
INSERT INTO OrderItems (order_id, used_book_id, final_price) VALUES (9, 186, 10080);
INSERT INTO Orders (order_id, buyer_id, order_date) VALUES (10, 21, '2025-04-23 13:58:24');
INSERT INTO OrderItems (order_id, used_book_id, final_price) VALUES (10, 250, 3960);
INSERT INTO OrderItems (order_id, used_book_id, final_price) VALUES (10, 273, 10584);
INSERT INTO Orders (order_id, buyer_id, order_date) VALUES (11, 4, '2025-05-27 00:00:22');
INSERT INTO OrderItems (order_id, used_book_id, final_price) VALUES (11, 43, 11340);
INSERT INTO OrderItems (order_id, used_book_id, final_price) VALUES (11, 223, 13860);
INSERT INTO OrderItems (order_id, used_book_id, final_price) VALUES (11, 351, 12816);
INSERT INTO OrderItems (order_id, used_book_id, final_price) VALUES (11, 165, 14850);
INSERT INTO Orders (order_id, buyer_id, order_date) VALUES (12, 92, '2025-04-24 12:06:37');
INSERT INTO OrderItems (order_id, used_book_id, final_price) VALUES (12, 293, 12960);
INSERT INTO OrderItems (order_id, used_book_id, final_price) VALUES (12, 174, 12285);
INSERT INTO OrderItems (order_id, used_book_id, final_price) VALUES (12, 119, 12150);
INSERT INTO Orders (order_id, buyer_id, order_date) VALUES (13, 96, '2025-04-25 07:25:18');
INSERT INTO OrderItems (order_id, used_book_id, final_price) VALUES (13, 4, 9450);
INSERT INTO Orders (order_id, buyer_id, order_date) VALUES (14, 13, '2024-12-05 18:38:19');
INSERT INTO OrderItems (order_id, used_book_id, final_price) VALUES (14, 85, 11214);
INSERT INTO Orders (order_id, buyer_id, order_date) VALUES (15, 34, '2025-05-29 02:32:12');
INSERT INTO OrderItems (order_id, used_book_id, final_price) VALUES (15, 16, 9135);
INSERT INTO OrderItems (order_id, used_book_id, final_price) VALUES (15, 198, 10584);
INSERT INTO OrderItems (order_id, used_book_id, final_price) VALUES (15, 95, 12474);
INSERT INTO OrderItems (order_id, used_book_id, final_price) VALUES (15, 2, 10800);
INSERT INTO Orders (order_id, buyer_id, order_date) VALUES (16, 89, '2025-05-19 20:56:42');
INSERT INTO OrderItems (order_id, used_book_id, final_price) VALUES (16, 262, 11214);
INSERT INTO Orders (order_id, buyer_id, order_date) VALUES (17, 78, '2025-04-12 06:52:55');
INSERT INTO OrderItems (order_id, used_book_id, final_price) VALUES (17, 130, 13230);
INSERT INTO Orders (order_id, buyer_id, order_date) VALUES (18, 10, '2025-05-16 13:23:32');
INSERT INTO OrderItems (order_id, used_book_id, final_price) VALUES (18, 313, 4725);
INSERT INTO OrderItems (order_id, used_book_id, final_price) VALUES (18, 197, 10584);
INSERT INTO OrderItems (order_id, used_book_id, final_price) VALUES (18, 92, 13365);
INSERT INTO Orders (order_id, buyer_id, order_date) VALUES (19, 44, '2025-03-26 13:15:34');
INSERT INTO OrderItems (order_id, used_book_id, final_price) VALUES (19, 139, 13860);
INSERT INTO OrderItems (order_id, used_book_id, final_price) VALUES (19, 170, 12474);
INSERT INTO Orders (order_id, buyer_id, order_date) VALUES (20, 24, '2025-02-01 18:02:54');
INSERT INTO OrderItems (order_id, used_book_id, final_price) VALUES (20, 164, 14850);
INSERT INTO Orders (order_id, buyer_id, order_date) VALUES (21, 34, '2025-02-18 17:07:20');
INSERT INTO OrderItems (order_id, used_book_id, final_price) VALUES (21, 51, 4860);
INSERT INTO Orders (order_id, buyer_id, order_date) VALUES (22, 7, '2025-02-22 23:18:19');
INSERT INTO OrderItems (order_id, used_book_id, final_price) VALUES (22, 112, 10656);
INSERT INTO OrderItems (order_id, used_book_id, final_price) VALUES (22, 115, 9990);
INSERT INTO OrderItems (order_id, used_book_id, final_price) VALUES (22, 48, 15749);
INSERT INTO Orders (order_id, buyer_id, order_date) VALUES (23, 52, '2025-05-28 18:47:14');
INSERT INTO OrderItems (order_id, used_book_id, final_price) VALUES (23, 175, 12285);
INSERT INTO Orders (order_id, buyer_id, order_date) VALUES (24, 2, '2025-05-27 19:27:03');
INSERT INTO OrderItems (order_id, used_book_id, final_price) VALUES (24, 269, 12960);
INSERT INTO Orders (order_id, buyer_id, order_date) VALUES (25, 13, '2025-01-06 11:15:41');
INSERT INTO OrderItems (order_id, used_book_id, final_price) VALUES (25, 160, 16379);
INSERT INTO Orders (order_id, buyer_id, order_date) VALUES (26, 53, '2025-03-29 22:36:17');
INSERT INTO OrderItems (order_id, used_book_id, final_price) VALUES (26, 283, 11025);
INSERT INTO Orders (order_id, buyer_id, order_date) VALUES (27, 13, '2025-05-26 01:13:33');
INSERT INTO OrderItems (order_id, used_book_id, final_price) VALUES (27, 169, 13365);
INSERT INTO Orders (order_id, buyer_id, order_date) VALUES (28, 88, '2025-03-03 16:30:38');
INSERT INTO OrderItems (order_id, used_book_id, final_price) VALUES (28, 374, 12096);
INSERT INTO Orders (order_id, buyer_id, order_date) VALUES (29, 30, '2025-03-13 00:27:01');
INSERT INTO OrderItems (order_id, used_book_id, final_price) VALUES (29, 173, 14040);
INSERT INTO Orders (order_id, buyer_id, order_date) VALUES (30, 98, '2025-05-20 02:32:12');
INSERT INTO OrderItems (order_id, used_book_id, final_price) VALUES (30, 17, 9135);
INSERT INTO OrderItems (order_id, used_book_id, final_price) VALUES (30, 69, 8707);
INSERT INTO OrderItems (order_id, used_book_id, final_price) VALUES (30, 172, 13162);
INSERT INTO OrderItems (order_id, used_book_id, final_price) VALUES (30, 62, 12600);
INSERT INTO OrderItems (order_id, used_book_id, final_price) VALUES (30, 261, 12150);
INSERT INTO Orders (order_id, buyer_id, order_date) VALUES (31, 13, '2025-04-04 10:52:47');
INSERT INTO OrderItems (order_id, used_book_id, final_price) VALUES (31, 323, 12816);
INSERT INTO OrderItems (order_id, used_book_id, final_price) VALUES (31, 74, 9360);
INSERT INTO OrderItems (order_id, used_book_id, final_price) VALUES (31, 13, 10710);
INSERT INTO OrderItems (order_id, used_book_id, final_price) VALUES (31, 148, 17514);
INSERT INTO Orders (order_id, buyer_id, order_date) VALUES (32, 67, '2025-04-23 15:36:44');
INSERT INTO OrderItems (order_id, used_book_id, final_price) VALUES (32, 266, 4410);
INSERT INTO Orders (order_id, buyer_id, order_date) VALUES (33, 27, '2025-03-26 09:03:20');
INSERT INTO OrderItems (order_id, used_book_id, final_price) VALUES (33, 206, 15840);
INSERT INTO Orders (order_id, buyer_id, order_date) VALUES (34, 4, '2025-05-11 03:43:18');
INSERT INTO OrderItems (order_id, used_book_id, final_price) VALUES (34, 219, 4050);
INSERT INTO Orders (order_id, buyer_id, order_date) VALUES (35, 39, '2025-05-14 00:45:06');
INSERT INTO OrderItems (order_id, used_book_id, final_price) VALUES (35, 276, 3779);
INSERT INTO OrderItems (order_id, used_book_id, final_price) VALUES (35, 46, 15749);
INSERT INTO OrderItems (order_id, used_book_id, final_price) VALUES (35, 136, 13860);
INSERT INTO OrderItems (order_id, used_book_id, final_price) VALUES (35, 33, 9315);
INSERT INTO OrderItems (order_id, used_book_id, final_price) VALUES (35, 75, 8189);
INSERT INTO Orders (order_id, buyer_id, order_date) VALUES (36, 95, '2025-01-02 01:45:19');
INSERT INTO OrderItems (order_id, used_book_id, final_price) VALUES (36, 9, 10584);
INSERT INTO Orders (order_id, buyer_id, order_date) VALUES (37, 67, '2025-04-23 15:15:39');
INSERT INTO OrderItems (order_id, used_book_id, final_price) VALUES (37, 213, 3779);
INSERT INTO OrderItems (order_id, used_book_id, final_price) VALUES (37, 182, 11214);
INSERT INTO Orders (order_id, buyer_id, order_date) VALUES (38, 66, '2025-05-27 11:06:27');
INSERT INTO OrderItems (order_id, used_book_id, final_price) VALUES (38, 140, 13860);
INSERT INTO OrderItems (order_id, used_book_id, final_price) VALUES (38, 380, 12150);
INSERT INTO OrderItems (order_id, used_book_id, final_price) VALUES (38, 281, 11340);
INSERT INTO Orders (order_id, buyer_id, order_date) VALUES (39, 37, '2024-12-21 09:44:22');
INSERT INTO OrderItems (order_id, used_book_id, final_price) VALUES (39, 345, 8820);
INSERT INTO Orders (order_id, buyer_id, order_date) VALUES (40, 72, '2025-04-08 00:50:49');
INSERT INTO OrderItems (order_id, used_book_id, final_price) VALUES (40, 41, 12096);
INSERT INTO Orders (order_id, buyer_id, order_date) VALUES (41, 48, '2025-02-26 15:48:22');
INSERT INTO OrderItems (order_id, used_book_id, final_price) VALUES (41, 159, 16379);
INSERT INTO Orders (order_id, buyer_id, order_date) VALUES (42, 13, '2025-05-15 10:54:48');
INSERT INTO OrderItems (order_id, used_book_id, final_price) VALUES (42, 125, 11475);
INSERT INTO OrderItems (order_id, used_book_id, final_price) VALUES (42, 271, 11475);
INSERT INTO OrderItems (order_id, used_book_id, final_price) VALUES (42, 335, 10584);
INSERT INTO Orders (order_id, buyer_id, order_date) VALUES (43, 45, '2025-05-08 18:09:07');
INSERT INTO OrderItems (order_id, used_book_id, final_price) VALUES (43, 166, 12474);
INSERT INTO OrderItems (order_id, used_book_id, final_price) VALUES (43, 346, 5400);
INSERT INTO Orders (order_id, buyer_id, order_date) VALUES (44, 13, '2025-01-11 10:06:33');
INSERT INTO OrderItems (order_id, used_book_id, final_price) VALUES (44, 195, 11812);
INSERT INTO Orders (order_id, buyer_id, order_date) VALUES (45, 30, '2025-05-17 19:28:34');
INSERT INTO OrderItems (order_id, used_book_id, final_price) VALUES (45, 117, 12960);
INSERT INTO Orders (order_id, buyer_id, order_date) VALUES (46, 91, '2025-05-07 11:01:33');
INSERT INTO OrderItems (order_id, used_book_id, final_price) VALUES (46, 36, 8100);
INSERT INTO OrderItems (order_id, used_book_id, final_price) VALUES (46, 232, 8100);
INSERT INTO Orders (order_id, buyer_id, order_date) VALUES (47, 13, '2024-12-24 00:08:43');
INSERT INTO OrderItems (order_id, used_book_id, final_price) VALUES (47, 312, 11340);
INSERT INTO OrderItems (order_id, used_book_id, final_price) VALUES (47, 58, 8775);
INSERT INTO OrderItems (order_id, used_book_id, final_price) VALUES (47, 28, 13365);
INSERT INTO OrderItems (order_id, used_book_id, final_price) VALUES (47, 191, 11812);
INSERT INTO Orders (order_id, buyer_id, order_date) VALUES (48, 53, '2025-01-23 18:44:18');
INSERT INTO OrderItems (order_id, used_book_id, final_price) VALUES (48, 14, 12240);
INSERT INTO Orders (order_id, buyer_id, order_date) VALUES (49, 99, '2025-04-28 01:10:51');
INSERT INTO OrderItems (order_id, used_book_id, final_price) VALUES (49, 336, 9324);
INSERT INTO Orders (order_id, buyer_id, order_date) VALUES (50, 13, '2025-05-25 01:23:34');
INSERT INTO OrderItems (order_id, used_book_id, final_price) VALUES (50, 59, 8189);
INSERT INTO Orders (order_id, buyer_id, order_date) VALUES (51, 43, '2025-05-19 12:44:26');
INSERT INTO OrderItems (order_id, used_book_id, final_price) VALUES (51, 357, 11025);
INSERT INTO OrderItems (order_id, used_book_id, final_price) VALUES (51, 104, 31499);
INSERT INTO Orders (order_id, buyer_id, order_date) VALUES (52, 33, '2025-04-06 17:25:34');
INSERT INTO OrderItems (order_id, used_book_id, final_price) VALUES (52, 185, 11214);
INSERT INTO OrderItems (order_id, used_book_id, final_price) VALUES (52, 249, 8100);
INSERT INTO Orders (order_id, buyer_id, order_date) VALUES (53, 53, '2025-02-27 14:34:14');
INSERT INTO OrderItems (order_id, used_book_id, final_price) VALUES (53, 193, 12600);
INSERT INTO Orders (order_id, buyer_id, order_date) VALUES (54, 94, '2025-04-25 06:17:21');
INSERT INTO OrderItems (order_id, used_book_id, final_price) VALUES (54, 114, 9324);
INSERT INTO OrderItems (order_id, used_book_id, final_price) VALUES (54, 177, 13500);
INSERT INTO Orders (order_id, buyer_id, order_date) VALUES (55, 37, '2025-04-14 20:04:21');
INSERT INTO OrderItems (order_id, used_book_id, final_price) VALUES (55, 67, 8126);
INSERT INTO Orders (order_id, buyer_id, order_date) VALUES (56, 34, '2024-12-23 00:40:22');
INSERT INTO OrderItems (order_id, used_book_id, final_price) VALUES (56, 60, 8189);
INSERT INTO Orders (order_id, buyer_id, order_date) VALUES (57, 67, '2025-05-22 08:11:42');
INSERT INTO OrderItems (order_id, used_book_id, final_price) VALUES (57, 88, 8640);
INSERT INTO OrderItems (order_id, used_book_id, final_price) VALUES (57, 93, 13365);
INSERT INTO Orders (order_id, buyer_id, order_date) VALUES (58, 71, '2025-05-25 08:16:24');
INSERT INTO OrderItems (order_id, used_book_id, final_price) VALUES (58, 201, 11272);
INSERT INTO OrderItems (order_id, used_book_id, final_price) VALUES (58, 178, 13500);
INSERT INTO OrderItems (order_id, used_book_id, final_price) VALUES (58, 124, 10710);
INSERT INTO Orders (order_id, buyer_id, order_date) VALUES (59, 53, '2025-05-20 02:32:12');
INSERT INTO OrderItems (order_id, used_book_id, final_price) VALUES (59, 20, 10440);
INSERT INTO OrderItems (order_id, used_book_id, final_price) VALUES (59, 37, 7559);
INSERT INTO Orders (order_id, buyer_id, order_date) VALUES (60, 78, '2025-03-24 22:01:42');
INSERT INTO OrderItems (order_id, used_book_id, final_price) VALUES (60, 105, 33750);
INSERT INTO Orders (order_id, buyer_id, order_date) VALUES (61, 7, '2025-05-19 03:01:59');
INSERT INTO OrderItems (order_id, used_book_id, final_price) VALUES (61, 257, 15840);
INSERT INTO Orders (order_id, buyer_id, order_date) VALUES (62, 48, '2025-04-12 12:35:51');
INSERT INTO OrderItems (order_id, used_book_id, final_price) VALUES (62, 337, 11340);
INSERT INTO OrderItems (order_id, used_book_id, final_price) VALUES (62, 233, 10584);
INSERT INTO OrderItems (order_id, used_book_id, final_price) VALUES (62, 137, 13860);
INSERT INTO Orders (order_id, buyer_id, order_date) VALUES (63, 78, '2025-04-24 00:28:54');
INSERT INTO OrderItems (order_id, used_book_id, final_price) VALUES (63, 7, 12096);
INSERT INTO Orders (order_id, buyer_id, order_date) VALUES (64, 53, '2025-05-03 09:40:46');
INSERT INTO OrderItems (order_id, used_book_id, final_price) VALUES (64, 275, 12960);
INSERT INTO OrderItems (order_id, used_book_id, final_price) VALUES (64, 84, 12015);
INSERT INTO OrderItems (order_id, used_book_id, final_price) VALUES (64, 243, 8757);
INSERT INTO OrderItems (order_id, used_book_id, final_price) VALUES (64, 107, 11812);
INSERT INTO OrderItems (order_id, used_book_id, final_price) VALUES (64, 97, 8189);
INSERT INTO Orders (order_id, buyer_id, order_date) VALUES (65, 27, '2025-05-28 01:59:49');
INSERT INTO OrderItems (order_id, used_book_id, final_price) VALUES (65, 389, 8757);
INSERT INTO Orders (order_id, buyer_id, order_date) VALUES (66, 48, '2025-01-09 06:05:17');
INSERT INTO OrderItems (order_id, used_book_id, final_price) VALUES (66, 231, 10080);
INSERT INTO Orders (order_id, buyer_id, order_date) VALUES (67, 53, '2025-05-28 16:28:02');
INSERT INTO OrderItems (order_id, used_book_id, final_price) VALUES (67, 24, 14256);
INSERT INTO Orders (order_id, buyer_id, order_date) VALUES (68, 56, '2025-03-03 11:29:56');
INSERT INTO OrderItems (order_id, used_book_id, final_price) VALUES (68, 181, 12816);
INSERT INTO Orders (order_id, buyer_id, order_date) VALUES (69, 22, '2025-02-23 08:51:39');
INSERT INTO OrderItems (order_id, used_book_id, final_price) VALUES (69, 66, 8126);
INSERT INTO Orders (order_id, buyer_id, order_date) VALUES (70, 83, '2025-05-20 02:32:12');
INSERT INTO OrderItems (order_id, used_book_id, final_price) VALUES (70, 317, 33750);
INSERT INTO OrderItems (order_id, used_book_id, final_price) VALUES (70, 149, 17514);
INSERT INTO OrderItems (order_id, used_book_id, final_price) VALUES (70, 318, 3779);
INSERT INTO OrderItems (order_id, used_book_id, final_price) VALUES (70, 57, 9360);
INSERT INTO OrderItems (order_id, used_book_id, final_price) VALUES (70, 381, 8437);
INSERT INTO Orders (order_id, buyer_id, order_date) VALUES (71, 53, '2025-05-09 06:56:37');
INSERT INTO OrderItems (order_id, used_book_id, final_price) VALUES (71, 90, 8100);
INSERT INTO OrderItems (order_id, used_book_id, final_price) VALUES (71, 96, 8189);
INSERT INTO OrderItems (order_id, used_book_id, final_price) VALUES (71, 234, 8437);
INSERT INTO OrderItems (order_id, used_book_id, final_price) VALUES (71, 52, 4860);
INSERT INTO OrderItems (order_id, used_book_id, final_price) VALUES (71, 179, 12600);
INSERT INTO Orders (order_id, buyer_id, order_date) VALUES (72, 83, '2025-01-29 11:00:29');
INSERT INTO OrderItems (order_id, used_book_id, final_price) VALUES (72, 155, 10656);
INSERT INTO Orders (order_id, buyer_id, order_date) VALUES (73, 36, '2025-05-01 05:06:14');
INSERT INTO OrderItems (order_id, used_book_id, final_price) VALUES (73, 162, 13860);
INSERT INTO Orders (order_id, buyer_id, order_date) VALUES (74, 49, '2024-12-05 19:23:02');
INSERT INTO OrderItems (order_id, used_book_id, final_price) VALUES (74, 56, 8775);
INSERT INTO Orders (order_id, buyer_id, order_date) VALUES (75, 45, '2025-05-14 15:06:16');
INSERT INTO OrderItems (order_id, used_book_id, final_price) VALUES (75, 42, 11340);
INSERT INTO Orders (order_id, buyer_id, order_date) VALUES (76, 60, '2025-03-28 20:32:59');
INSERT INTO OrderItems (order_id, used_book_id, final_price) VALUES (76, 153, 9990);
INSERT INTO Orders (order_id, buyer_id, order_date) VALUES (77, 78, '2025-05-02 18:52:14');
INSERT INTO OrderItems (order_id, used_book_id, final_price) VALUES (77, 184, 11214);
INSERT INTO Orders (order_id, buyer_id, order_date) VALUES (78, 40, '2025-05-18 09:27:13');
INSERT INTO OrderItems (order_id, used_book_id, final_price) VALUES (78, 311, 8820);
INSERT INTO OrderItems (order_id, used_book_id, final_price) VALUES (78, 204, 14400);
INSERT INTO OrderItems (order_id, used_book_id, final_price) VALUES (78, 353, 8694);
INSERT INTO Orders (order_id, buyer_id, order_date) VALUES (79, 28, '2025-03-03 20:31:19');
INSERT INTO OrderItems (order_id, used_book_id, final_price) VALUES (79, 372, 6615);
INSERT INTO Orders (order_id, buyer_id, order_date) VALUES (80, 71, '2025-04-20 10:01:44');
INSERT INTO OrderItems (order_id, used_book_id, final_price) VALUES (80, 122, 12240);
INSERT INTO OrderItems (order_id, used_book_id, final_price) VALUES (80, 168, 13365);
INSERT INTO Orders (order_id, buyer_id, order_date) VALUES (81, 10, '2025-05-05 14:15:27');
INSERT INTO OrderItems (order_id, used_book_id, final_price) VALUES (81, 143, 13536);
INSERT INTO Orders (order_id, buyer_id, order_date) VALUES (82, 67, '2025-05-29 02:32:12');
INSERT INTO OrderItems (order_id, used_book_id, final_price) VALUES (82, 19, 9787);
INSERT INTO Orders (order_id, buyer_id, order_date) VALUES (83, 78, '2025-05-04 15:34:05');
INSERT INTO OrderItems (order_id, used_book_id, final_price) VALUES (83, 50, 18000);
INSERT INTO OrderItems (order_id, used_book_id, final_price) VALUES (83, 196, 11340);
INSERT INTO OrderItems (order_id, used_book_id, final_price) VALUES (83, 146, 20016);
INSERT INTO Orders (order_id, buyer_id, order_date) VALUES (84, 78, '2025-01-11 13:44:21');
INSERT INTO OrderItems (order_id, used_book_id, final_price) VALUES (84, 99, 9360);
INSERT INTO OrderItems (order_id, used_book_id, final_price) VALUES (84, 343, 7874);
INSERT INTO OrderItems (order_id, used_book_id, final_price) VALUES (84, 296, 13860);
INSERT INTO OrderItems (order_id, used_book_id, final_price) VALUES (84, 144, 13536);
INSERT INTO Orders (order_id, buyer_id, order_date) VALUES (85, 78, '2025-05-10 01:27:22');
INSERT INTO OrderItems (order_id, used_book_id, final_price) VALUES (85, 78, 14850);
INSERT INTO Orders (order_id, buyer_id, order_date) VALUES (86, 67, '2025-05-12 09:18:08');
INSERT INTO OrderItems (order_id, used_book_id, final_price) VALUES (86, 264, 11214);
INSERT INTO OrderItems (order_id, used_book_id, final_price) VALUES (86, 82, 12015);
INSERT INTO Orders (order_id, buyer_id, order_date) VALUES (87, 76, '2025-02-08 05:50:44');
INSERT INTO OrderItems (order_id, used_book_id, final_price) VALUES (87, 142, 11844);
INSERT INTO OrderItems (order_id, used_book_id, final_price) VALUES (87, 154, 10656);
INSERT INTO OrderItems (order_id, used_book_id, final_price) VALUES (87, 280, 11214);
INSERT INTO Orders (order_id, buyer_id, order_date) VALUES (88, 78, '2025-05-19 21:01:25');
INSERT INTO OrderItems (order_id, used_book_id, final_price) VALUES (88, 83, 11214);
INSERT INTO Orders (order_id, buyer_id, order_date) VALUES (89, 54, '2025-04-17 22:57:00');
INSERT INTO OrderItems (order_id, used_book_id, final_price) VALUES (89, 76, 14850);
INSERT INTO Orders (order_id, buyer_id, order_date) VALUES (90, 4, '2025-02-19 23:16:17');
INSERT INTO OrderItems (order_id, used_book_id, final_price) VALUES (90, 279, 20115);
INSERT INTO Orders (order_id, buyer_id, order_date) VALUES (91, 67, '2025-02-12 18:25:19');
INSERT INTO OrderItems (order_id, used_book_id, final_price) VALUES (91, 397, 10080);
INSERT INTO OrderItems (order_id, used_book_id, final_price) VALUES (91, 141, 13536);
INSERT INTO OrderItems (order_id, used_book_id, final_price) VALUES (91, 286, 13230);
INSERT INTO OrderItems (order_id, used_book_id, final_price) VALUES (91, 54, 4536);
INSERT INTO Orders (order_id, buyer_id, order_date) VALUES (92, 4, '2025-05-20 21:17:05');
INSERT INTO OrderItems (order_id, used_book_id, final_price) VALUES (92, 147, 17514);
INSERT INTO OrderItems (order_id, used_book_id, final_price) VALUES (92, 209, 12690);
INSERT INTO OrderItems (order_id, used_book_id, final_price) VALUES (92, 341, 8100);
INSERT INTO Orders (order_id, buyer_id, order_date) VALUES (93, 30, '2025-05-13 12:51:04');
INSERT INTO OrderItems (order_id, used_book_id, final_price) VALUES (93, 199, 10584);
INSERT INTO Orders (order_id, buyer_id, order_date) VALUES (94, 39, '2025-04-23 04:01:33');
INSERT INTO OrderItems (order_id, used_book_id, final_price) VALUES (94, 3, 10125);
INSERT INTO Orders (order_id, buyer_id, order_date) VALUES (95, 21, '2025-03-03 11:05:25');
INSERT INTO OrderItems (order_id, used_book_id, final_price) VALUES (95, 72, 9360);
INSERT INTO Orders (order_id, buyer_id, order_date) VALUES (96, 52, '2025-04-26 20:00:21');
INSERT INTO OrderItems (order_id, used_book_id, final_price) VALUES (96, 101, 31499);
INSERT INTO Orders (order_id, buyer_id, order_date) VALUES (97, 8, '2024-12-27 17:07:38');
INSERT INTO OrderItems (order_id, used_book_id, final_price) VALUES (97, 187, 9450);
INSERT INTO OrderItems (order_id, used_book_id, final_price) VALUES (97, 361, 8694);
INSERT INTO OrderItems (order_id, used_book_id, final_price) VALUES (97, 151, 9990);
INSERT INTO Orders (order_id, buyer_id, order_date) VALUES (98, 76, '2025-05-15 11:28:46');
INSERT INTO OrderItems (order_id, used_book_id, final_price) VALUES (98, 71, 9360);
INSERT INTO OrderItems (order_id, used_book_id, final_price) VALUES (98, 334, 12150);
INSERT INTO OrderItems (order_id, used_book_id, final_price) VALUES (98, 163, 14850);
INSERT INTO OrderItems (order_id, used_book_id, final_price) VALUES (98, 189, 9450);
INSERT INTO OrderItems (order_id, used_book_id, final_price) VALUES (98, 98, 8775);
INSERT INTO Orders (order_id, buyer_id, order_date) VALUES (99, 16, '2025-02-16 19:19:24');
INSERT INTO OrderItems (order_id, used_book_id, final_price) VALUES (99, 45, 10584);
INSERT INTO Orders (order_id, buyer_id, order_date) VALUES (100, 10, '2025-03-17 22:55:57');
INSERT INTO OrderItems (order_id, used_book_id, final_price) VALUES (100, 127, 15120);
INSERT INTO Orders (order_id, buyer_id, order_date) VALUES (101, 53, '2025-05-24 13:32:57');
INSERT INTO OrderItems (order_id, used_book_id, final_price) VALUES (101, 106, 11025);
INSERT INTO Orders (order_id, buyer_id, order_date) VALUES (102, 28, '2025-05-02 11:50:30');
INSERT INTO OrderItems (order_id, used_book_id, final_price) VALUES (102, 129, 13230);
INSERT INTO OrderItems (order_id, used_book_id, final_price) VALUES (102, 27, 12474);
INSERT INTO OrderItems (order_id, used_book_id, final_price) VALUES (102, 6, 10584);
INSERT INTO OrderItems (order_id, used_book_id, final_price) VALUES (102, 47, 16875);

-- Shipping 테이블 데이터
INSERT INTO Shipping (shipping_id, order_id, shipping_address, shipped_at, delivered_at, shipping_status) VALUES (1, 19, '(03044) 서울특별시 종로구 자하문로10길 22 2층', '2025-05-26 18:36:26', NULL, '배송중');
INSERT INTO Shipping (shipping_id, order_id, shipping_address, shipped_at, delivered_at, shipping_status) VALUES (2, 53, '(63265) 제주특별자치도 제주시 동문로14길 11', '2025-03-08 06:32:54', NULL, '배송중');
INSERT INTO Shipping (shipping_id, order_id, shipping_address, shipped_at, delivered_at, shipping_status) VALUES (3, 15, '(61432) 광주광역시 동구 동명로67번길 22-2', '2025-05-29 11:52:08', NULL, '배송중');
INSERT INTO Shipping (shipping_id, order_id, shipping_address, shipped_at, delivered_at, shipping_status) VALUES (4, 28, '(28545) 충청북도 청주시 상당구 상당로115번길 61 2층', '2025-04-16 11:28:55', NULL, '배송중');
INSERT INTO Shipping (shipping_id, order_id, shipping_address, shipped_at, delivered_at, shipping_status) VALUES (5, 24, '(39302) 경상북도 구미시 금오산로22길 24-1', '2025-05-28 17:11:22', NULL, '배송중');
INSERT INTO Shipping (shipping_id, order_id, shipping_address, shipped_at, delivered_at, shipping_status) VALUES (6, 31, '(55043) 전라북도 전주시 완산구 풍남문4길 32 2층 카프카', '2025-04-18 10:14:24', NULL, '배송중');
INSERT INTO Shipping (shipping_id, order_id, shipping_address, shipped_at, delivered_at, shipping_status) VALUES (7, 97, '(63076) 제주특별자치도 제주시 우평로 45-1 바인빌딩 1층 101호', '2024-12-28 02:07:38', '2024-12-31 06:07:38', '배송완료');
INSERT INTO Shipping (shipping_id, order_id, shipping_address, shipped_at, delivered_at, shipping_status) VALUES (8, 73, '(03060) 서울특별시 종로구 율곡로5길 24', '2025-05-19 10:37:59', NULL, '배송중');
INSERT INTO Shipping (shipping_id, order_id, shipping_address, shipped_at, delivered_at, shipping_status) VALUES (9, 14, '(55043) 전라북도 전주시 완산구 풍남문4길 32 2층 카프카', '2025-05-28 11:57:18', NULL, '배송중');
INSERT INTO Shipping (shipping_id, order_id, shipping_address, shipped_at, delivered_at, shipping_status) VALUES (10, 65, '(17006) 경기도 용인시 기흥구 동백5로 22 쥬네브문월드 가동 137호', '2025-05-29 10:34:27', NULL, '배송중');
INSERT INTO Shipping (shipping_id, order_id, shipping_address, shipped_at, delivered_at, shipping_status) VALUES (11, 88, '(05728) 서울특별시 송파구 동남로23길 40-11 1층 코너', '2025-05-27 17:21:23', NULL, '배송중');
INSERT INTO Shipping (shipping_id, order_id, shipping_address, shipped_at, delivered_at, shipping_status) VALUES (12, 79, '(12533) 경기도 양평군 양동면 고송길 35-37', '2025-03-17 00:24:54', NULL, '배송중');
INSERT INTO Shipping (shipping_id, order_id, shipping_address, shipped_at, delivered_at, shipping_status) VALUES (13, 101, '(63265) 제주특별자치도 제주시 동문로14길 11', '2025-05-28 11:16:37', NULL, '배송중');
INSERT INTO Shipping (shipping_id, order_id, shipping_address, shipped_at, delivered_at, shipping_status) VALUES (14, 51, '(04345) 서울특별시 용산구 회나무로12길 5 Beleben 벨리븐', '2025-05-25 07:30:15', NULL, '배송중');
INSERT INTO Shipping (shipping_id, order_id, shipping_address, shipped_at, delivered_at, shipping_status) VALUES (15, 7, '(04345) 서울특별시 용산구 회나무로12길 5 Beleben 벨리븐', '2025-05-25 02:00:02', NULL, '배송중');
INSERT INTO Shipping (shipping_id, order_id, shipping_address, shipped_at, delivered_at, shipping_status) VALUES (16, 29, '(03765) 서울특별시 서대문구 이화여대길 88-11', '2025-03-28 10:47:45', NULL, '배송중');
INSERT INTO Shipping (shipping_id, order_id, shipping_address, shipped_at, delivered_at, shipping_status) VALUES (17, 93, '(03765) 서울특별시 서대문구 이화여대길 88-11', '2025-05-18 12:38:03', NULL, '배송중');
INSERT INTO Shipping (shipping_id, order_id, shipping_address, shipped_at, delivered_at, shipping_status) VALUES (18, 32, '(54887) 전라북도 전주시 덕진구 하가3길 20-9', '2025-05-13 12:19:15', NULL, '배송중');
INSERT INTO Shipping (shipping_id, order_id, shipping_address, shipped_at, delivered_at, shipping_status) VALUES (19, 10, '(36544) 경상북도 영양군 입암면 대천길 435', '2025-04-29 09:04:37', NULL, '배송중');
INSERT INTO Shipping (shipping_id, order_id, shipping_address, shipped_at, delivered_at, shipping_status) VALUES (20, 44, '(55043) 전라북도 전주시 완산구 풍남문4길 32 2층 카프카', '2025-04-01 17:00:55', '2025-04-02 17:00:55', '배송완료');
INSERT INTO Shipping (shipping_id, order_id, shipping_address, shipped_at, delivered_at, shipping_status) VALUES (21, 25, '(55043) 전라북도 전주시 완산구 풍남문4길 32 2층 카프카', '2025-04-14 08:32:25', '2025-04-18 08:32:25', '배송완료');
INSERT INTO Shipping (shipping_id, order_id, shipping_address, shipped_at, delivered_at, shipping_status) VALUES (22, 66, '(47900) 부산 동래구 온천천로453번길 14 2층', '2025-03-19 11:30:04', '2025-03-26 11:30:04', '배송완료');
INSERT INTO Shipping (shipping_id, order_id, shipping_address, shipped_at, delivered_at, shipping_status) VALUES (23, 85, '(05728) 서울특별시 송파구 동남로23길 40-11 1층 코너', '2025-05-11 17:40:44', '2025-05-18 17:40:44', '배송완료');
INSERT INTO Shipping (shipping_id, order_id, shipping_address, shipped_at, delivered_at, shipping_status) VALUES (24, 74, '(16828) 경기도 용인시 수지구 수풍로127번길 5', '2025-03-30 01:50:13', '2025-04-03 01:50:13', '배송완료');
INSERT INTO Shipping (shipping_id, order_id, shipping_address, shipped_at, delivered_at, shipping_status) VALUES (25, 11, '(63234) 제주 제주시 도남로 168-15 1층', '2025-05-28 10:13:19', '2025-05-29 10:13:19', '배송완료');
INSERT INTO Shipping (shipping_id, order_id, shipping_address, shipped_at, delivered_at, shipping_status) VALUES (26, 5, '(18134) 경기도 오산시 경기동로8번길 25', '2025-05-28 10:47:39', NULL, '배송중');
INSERT INTO Shipping (shipping_id, order_id, shipping_address, shipped_at, delivered_at, shipping_status) VALUES (27, 90, '(63234) 제주 제주시 도남로 168-15 1층', '2025-03-26 22:06:15', '2025-04-02 22:06:15', '배송완료');
INSERT INTO Shipping (shipping_id, order_id, shipping_address, shipped_at, delivered_at, shipping_status) VALUES (28, 18, '(52444) 경상남도 남해군 삼동면 동부대로1876번길 19', '2025-05-16 15:23:32', '2025-05-17 18:23:32', '배송완료');
INSERT INTO Shipping (shipping_id, order_id, shipping_address, shipped_at, delivered_at, shipping_status) VALUES (29, 94, '(61465) 광주광역시 동구 제봉로 100-1 2층', '2025-05-17 11:39:33', '2025-05-19 11:39:33', '배송완료');
INSERT INTO Shipping (shipping_id, order_id, shipping_address, shipped_at, delivered_at, shipping_status) VALUES (30, 87, '(35415) 대전광역시 서구 복수남로12번길 44 105호', '2025-02-09 15:50:44', '2025-02-11 15:50:44', '배송완료');
INSERT INTO Shipping (shipping_id, order_id, shipping_address, shipped_at, delivered_at, shipping_status) VALUES (31, 30, '(48109) 부산광역시 해운대구 좌동순환로 275 2F', '2025-05-20 09:32:12', '2025-05-21 18:32:12', '배송완료');
INSERT INTO Shipping (shipping_id, order_id, shipping_address, shipped_at, delivered_at, shipping_status) VALUES (32, 83, '(05728) 서울특별시 송파구 동남로23길 40-11 1층 코너', '2025-05-12 00:18:09', '2025-05-16 00:18:09', '배송완료');
INSERT INTO Shipping (shipping_id, order_id, shipping_address, shipped_at, delivered_at, shipping_status) VALUES (33, 26, '(63265) 제주특별자치도 제주시 동문로14길 11', '2025-04-11 06:32:50', '2025-04-18 06:32:50', '배송완료');
INSERT INTO Shipping (shipping_id, order_id, shipping_address, shipped_at, delivered_at, shipping_status) VALUES (34, 59, '(63265) 제주특별자치도 제주시 동문로14길 11', '2025-05-21 10:32:12', '2025-05-22 19:32:12', '배송완료');
INSERT INTO Shipping (shipping_id, order_id, shipping_address, shipped_at, delivered_at, shipping_status) VALUES (35, 82, '(54887) 전라북도 전주시 덕진구 하가3길 20-9', '2025-05-29 13:31:20', NULL, '배송중');
INSERT INTO Shipping (shipping_id, order_id, shipping_address, shipped_at, delivered_at, shipping_status) VALUES (36, 78, '(18282) 경기도 화성시 비봉면 남전로116번길 35', '2025-05-19 12:27:13', '2025-05-22 17:27:13', '배송완료');
INSERT INTO Shipping (shipping_id, order_id, shipping_address, shipped_at, delivered_at, shipping_status) VALUES (37, 41, '(47900) 부산 동래구 온천천로453번길 14 2층', '2025-04-30 09:58:59', '2025-05-07 09:58:59', '배송완료');
INSERT INTO Shipping (shipping_id, order_id, shipping_address, shipped_at, delivered_at, shipping_status) VALUES (38, 52, '(63363) 제주특별자치도 제주시 구좌읍 문주란로5길 34-2', '2025-04-08 00:25:34', '2025-04-10 05:25:34', '배송완료');
INSERT INTO Shipping (shipping_id, order_id, shipping_address, shipped_at, delivered_at, shipping_status) VALUES (39, 55, '(35231) 대전광역시 서구 갈마역로 1 (2층)', '2025-05-19 13:29:05', '2025-05-23 13:29:05', '배송완료');
INSERT INTO Shipping (shipping_id, order_id, shipping_address, shipped_at, delivered_at, shipping_status) VALUES (40, 49, '(63595) 제주 서귀포시 태평로 409-2', '2025-05-20 11:22:59', '2025-05-23 11:22:59', '배송완료');
INSERT INTO Shipping (shipping_id, order_id, shipping_address, shipped_at, delivered_at, shipping_status) VALUES (41, 9, '(51458) 경상남도 창원시 성산구 창이대로719번길 17', '2025-04-15 04:14:01', '2025-04-16 04:14:01', '배송완료');
INSERT INTO Shipping (shipping_id, order_id, shipping_address, shipped_at, delivered_at, shipping_status) VALUES (42, 60, '(05728) 서울특별시 송파구 동남로23길 40-11 1층 코너', '2025-05-04 15:13:46', '2025-05-11 15:13:46', '배송완료');
INSERT INTO Shipping (shipping_id, order_id, shipping_address, shipped_at, delivered_at, shipping_status) VALUES (43, 40, '(38540) 경상북도 경산시 압량읍 오목로 183', '2025-04-26 11:25:01', '2025-04-28 11:25:01', '배송완료');
INSERT INTO Shipping (shipping_id, order_id, shipping_address, shipped_at, delivered_at, shipping_status) VALUES (44, 89, '(61640) 광주광역시 남구 천변좌로418번길 17 1층', '2025-05-24 22:42:34', '2025-05-27 22:42:34', '배송완료');
INSERT INTO Shipping (shipping_id, order_id, shipping_address, shipped_at, delivered_at, shipping_status) VALUES (45, 39, '(35231) 대전광역시 서구 갈마역로 1 (2층)', '2025-05-02 09:26:27', '2025-05-09 09:26:27', '배송완료');
INSERT INTO Shipping (shipping_id, order_id, shipping_address, shipped_at, delivered_at, shipping_status) VALUES (46, 80, '(15806) 경기도 군포시 금산로 84 1층', '2025-04-20 22:01:44', '2025-04-24 06:01:44', '배송완료');
INSERT INTO Shipping (shipping_id, order_id, shipping_address, shipped_at, delivered_at, shipping_status) VALUES (47, 38, '(55348) 전북 완주군 소양면 송광수만로 500', '2025-05-29 17:33:05', NULL, '배송중');
INSERT INTO Shipping (shipping_id, order_id, shipping_address, shipped_at, delivered_at, shipping_status) VALUES (48, 63, '(05728) 서울특별시 송파구 동남로23길 40-11 1층 코너', '2025-04-28 12:52:49', '2025-05-04 12:52:49', '배송완료');
INSERT INTO Shipping (shipping_id, order_id, shipping_address, shipped_at, delivered_at, shipping_status) VALUES (49, 91, '(54887) 전라북도 전주시 덕진구 하가3길 20-9', '2025-05-18 01:26:31', '2025-05-20 01:26:31', '배송완료');
INSERT INTO Shipping (shipping_id, order_id, shipping_address, shipped_at, delivered_at, shipping_status) VALUES (50, 96, '(06725) 서울특별시 서초구 남부순환로333길 10 1층', '2025-05-18 09:32:38', '2025-05-19 09:32:38', '배송완료');
INSERT INTO Shipping (shipping_id, order_id, shipping_address, shipped_at, delivered_at, shipping_status) VALUES (51, 2, '(07267) 서울특별시 영등포구 영신로39길 8-1 201호', '2025-05-14 09:47:58', '2025-05-21 09:47:58', '배송완료');
INSERT INTO Shipping (shipping_id, order_id, shipping_address, shipped_at, delivered_at, shipping_status) VALUES (52, 42, '(55043) 전라북도 전주시 완산구 풍남문4길 32 2층 카프카', '2025-05-16 17:54:48', '2025-05-20 02:54:48', '배송완료');
INSERT INTO Shipping (shipping_id, order_id, shipping_address, shipped_at, delivered_at, shipping_status) VALUES (53, 13, '(55715) 전북 남원시 인월면 인월장터로 6 1층, 도보책방', '2025-05-05 17:12:49', '2025-05-07 17:12:49', '배송완료');
INSERT INTO Shipping (shipping_id, order_id, shipping_address, shipped_at, delivered_at, shipping_status) VALUES (54, 47, '(55043) 전라북도 전주시 완산구 풍남문4길 32 2층 카프카', '2025-02-21 01:45:27', '2025-02-26 01:45:27', '배송완료');
INSERT INTO Shipping (shipping_id, order_id, shipping_address, shipped_at, delivered_at, shipping_status) VALUES (55, 35, '(61465) 광주광역시 동구 제봉로 100-1 2층', '2025-05-15 04:45:06', '2025-05-18 05:45:06', '배송완료');
INSERT INTO Shipping (shipping_id, order_id, shipping_address, shipped_at, delivered_at, shipping_status) VALUES (56, 17, '(05728) 서울특별시 송파구 동남로23길 40-11 1층 코너', '2025-04-12 12:14:54', '2025-04-18 12:14:54', '배송완료');
INSERT INTO Shipping (shipping_id, order_id, shipping_address, shipped_at, delivered_at, shipping_status) VALUES (57, 8, '(55043) 전라북도 전주시 완산구 풍남문4길 32 2층 카프카', '2025-05-12 09:49:53', '2025-05-15 16:49:53', '배송완료');
INSERT INTO Shipping (shipping_id, order_id, shipping_address, shipped_at, delivered_at, shipping_status) VALUES (58, 75, '(18134) 경기도 오산시 경기동로8번길 25', '2025-05-28 12:19:59', NULL, '배송중');
INSERT INTO Shipping (shipping_id, order_id, shipping_address, shipped_at, delivered_at, shipping_status) VALUES (59, 77, '(05728) 서울특별시 송파구 동남로23길 40-11 1층 코너', '2025-05-21 02:34:26', '2025-05-28 02:34:26', '배송완료');
INSERT INTO Shipping (shipping_id, order_id, shipping_address, shipped_at, delivered_at, shipping_status) VALUES (60, 21, '(61432) 광주광역시 동구 동명로67번길 22-2', '2025-04-15 06:03:24', '2025-04-16 06:03:24', '배송완료');
INSERT INTO Shipping (shipping_id, order_id, shipping_address, shipped_at, delivered_at, shipping_status) VALUES (61, 54, '(63522) 제주 서귀포시 안덕면 서광동로25번길 13 버터행성706', '2025-04-28 16:56:45', '2025-04-29 16:56:45', '배송완료');
INSERT INTO Shipping (shipping_id, order_id, shipping_address, shipped_at, delivered_at, shipping_status) VALUES (62, 45, '(03765) 서울특별시 서대문구 이화여대길 88-11', '2025-05-20 22:38:41', '2025-05-24 22:38:41', '배송완료');
INSERT INTO Shipping (shipping_id, order_id, shipping_address, shipped_at, delivered_at, shipping_status) VALUES (63, 62, '(47900) 부산 동래구 온천천로453번길 14 2층', '2025-05-13 23:58:44', '2025-05-17 23:58:44', '배송완료');
INSERT INTO Shipping (shipping_id, order_id, shipping_address, shipped_at, delivered_at, shipping_status) VALUES (64, 27, '(55043) 전라북도 전주시 완산구 풍남문4길 32 2층 카프카', '2025-05-29 23:21:25', NULL, '배송중');
INSERT INTO Shipping (shipping_id, order_id, shipping_address, shipped_at, delivered_at, shipping_status) VALUES (65, 43, '(18134) 경기도 오산시 경기동로8번길 25', '2025-05-08 19:09:07', '2025-05-12 07:09:07', '배송완료');
INSERT INTO Shipping (shipping_id, order_id, shipping_address, shipped_at, delivered_at, shipping_status) VALUES (66, 84, '(05728) 서울특별시 송파구 동남로23길 40-11 1층 코너', '2025-01-11 21:44:21', '2025-01-13 04:44:21', '배송완료');
INSERT INTO Shipping (shipping_id, order_id, shipping_address, shipped_at, delivered_at, shipping_status) VALUES (67, 70, '(10106) 경기도 김포시 북변중로 51-1 2층', '2025-05-21 03:32:12', '2025-05-24 10:32:12', '배송완료');
INSERT INTO Shipping (shipping_id, order_id, shipping_address, shipped_at, delivered_at, shipping_status) VALUES (68, 99, '(26423) 강원도 원주시 금불4길 23 제1층 102호', '2025-03-07 09:57:42', '2025-03-12 09:57:42', '배송완료');
INSERT INTO Shipping (shipping_id, order_id, shipping_address, shipped_at, delivered_at, shipping_status) VALUES (69, 6, '(21569) 인천광역시 남동구 문화서로28번길 13-1', '2025-04-05 15:20:08', '2025-04-09 15:20:08', '배송완료');
INSERT INTO Shipping (shipping_id, order_id, shipping_address, shipped_at, delivered_at, shipping_status) VALUES (70, 68, '(02460) 서울특별시 동대문구 회기로26길 14', '2025-04-20 21:24:35', '2025-04-27 21:24:35', '배송완료');
INSERT INTO Shipping (shipping_id, order_id, shipping_address, shipped_at, delivered_at, shipping_status) VALUES (71, 50, '(55043) 전라북도 전주시 완산구 풍남문4길 32 2층 카프카', '2025-05-25 05:41:33', '2025-05-29 05:41:33', '배송완료');
INSERT INTO Shipping (shipping_id, order_id, shipping_address, shipped_at, delivered_at, shipping_status) VALUES (72, 57, '(54887) 전라북도 전주시 덕진구 하가3길 20-9', '2025-05-25 20:07:45', '2025-05-26 20:07:45', '배송완료');
INSERT INTO Shipping (shipping_id, order_id, shipping_address, shipped_at, delivered_at, shipping_status) VALUES (73, 4, '(58728) 전남 목포시 영산로75번길 12', '2025-05-16 06:39:06', '2025-05-22 06:39:06', '배송완료');
INSERT INTO Shipping (shipping_id, order_id, shipping_address, shipped_at, delivered_at, shipping_status) VALUES (74, 69, '(08768) 서울특별시 관악구 조원로2길 55 1층', '2025-03-18 22:18:43', '2025-03-22 22:18:43', '배송완료');
INSERT INTO Shipping (shipping_id, order_id, shipping_address, shipped_at, delivered_at, shipping_status) VALUES (75, 98, '(35415) 대전광역시 서구 복수남로12번길 44 105호', '2025-05-15 22:28:46', '2025-05-19 01:28:46', '배송완료');
INSERT INTO Shipping (shipping_id, order_id, shipping_address, shipped_at, delivered_at, shipping_status) VALUES (76, 56, '(61432) 광주광역시 동구 동명로67번길 22-2', '2025-03-08 10:35:47', '2025-03-10 10:35:47', '배송완료');

SET FOREIGN_KEY_CHECKS = 1;
