-- 중고 도서 마켓플레이스 초기 데이터 (V8 - 변경된 스키마, PurchaseOrder ID 및 Shipping 상태 현실화)
SET FOREIGN_KEY_CHECKS = 0;

-- Users 테이블 데이터
INSERT INTO Users (user_id, username, email, join_date, address) VALUES (1, '박성호', 'mollitia489@daum.net', '2024-01-26 20:10:21', '(03057) 서울특별시 종로구 창덕궁길 153 1층 비화림');
INSERT INTO Users (user_id, username, email, join_date, address) VALUES (2, '김영진', 'quidem677@kakao.com', '2024-05-09 22:43:55', '(63194) 제주특별자치도 제주시 삼성로1길 1 , 1층');
INSERT INTO Users (user_id, username, email, join_date, address) VALUES (3, '황정훈', 'ducimus888@gmail.com', '2025-04-29 00:58:44', '(42781) 대구광역시 달서구 월서로3길 15 231동 103-1호');
INSERT INTO Users (user_id, username, email, join_date, address) VALUES (4, '이상철', 'cumque803@gmail.com', '2025-06-01 00:08:36', '(48947) 부산광역시 중구 광복중앙로33번길 16-7 1층 오월, 더 타로');
INSERT INTO Users (user_id, username, email, join_date, address) VALUES (5, '김영식', 'soluta892@nate.com', '2024-12-01 01:14:17', '(04052) 서울특별시 마포구 와우산로35길 3 B1F');
INSERT INTO Users (user_id, username, email, join_date, address) VALUES (6, '김서준', 'corporis689@naver.com', '2025-03-20 15:43:33', '(58704) 전라남도 목포시 용해로86번길 1-2');
INSERT INTO Users (user_id, username, email, join_date, address) VALUES (7, '김영식', 'a417eum@gmail.com', '2024-05-18 16:32:05', '(17389) 경기도 이천시 마장면 덕평로877번길 16');
INSERT INTO Users (user_id, username, email, join_date, address) VALUES (8, '주재호', 'modi475@nate.com', '2023-07-29 18:52:06', '(21355) 인천광역시 부평구 장제로221번길 27 2층');
INSERT INTO Users (user_id, username, email, join_date, address) VALUES (9, '박아름', 'magnam891@daum.net', '2023-10-09 07:57:16', '(10379) 경기도 고양시 일산서구 중앙로 1470 동부썬프라자 B동 128호');
INSERT INTO Users (user_id, username, email, join_date, address) VALUES (10, '김진우', 'aspernatur220@gmail.com', '2024-04-18 04:06:47', '(63534) 제주 서귀포시 상예로 224');
INSERT INTO Users (user_id, username, email, join_date, address) VALUES (11, '박정호', 'ad653@naver.com', '2024-06-09 03:16:04', '(07692) 서울특별시 강서구 우장산로4길 83 1층');
INSERT INTO Users (user_id, username, email, join_date, address) VALUES (12, '손정훈', 'at439@kakao.com', '2024-08-26 07:33:32', '(08739) 서울특별시 관악구 남부순환로231길 11 태주빌라 1층');
INSERT INTO Users (user_id, username, email, join_date, address) VALUES (13, '김재현', 'perspiciatis937@naver.com', '2023-08-14 07:21:07', '(42607) 대구광역시 달서구 선원로53길 11');
INSERT INTO Users (user_id, username, email, join_date, address) VALUES (14, '박지혜', 'doloremque481@kakao.com', '2025-01-07 11:52:25', '(55038) 전라북도 전주시 완산구 전라감영4길 1 4층');
INSERT INTO Users (user_id, username, email, join_date, address) VALUES (15, '최은영', 'sapiente38@daum.net', '2023-11-11 04:17:27', '(41958) 대구광역시 중구 봉산문화길 19 2층');
INSERT INTO Users (user_id, username, email, join_date, address) VALUES (16, '강준서', 'libero310@nate.com', '2024-05-17 15:15:21', '(61980) 광주광역시 서구 화운로 136 1층');
INSERT INTO Users (user_id, username, email, join_date, address) VALUES (17, '이영호', 'deserunt387@kakao.com', '2024-04-24 14:27:54', '(47242) 부산 부산진구 서전로47번길 40 이책저책');
INSERT INTO Users (user_id, username, email, join_date, address) VALUES (18, '이수진', 'animi464@kakao.com', '2025-01-24 11:19:48', '(54022) 전라북도 군산시 구영5길 21-26');
INSERT INTO Users (user_id, username, email, join_date, address) VALUES (19, '김예진', 'illum507@nate.com', '2024-07-15 16:04:18', '(06753) 서울특별시 서초구 바우뫼로 154 103호');
INSERT INTO Users (user_id, username, email, join_date, address) VALUES (20, '이지은', 'quas625@nate.com', '2023-12-26 13:04:46', '(54836) 전라북도 전주시 덕진구 솔내7길 17-10 소소당');
INSERT INTO Users (user_id, username, email, join_date, address) VALUES (21, '최상호', 'asperiores744@daum.net', '2024-04-24 05:59:13', '(38540) 경상북도 경산시 압량읍 오목로 183');
INSERT INTO Users (user_id, username, email, join_date, address) VALUES (22, '박영미', 'mollitia460@nate.com', '2024-08-08 16:02:50', '(41958) 대구광역시 중구 명륜로23길 28');
INSERT INTO Users (user_id, username, email, join_date, address) VALUES (23, '전민지', 'consectetur735@gmail.com', '2024-01-06 08:38:03', '(63333) 제주특별자치도 제주시 조천읍 함덕로 9');
INSERT INTO Users (user_id, username, email, join_date, address) VALUES (24, '백정순', 'illum478@kakao.com', '2024-04-13 22:42:59', '(02832) 서울특별시 성북구 동소문로13가길 36 성북동');
INSERT INTO Users (user_id, username, email, join_date, address) VALUES (25, '김중수', 'autem17@kakao.com', '2024-11-03 21:42:06', '(24838) 강원도 속초시 중앙로46번길 45');
INSERT INTO Users (user_id, username, email, join_date, address) VALUES (26, '이유진', 'minima124@gmail.com', '2025-04-12 01:49:39', '(02644) 서울특별시 동대문구 천호대로89길 9 2층');
INSERT INTO Users (user_id, username, email, join_date, address) VALUES (27, '이우진', 'id573@naver.com', '2023-12-22 15:26:34', '(38064) 경상북도 경주시 서악2길 32-16');
INSERT INTO Users (user_id, username, email, join_date, address) VALUES (28, '김영희', 'id456@daum.net', '2024-03-03 08:06:55', '(41947) 대구광역시 중구 국채보상로150길 83');
INSERT INTO Users (user_id, username, email, join_date, address) VALUES (29, '한선영', 'similique795@daum.net', '2023-09-10 14:48:29', '(10460) 경기도 고양시 덕양구 원당로59번길 49-24 203호');
INSERT INTO Users (user_id, username, email, join_date, address) VALUES (30, '장정수', 'eligendi930@naver.com', '2024-07-27 00:11:22', '(21338) 인천광역시 부평구 길주로547번길 8-12');
INSERT INTO Users (user_id, username, email, join_date, address) VALUES (31, '송은서', 'aperiam544@gmail.com', '2024-03-01 13:18:01', '(54887) 전라북도 전주시 덕진구 하가3길 20-9');
INSERT INTO Users (user_id, username, email, join_date, address) VALUES (32, '김우진', 'quia510@daum.net', '2024-02-18 07:50:03', '(12533) 경기도 양평군 양동면 고송길 35-37');
INSERT INTO Users (user_id, username, email, join_date, address) VALUES (33, '류미경', 'maiores253@nate.com', '2025-03-07 16:28:02', '(03979) 서울특별시 마포구 성미산로23길 60');
INSERT INTO Users (user_id, username, email, join_date, address) VALUES (34, '김채원', 'dolor128@daum.net', '2023-06-08 14:34:49', '(53277) 경상남도 거제시 사등면 거제대로 5394-2 주황색 지붕 건물');
INSERT INTO Users (user_id, username, email, join_date, address) VALUES (35, '이서영', 'voluptas408@daum.net', '2024-12-08 19:58:32', '(54830) 전라북도 전주시 덕진구 두간11길 15');
INSERT INTO Users (user_id, username, email, join_date, address) VALUES (36, '한도현', 'quaerat907@daum.net', '2025-05-05 00:09:58', '(21569) 인천광역시 남동구 문화서로28번길 13-1');
INSERT INTO Users (user_id, username, email, join_date, address) VALUES (37, '박승현', 'sunt900@kakao.com', '2024-02-29 23:45:15', '(61979) 광주 서구 화운로156번길 12-1 1층');
INSERT INTO Users (user_id, username, email, join_date, address) VALUES (38, '김순옥', 'repudiandae116@gmail.com', '2024-11-10 03:49:48', '(63595) 제주 서귀포시 태평로 409-2');
INSERT INTO Users (user_id, username, email, join_date, address) VALUES (39, '윤정호', 'hic740@nate.com', '2024-01-02 18:10:17', '(36324) 경상북도 울진군 울진읍 읍내8길 5 5층 오브덕');
INSERT INTO Users (user_id, username, email, join_date, address) VALUES (40, '장예진', 'perferendis297@gmail.com', '2024-10-22 05:55:33', '(35231) 대전광역시 서구 갈마역로 1 (2층)');
INSERT INTO Users (user_id, username, email, join_date, address) VALUES (41, '김지우', 'quae473@gmail.com', '2023-09-29 08:21:16', '(17006) 경기도 용인시 기흥구 동백5로 22 쥬네브문월드 가동 137호');
INSERT INTO Users (user_id, username, email, join_date, address) VALUES (42, '최정자', 'qui909@naver.com', '2025-05-30 12:25:03', '(07016) 서울특별시 동작구 동작대로9가길 32 1층 다정한');
INSERT INTO Users (user_id, username, email, join_date, address) VALUES (43, '배현준', 'et184@naver.com', '2024-07-03 16:18:26', '(02725) 서울특별시 성북구 삼양로 27 1층');
INSERT INTO Users (user_id, username, email, join_date, address) VALUES (44, '이시우', 'consequuntur583@kakao.com', '2024-10-15 09:37:07', '(57964) 전라남도 순천시 역전2길 10 심다');
INSERT INTO Users (user_id, username, email, join_date, address) VALUES (45, '이민준', 'ea348@daum.net', '2024-08-15 01:43:25', '(49494) 부산 사하구 윤공단로 12 2층. 다대포예술기지');
INSERT INTO Users (user_id, username, email, join_date, address) VALUES (46, '이준혁', 'temporibus69@nate.com', '2023-06-28 07:50:28', '(44943) 울산광역시 울주군 언양읍 헌양길 234 1층');
INSERT INTO Users (user_id, username, email, join_date, address) VALUES (47, '김옥자', 'at955@naver.com', '2024-11-08 16:33:41', '(63005) 제주 제주시 한경면 저지동길 8-31');
INSERT INTO Users (user_id, username, email, join_date, address) VALUES (48, '홍영식', 'ut808@gmail.com', '2024-10-30 02:04:37', '(34158) 대전광역시 유성구 동서대로 125 한밭대학교 S2동 2층');
INSERT INTO Users (user_id, username, email, join_date, address) VALUES (49, '백수빈', 'fugit497@gmail.com', '2024-01-02 11:44:17', '(21337) 인천광역시 부평구 장제로249번길 16 1층');
INSERT INTO Users (user_id, username, email, join_date, address) VALUES (50, '김정호', 'fugit320@kakao.com', '2025-04-17 18:09:59', '(01456) 서울특별시 도봉구 도봉로114길 57 1층 도도봉봉');

-- Book 테이블 데이터
INSERT INTO Book (book_id, title, author, publisher, isbn, published_date) VALUES (1, '소년이 온다', '한강', '창비', '9788936434120', 2014);
INSERT INTO Book (book_id, title, author, publisher, isbn, published_date) VALUES (2, '작별하지 않는다', '한강', '문학동네', '9788954682152', 2021);
INSERT INTO Book (book_id, title, author, publisher, isbn, published_date) VALUES (3, '채식주의자 (리마스터판)', '한강', '창비', '9788936434595', 2022);
INSERT INTO Book (book_id, title, author, publisher, isbn, published_date) VALUES (4, '흰', '한강', '문학동네', '9791141601713', 2025);
INSERT INTO Book (book_id, title, author, publisher, isbn, published_date) VALUES (5, 'ETS 토익 정기시험 기출문제집 1000 Vol. 4 Reading (리딩)', 'ETS', '(주)YBM(와이비엠)', '9788917239508', 2023);
INSERT INTO Book (book_id, title, author, publisher, isbn, published_date) VALUES (6, 'ETS 토익 정기시험 기출문제집 1000 Vol. 4 Listening (리스닝)', 'ETS', '(주)YBM(와이비엠)', '9788917239492', 2023);
INSERT INTO Book (book_id, title, author, publisher, isbn, published_date) VALUES (7, '이처럼 사소한 것들', '클레어 키건', '다산책방', '9791130646381', 2023);
INSERT INTO Book (book_id, title, author, publisher, isbn, published_date) VALUES (8, '서랍에 저녁을 넣어 두었다', '한강', '문학과지성사', '9788932024639', 2013);
INSERT INTO Book (book_id, title, author, publisher, isbn, published_date) VALUES (9, '그의 운명에 대한 아주 개인적인 생각', '유시민', '생각의길', '9788965138068', 2024);
INSERT INTO Book (book_id, title, author, publisher, isbn, published_date) VALUES (10, '불변의 법칙', '모건 하우절', '서삼독', '9791198517425', 2024);
INSERT INTO Book (book_id, title, author, publisher, isbn, published_date) VALUES (11, '세이노의 가르침 (화이트 에디션)', '세이노', '데이원', '9791168473690', 2023);
INSERT INTO Book (book_id, title, author, publisher, isbn, published_date) VALUES (12, '희랍어 시간', '한강', '문학동네', '9788954616515', 2011);
INSERT INTO Book (book_id, title, author, publisher, isbn, published_date) VALUES (13, '트렌드 코리아 2025', '김난도 외', '미래의창', '9788959897223', 2024);
INSERT INTO Book (book_id, title, author, publisher, isbn, published_date) VALUES (14, '해커스 토익 기출 VOCA (보카)', 'David Cho', '해커스어학연구소(Hackers)', '9788965422785', 2024);
INSERT INTO Book (book_id, title, author, publisher, isbn, published_date) VALUES (15, '모순', '양귀자', '쓰다', '9788998441012', 2013);
INSERT INTO Book (book_id, title, author, publisher, isbn, published_date) VALUES (16, '빨모쌤의 라이브 영어회화', '빨간모자쌤 신용하', '웅진지식하우스', '9788901281797', 2024);
INSERT INTO Book (book_id, title, author, publisher, isbn, published_date) VALUES (17, '나를 소모하지 않는 현명한 태도에 관하여', '마티아스 뇔케', '퍼스트펭귄', '9791198682505', 2024);
INSERT INTO Book (book_id, title, author, publisher, isbn, published_date) VALUES (18, '언젠가 우리가 같은 별을 바라본다면', '차인표', '해결책', '9791191061048', 2021);
INSERT INTO Book (book_id, title, author, publisher, isbn, published_date) VALUES (19, '일류의 조건', '사이토 다카시', '필름(Feelm)', '9791193262122', 2024);
INSERT INTO Book (book_id, title, author, publisher, isbn, published_date) VALUES (20, '맡겨진 소녀', '클레어 키건', '다산책방', '9791130698199', 2023);
INSERT INTO Book (book_id, title, author, publisher, isbn, published_date) VALUES (21, '선재 업고 튀어 1~2 세트 - 전2권', '이시은', '북로그컴퍼니', '9791168030817', 2024);
INSERT INTO Book (book_id, title, author, publisher, isbn, published_date) VALUES (22, '아이는 무엇으로 자라는가', '버지니아 사티어', '포레스트북스', '9791193506202', 2023);
INSERT INTO Book (book_id, title, author, publisher, isbn, published_date) VALUES (23, '리틀 라이프 1', '한야 야나기하라', '시공사', '9788952776372', 2016);
INSERT INTO Book (book_id, title, author, publisher, isbn, published_date) VALUES (24, '허송세월', '김훈', '나남출판', '9788930041683', 2024);
INSERT INTO Book (book_id, title, author, publisher, isbn, published_date) VALUES (25, '디 에센셜 한강 (무선 보급판)', '한강', '문학동네', '9788954693462', 2023);
INSERT INTO Book (book_id, title, author, publisher, isbn, published_date) VALUES (26, '처음부터 시작하는 주식투자 단타전략', '홍인기', '길벗', '9791140707492', 2023);
INSERT INTO Book (book_id, title, author, publisher, isbn, published_date) VALUES (27, '영원한 천국', '정유정', '은행나무', '9791167374561', 2024);
INSERT INTO Book (book_id, title, author, publisher, isbn, published_date) VALUES (28, 'THE MONEY BOOK 더 머니북', '토스', '비바리퍼블리카', '9791198686114', 2024);
INSERT INTO Book (book_id, title, author, publisher, isbn, published_date) VALUES (29, '도둑맞은 집중력', '요한 하리', '어크로스', '9791167740984', 2023);
INSERT INTO Book (book_id, title, author, publisher, isbn, published_date) VALUES (30, '넥서스', '유발 하라리', '김영사', '9791194330424', 2024);
INSERT INTO Book (book_id, title, author, publisher, isbn, published_date) VALUES (31, '리틀 라이프 2', '한야 야나기하라', '시공사', '9788952776389', 2016);
INSERT INTO Book (book_id, title, author, publisher, isbn, published_date) VALUES (32, '일본어 무작정 따라하기 완전판', '후지이 아사리', '길벗이지톡', '9791165219956', 2022);
INSERT INTO Book (book_id, title, author, publisher, isbn, published_date) VALUES (33, 'EBS 다큐프라임 자본주의', 'EBS 자본주의 제작팀', '가나출판사', '9788957365793', 2013);
INSERT INTO Book (book_id, title, author, publisher, isbn, published_date) VALUES (34, '당신이 누군가를 죽였다', '히가시노 게이고', '북다', '9791170611561', 2024);
INSERT INTO Book (book_id, title, author, publisher, isbn, published_date) VALUES (35, '내 몸 혁명', '박용우', '루미너스', '9791198553317', 2024);
INSERT INTO Book (book_id, title, author, publisher, isbn, published_date) VALUES (36, '트럼프 2.0 시대', '박종훈', '글로퍼스', '9791198987600', 2024);
INSERT INTO Book (book_id, title, author, publisher, isbn, published_date) VALUES (37, '찌그러져도 동그라미입니다', '김창완', '웅진지식하우스', '9788901280684', 2024);
INSERT INTO Book (book_id, title, author, publisher, isbn, published_date) VALUES (38, '바람이 분다, 가라', '한강', '문학과지성사', '9788932020006', 2010);
INSERT INTO Book (book_id, title, author, publisher, isbn, published_date) VALUES (39, '남에게 보여주려고 인생을 낭비하지 마라', '아르투어 쇼펜하우어', '페이지2(page2)', '9791169850445', 2023);
INSERT INTO Book (book_id, title, author, publisher, isbn, published_date) VALUES (40, '두 사람의 인터내셔널', '김기태', '문학동네', '9788954697941', 2024);
INSERT INTO Book (book_id, title, author, publisher, isbn, published_date) VALUES (41, '알사탕 제조법', '백희나', 'Storybowl(스토리보울)', '9791198610607', 2024);
INSERT INTO Book (book_id, title, author, publisher, isbn, published_date) VALUES (42, '만화로 보는 3분 철학 1 : 서양 고대 철학편', '김재훈.서정욱', '카시오페아', '9791190776752', 2021);
INSERT INTO Book (book_id, title, author, publisher, isbn, published_date) VALUES (43, '국어 잘하는 아이가 이깁니다', '나민애', '김영사', '9788934965404', 2024);
INSERT INTO Book (book_id, title, author, publisher, isbn, published_date) VALUES (44, '작은 땅의 야수들', '김주혜', '다산책방', '9791130642574', 2023);
INSERT INTO Book (book_id, title, author, publisher, isbn, published_date) VALUES (45, '더 좋은 문장을 쓰고 싶은 당신을 위한 필사책', '이주윤', '빅피시', '9791194033127', 2024);
INSERT INTO Book (book_id, title, author, publisher, isbn, published_date) VALUES (46, '나는 읽고 쓰고 버린다', '손웅정', '난다', '9791191859836', 2024);
INSERT INTO Book (book_id, title, author, publisher, isbn, published_date) VALUES (47, '2024 제15회 젊은작가상 수상작품집', '김멜라 외', '문학동네', '9788954638746', 2024);
INSERT INTO Book (book_id, title, author, publisher, isbn, published_date) VALUES (48, '데미안 (오리지널 초판본 표지디자인)', '헤르만 헤세', '코너스톤', '9791187011590', 2017);
INSERT INTO Book (book_id, title, author, publisher, isbn, published_date) VALUES (49, 'ETS 토익기출 파트별 VOCA 보카', 'ETS', '(주)YBM(와이비엠)', '9788917237481', 2022);
INSERT INTO Book (book_id, title, author, publisher, isbn, published_date) VALUES (50, '물고기는 존재하지 않는다', '룰루 밀러', '곰출판', '9791189327156', 2021);
INSERT INTO Book (book_id, title, author, publisher, isbn, published_date) VALUES (51, '느리게 나이 드는 습관', '정희원', '한빛라이프', '9791193080146', 2023);
INSERT INTO Book (book_id, title, author, publisher, isbn, published_date) VALUES (52, '죽이고 싶은 아이 2', '이꽃님', '우리학교', '9791167552723', 2024);
INSERT INTO Book (book_id, title, author, publisher, isbn, published_date) VALUES (53, '사랑인 줄 알았는데 부정맥', '사단법인 전국유료실버타운협회 포푸라샤 편집부', '포레스트북스', '9791193506073', 2024);
INSERT INTO Book (book_id, title, author, publisher, isbn, published_date) VALUES (54, 'ETS 토익 단기 공략 750+ (LC + RC)', 'ETS', '(주)YBM(와이비엠)', '9788917235944', 2020);
INSERT INTO Book (book_id, title, author, publisher, isbn, published_date) VALUES (55, '좋은 문장 표현에서 문장부호까지!', '이수연', '마리북스', '9791193270134', 2024);
INSERT INTO Book (book_id, title, author, publisher, isbn, published_date) VALUES (56, '여수의 사랑', '한강', '문학과지성사', '9788932034812', 2018);
INSERT INTO Book (book_id, title, author, publisher, isbn, published_date) VALUES (57, '구의 증명', '최진영', '은행나무', '9791167372864', 2023);
INSERT INTO Book (book_id, title, author, publisher, isbn, published_date) VALUES (58, '흐르는 강물처럼', '셸리 리드', '다산책방', '9791130649672', 2024);
INSERT INTO Book (book_id, title, author, publisher, isbn, published_date) VALUES (59, '초역 부처의 말', '코이케 류노스케', '포레스트북스', '9791193506516', 2024);
INSERT INTO Book (book_id, title, author, publisher, isbn, published_date) VALUES (60, '해커스 토익 RC Reading(리딩) 기본서', 'David Cho', '해커스어학연구소(Hackers)', '9788965424765', 2024);
INSERT INTO Book (book_id, title, author, publisher, isbn, published_date) VALUES (61, '불안 세대', '조너선 하이트', '웅진지식하우스', '9788901285894', 2024);
INSERT INTO Book (book_id, title, author, publisher, isbn, published_date) VALUES (62, '이기적 유전자', '리처드 도킨스', '을유문화사', '9788932473901', 2018);
INSERT INTO Book (book_id, title, author, publisher, isbn, published_date) VALUES (63, '코스모스', '칼 세이건', '사이언스북스', '9788983711892', 2006);
INSERT INTO Book (book_id, title, author, publisher, isbn, published_date) VALUES (64, '압수수색', '김용진.한상진.봉지욱', '뉴스타파', '9791198933225', 2025);
INSERT INTO Book (book_id, title, author, publisher, isbn, published_date) VALUES (65, '저속노화 식사법', '정희원', '테이스트북스', '9791141606862', 2024);
INSERT INTO Book (book_id, title, author, publisher, isbn, published_date) VALUES (66, '고층 입원실의 갱스터 할머니', '양유진', '21세기북스', '9791171174508', 2024);
INSERT INTO Book (book_id, title, author, publisher, isbn, published_date) VALUES (67, '흔한남매 16', '흔한남매', '미래엔아이세움', '9791168418011', 2024);
INSERT INTO Book (book_id, title, author, publisher, isbn, published_date) VALUES (68, '시대예보: 호명사회', '송길영', '교보문고(단행본)', '9791170611875', 2024);
INSERT INTO Book (book_id, title, author, publisher, isbn, published_date) VALUES (69, '주술회전 27 트리플 특장판', '아쿠타미 게게', '서울미디어코믹스(서울문화사)', '9791136791047', 2024);
INSERT INTO Book (book_id, title, author, publisher, isbn, published_date) VALUES (70, '퍼스널 MBA', '조쉬 카우프만', '진성북스', '9788997743605', 2024);
INSERT INTO Book (book_id, title, author, publisher, isbn, published_date) VALUES (71, '패밀리 레스토랑 가자. 上', '와야마 야마', '문학동네', '9788954698726', 2024);
INSERT INTO Book (book_id, title, author, publisher, isbn, published_date) VALUES (72, '사피엔스', '유발 하라리', '김영사', '9788934972464', 2023);
INSERT INTO Book (book_id, title, author, publisher, isbn, published_date) VALUES (73, '나는 나의 스무 살을 가장 존중한다', '이하영', '토네이도', '9791158512859', 2024);
INSERT INTO Book (book_id, title, author, publisher, isbn, published_date) VALUES (74, '부모의 어휘력', '김종원', '카시오페아', '9791168271999', 2024);
INSERT INTO Book (book_id, title, author, publisher, isbn, published_date) VALUES (75, '대온실 수리 보고서', '김금희', '창비', '9788936439651', 2024);
INSERT INTO Book (book_id, title, author, publisher, isbn, published_date) VALUES (76, '총 균 쇠', '제레드 다이아몬드', '김영사', '9788934942467', 2023);
INSERT INTO Book (book_id, title, author, publisher, isbn, published_date) VALUES (77, '아주 희미한 빛으로도', '최은영', '문학동네', '9788954695053', 2023);
INSERT INTO Book (book_id, title, author, publisher, isbn, published_date) VALUES (78, '사피엔스 : 그래픽 히스토리 Vol.1', '다니엘 카사나브', '김영사', '9788934991328', 2020);
INSERT INTO Book (book_id, title, author, publisher, isbn, published_date) VALUES (79, '진짜 쓰는 실무 엑셀', '오빠두', '제이펍', '9791191600704', 2022);
INSERT INTO Book (book_id, title, author, publisher, isbn, published_date) VALUES (80, '데일 카네기 인간관계론 (50만부 돌파 초판 무삭제 완역본)', '데일 카네기', '현대지성', '9791187142560', 2019);
INSERT INTO Book (book_id, title, author, publisher, isbn, published_date) VALUES (81, '지적 대화를 위한 넓고 얕은 지식 1', '채사장', '웨일북', '9791190313186', 2020);
INSERT INTO Book (book_id, title, author, publisher, isbn, published_date) VALUES (82, '해커스 토익 LC Listening(리스닝) 기본서', 'David Cho', '해커스어학연구소(Hackers)', '9788965424772', 2024);
INSERT INTO Book (book_id, title, author, publisher, isbn, published_date) VALUES (83, '찬란한 멸종', '이정모', '다산북스', '9791130655017', 2024);
INSERT INTO Book (book_id, title, author, publisher, isbn, published_date) VALUES (84, '꽃길이 따로 있나, 내 삶이 꽃인 것을', '오평선', '포레스트북스', '9791193506394', 2024);
INSERT INTO Book (book_id, title, author, publisher, isbn, published_date) VALUES (85, '원피스 108', '오다 에이치로', '대원씨아이(만화)', '9791172039448', 2024);
INSERT INTO Book (book_id, title, author, publisher, isbn, published_date) VALUES (86, '즐거운 어른', '이옥선', '이야기장수', '9791194184034', 2024);
INSERT INTO Book (book_id, title, author, publisher, isbn, published_date) VALUES (87, '감정의 이해', '엠마 헵번', '포레스트북스', '9791193506455', 2024);
INSERT INTO Book (book_id, title, author, publisher, isbn, published_date) VALUES (88, '딕테', '차학경', '문학사상', '9788970123103', 2024);
INSERT INTO Book (book_id, title, author, publisher, isbn, published_date) VALUES (89, '죽음의 수용소에서', '빅터 프랭클', '청아출판사', '9788936811549', 2020);
INSERT INTO Book (book_id, title, author, publisher, isbn, published_date) VALUES (90, '내가 한 말을 내가 오해하지 않기로 함', '문상훈', '위너스북', '9791189352745', 2024);
INSERT INTO Book (book_id, title, author, publisher, isbn, published_date) VALUES (91, '던전밥 14', '쿠이 료코', '㈜소미미디어', '9791138482769', 2024);
INSERT INTO Book (book_id, title, author, publisher, isbn, published_date) VALUES (92, '룩 백', '후지모토 타츠키', '학산문화사(만화)', '9791168761841', 2022);
INSERT INTO Book (book_id, title, author, publisher, isbn, published_date) VALUES (93, '세상은 이야기로 만들어졌다', '자미라 엘 우아실.프리데만 카릭', '원더박스', '9791192953151', 2023);
INSERT INTO Book (book_id, title, author, publisher, isbn, published_date) VALUES (94, '혼자일 수 없다면 나아갈 수 없다', '프리드리히 니체', '포레스트북스', '9791193506387', 2024);
INSERT INTO Book (book_id, title, author, publisher, isbn, published_date) VALUES (95, '나는 왜 남들보다 쉽게 지칠까', '최재훈', '서스테인', '9791193388075', 2024);
INSERT INTO Book (book_id, title, author, publisher, isbn, published_date) VALUES (96, '인간 실격', '다자이 오사무', '민음사', '9788937461033', 2004);
INSERT INTO Book (book_id, title, author, publisher, isbn, published_date) VALUES (97, '박태웅의 AI 강의 2025', '박태웅', '한빛비즈', '9791157847679', 2024);
INSERT INTO Book (book_id, title, author, publisher, isbn, published_date) VALUES (98, '내 여자의 열매', '한강', '문학과지성사', '9788932034829', 2018);
INSERT INTO Book (book_id, title, author, publisher, isbn, published_date) VALUES (99, '내면소통', '김주환', '인플루엔셜(주)', '9791168340855', 2023);
INSERT INTO Book (book_id, title, author, publisher, isbn, published_date) VALUES (100, '나는 다정한 관찰자가 되기로 했다', '이은경', '서교책방', '9791198752406', 2024);
INSERT INTO Book (book_id, title, author, publisher, isbn, published_date) VALUES (101, '사라진 것들', '앤드루 포터', '문학동네', '9788954697354', 2024);
INSERT INTO Book (book_id, title, author, publisher, isbn, published_date) VALUES (102, '싯다르타', '헤르만 헤세', '민음사', '9788937460586', 2002);
INSERT INTO Book (book_id, title, author, publisher, isbn, published_date) VALUES (103, '급류', '정대건', '민음사', '9788937473401', 2022);
INSERT INTO Book (book_id, title, author, publisher, isbn, published_date) VALUES (104, '누군가를 이토록 사랑한 적', '이병률', '문학과지성사', '9788932042725', 2024);
INSERT INTO Book (book_id, title, author, publisher, isbn, published_date) VALUES (105, '무례한 친구가 생겼어요', '크리스티나 퍼니발', '리틀포레스트', '9791193506332', 2024);
INSERT INTO Book (book_id, title, author, publisher, isbn, published_date) VALUES (106, '푸른 들판을 걷다', '클레어 키건', '다산책방', '9791130654621', 2024);
INSERT INTO Book (book_id, title, author, publisher, isbn, published_date) VALUES (107, '내 언어의 한계는 내 세계의 한계이다', '김종원', '마인드셋', '9791194072003', 2024);
INSERT INTO Book (book_id, title, author, publisher, isbn, published_date) VALUES (108, '죽이고 싶은 아이', '이꽃님', '우리학교', '9791190337755', 2021);
INSERT INTO Book (book_id, title, author, publisher, isbn, published_date) VALUES (109, '음악소설집 音樂小說集', '김애란 외', '프란츠', '9791197325892', 2024);
INSERT INTO Book (book_id, title, author, publisher, isbn, published_date) VALUES (110, '데미안', '헤르만 헤세', '민음사', '9788937460449', 2000);
INSERT INTO Book (book_id, title, author, publisher, isbn, published_date) VALUES (111, '홍학의 자리', '정해연', '엘릭시르', '9788954681155', 2021);
INSERT INTO Book (book_id, title, author, publisher, isbn, published_date) VALUES (112, '내가 생각한 인생이 아니야', '류시화', '수오서재', '9791193238172', 2023);
INSERT INTO Book (book_id, title, author, publisher, isbn, published_date) VALUES (113, '강인함의 힘', '스티브 매그니스', '상상스퀘어', '9791192389776', 2024);
INSERT INTO Book (book_id, title, author, publisher, isbn, published_date) VALUES (114, '쿠이 료코 낙서집 데이드림 아워', '쿠이 료코', '㈜소미미디어', '9791138483162', 2024);
INSERT INTO Book (book_id, title, author, publisher, isbn, published_date) VALUES (115, '여름을 한 입 베어 물었더니', '이꽃님', '문학동네', '9788954694575', 2023);
INSERT INTO Book (book_id, title, author, publisher, isbn, published_date) VALUES (116, '검은 사슴', '한강', '문학동네', '9788954648905', 2017);
INSERT INTO Book (book_id, title, author, publisher, isbn, published_date) VALUES (117, '어른의 행복은 조용하다', '태수', '페이지2(page2)', '9791169851053', 2024);
INSERT INTO Book (book_id, title, author, publisher, isbn, published_date) VALUES (118, '로봇 드림', '사라 바론', '놀', '9791130651309', 2024);
INSERT INTO Book (book_id, title, author, publisher, isbn, published_date) VALUES (119, '나는 행복한 푸바오 할부지입니다', '강철원', '시공사', '9791171251179', 2024);
INSERT INTO Book (book_id, title, author, publisher, isbn, published_date) VALUES (120, '해피버쓰데이', '백희나', 'Storybowl(스토리보울)', '9791198807281', 2024);
INSERT INTO Book (book_id, title, author, publisher, isbn, published_date) VALUES (121, 'JLPT 일본어능력시험 한권으로 끝내기 N3', '이치우. 기타지마 치즈코', '다락원', '9788927712435', 2021);
INSERT INTO Book (book_id, title, author, publisher, isbn, published_date) VALUES (122, '어떤 어른', '김소영', '사계절', '9791169813419', 2024);
INSERT INTO Book (book_id, title, author, publisher, isbn, published_date) VALUES (123, '던전밥 13', '쿠이 료코', '㈜소미미디어', '9791138481762', 2024);
INSERT INTO Book (book_id, title, author, publisher, isbn, published_date) VALUES (124, '나에게 들려주는 예쁜 말', '김종원', '상상아이(상상아카데미)', '9791193379158', 2024);
INSERT INTO Book (book_id, title, author, publisher, isbn, published_date) VALUES (125, '해커스 일본어 첫걸음 : 기초 20일 독학 완성!', '해커스JLPT연구소', '해커스어학연구소(Hackers)', '9788965424215', 2024);
INSERT INTO Book (book_id, title, author, publisher, isbn, published_date) VALUES (126, '주아쌤의 툭 치면 탁 나오는 영어회화 (특별 부록 한정판)', '주아쌤', '몽스북', '9791191401981', 2024);
INSERT INTO Book (book_id, title, author, publisher, isbn, published_date) VALUES (127, '원피스 107', '오다 에이이치로', '대원씨아이(만화)', '9791171723331', 2024);
INSERT INTO Book (book_id, title, author, publisher, isbn, published_date) VALUES (128, '트렌드 코리아 2024', '김난도 외', '미래의창', '9788959897179', 2023);
INSERT INTO Book (book_id, title, author, publisher, isbn, published_date) VALUES (129, '하이큐!! 매거진 2024 MAY', '후루다테 하루이치', '대원씨아이(만화)', '9791172450021', 2024);
INSERT INTO Book (book_id, title, author, publisher, isbn, published_date) VALUES (130, '극락가 2', '사노 유토', '대원씨아이(만화)', '9791142302558', 2024);
INSERT INTO Book (book_id, title, author, publisher, isbn, published_date) VALUES (131, '삶이 흔들릴 때 뇌과학을 읽습니다', '이케가야 유지', '힉스', '9791198704504', 2024);
INSERT INTO Book (book_id, title, author, publisher, isbn, published_date) VALUES (132, '나의 히어로 아카데미아 41 (트리플 특장판)', '호리코시 코헤이', '서울미디어코믹스(서울문화사)', '9791136793959', 2024);
INSERT INTO Book (book_id, title, author, publisher, isbn, published_date) VALUES (133, '나의 인생만사 답사기', '유홍준', '창비', '9788936480608', 2024);
INSERT INTO Book (book_id, title, author, publisher, isbn, published_date) VALUES (134, '유목민의 투자의 정석', '유목민', '리더스북', '9788901279282', 2024);
INSERT INTO Book (book_id, title, author, publisher, isbn, published_date) VALUES (135, '긴긴밤', '루리', '문학동네', '9788954677158', 2021);
INSERT INTO Book (book_id, title, author, publisher, isbn, published_date) VALUES (136, '사랑을 무게로 안 느끼게', '박완서', '세계사', '9788933872352', 2024);
INSERT INTO Book (book_id, title, author, publisher, isbn, published_date) VALUES (137, '달리기를 말할 때 내가 하고 싶은 이야기', '무라카미 하루키', '문학사상', '9788970128337', 2009);
INSERT INTO Book (book_id, title, author, publisher, isbn, published_date) VALUES (138, '질병 해방', '피터 아티아.빌 기퍼드', '부키', '9791193528129', 2024);
INSERT INTO Book (book_id, title, author, publisher, isbn, published_date) VALUES (139, '철학은 날씨를 바꾼다', '서동욱', '김영사', '9788934971351', 2024);
INSERT INTO Book (book_id, title, author, publisher, isbn, published_date) VALUES (140, '원피스 109', '오다 에이치로', '대원씨아이(만화)', '9791172884925', 2024);
INSERT INTO Book (book_id, title, author, publisher, isbn, published_date) VALUES (141, '일본어 문법 무작정 따라하기', '후지이 아사리', '길벗이지톡', '9791140702978', 2023);
INSERT INTO Book (book_id, title, author, publisher, isbn, published_date) VALUES (142, '용선생 교과서 세계사 1', '사회평론 역사연구소', '사회평론', '9791162733189', 2023);
INSERT INTO Book (book_id, title, author, publisher, isbn, published_date) VALUES (143, '인생은 순간이다', '김성근', '다산북스', '9791130648385', 2023);
INSERT INTO Book (book_id, title, author, publisher, isbn, published_date) VALUES (144, '컨셉 수업', '호소다 다카히로', '알에이치코리아(RHK)', '9788925575438', 2024);
INSERT INTO Book (book_id, title, author, publisher, isbn, published_date) VALUES (145, '물질의 세계', '에드 콘웨이', '인플루엔셜(주)', '9791168341746', 2024);
INSERT INTO Book (book_id, title, author, publisher, isbn, published_date) VALUES (146, '지적 대화를 위한 넓고 얕은 지식 무한', '채사장', '웨일북', '9791192097978', 2024);
INSERT INTO Book (book_id, title, author, publisher, isbn, published_date) VALUES (147, '한 권으로 끝내는 해커스 토익 700+ (LC+RC+VOCA)', '해커스어학연구소', '해커스어학연구소(Hackers)', '9788965424628', 2023);
INSERT INTO Book (book_id, title, author, publisher, isbn, published_date) VALUES (148, '생각의 연금술', '제임스 알렌', '포레스트북스', '9791193506844', 2024);
INSERT INTO Book (book_id, title, author, publisher, isbn, published_date) VALUES (149, '시한부', '백은별', '바른북스', '9791193647646', 2024);
INSERT INTO Book (book_id, title, author, publisher, isbn, published_date) VALUES (150, '푸바오, 언제나 사랑해', '강철원', '시공주니어', '9791171253128', 2024);
INSERT INTO Book (book_id, title, author, publisher, isbn, published_date) VALUES (151, '인생의 의미', '토마스 힐란드 에릭센', '더퀘스트', '9791140710690', 2024);
INSERT INTO Book (book_id, title, author, publisher, isbn, published_date) VALUES (152, '이은경쌤의 초등어휘일력 365 (스프링)', '이은경', '포레스트북스', '9791192625300', 2022);
INSERT INTO Book (book_id, title, author, publisher, isbn, published_date) VALUES (153, '신화의 숲', '김헌', '포레스트북스', '9791193506448', 2024);
INSERT INTO Book (book_id, title, author, publisher, isbn, published_date) VALUES (154, '지박소년 하나코 군 21', '아이다이로', '서울미디어코믹스(서울문화사)', '9791136784605', 2024);
INSERT INTO Book (book_id, title, author, publisher, isbn, published_date) VALUES (155, '철학의 쓸모', '로랑스 드빌레르', 'FIKA(피카)', '9791193866146', 2024);
INSERT INTO Book (book_id, title, author, publisher, isbn, published_date) VALUES (156, '제철 행복', '김신지', '인플루엔셜(주)', '9791168341890', 2024);
INSERT INTO Book (book_id, title, author, publisher, isbn, published_date) VALUES (157, '어떻게 살 것인가', '이광수', '이든하우스', '9791198564139', 2024);
INSERT INTO Book (book_id, title, author, publisher, isbn, published_date) VALUES (158, '오십에 읽는 주역', '강기진', '유노북스', '9791192300917', 2023);
INSERT INTO Book (book_id, title, author, publisher, isbn, published_date) VALUES (159, '일본어 상용한자 무작정 따라하기 1', '권경배', '길벗이지톡', '9791140703050', 2023);
INSERT INTO Book (book_id, title, author, publisher, isbn, published_date) VALUES (160, '세계를 건너 너에게 갈게', '이꽃님', '문학동네', '9788954650212', 2018);
INSERT INTO Book (book_id, title, author, publisher, isbn, published_date) VALUES (161, '키위엔 영어회화 하루 5분의 기적', '박강준', '키위엔', '9791198002907', 2022);
INSERT INTO Book (book_id, title, author, publisher, isbn, published_date) VALUES (162, '삼체 1부 : 삼체문제', '류츠신', '자음과모음', '9788954442695', 2022);
INSERT INTO Book (book_id, title, author, publisher, isbn, published_date) VALUES (163, '괴수 8호 side B 1', '히다노 켄타로', '서울미디어코믹스(서울문화사)', '9791136789891', 2024);
INSERT INTO Book (book_id, title, author, publisher, isbn, published_date) VALUES (164, '일의 감각', '조수용', 'B Media Company', '9791193383193', 2024);
INSERT INTO Book (book_id, title, author, publisher, isbn, published_date) VALUES (165, '아주 세속적인 지혜', '발타자르 그라시안', '페이지2(page2)', '9791169850179', 2023);
INSERT INTO Book (book_id, title, author, publisher, isbn, published_date) VALUES (166, '고양이 해결사 깜냥 7', '홍민정', '창비', '9788936448752', 2024);
INSERT INTO Book (book_id, title, author, publisher, isbn, published_date) VALUES (167, '빨간내복야코 맞춤법 절대 안 틀리는 책 1', '오차', '위즈덤하우스', '9791171711451', 2024);
INSERT INTO Book (book_id, title, author, publisher, isbn, published_date) VALUES (168, '나는 배당투자로 매일 스타벅스 커피를 공짜로 마신다', '송민섭', '21세기북스', '9791171171989', 2023);
INSERT INTO Book (book_id, title, author, publisher, isbn, published_date) VALUES (169, '아주 작은 대화의 기술', '레일 라운즈', '현대지성', '9791139716795', 2024);
INSERT INTO Book (book_id, title, author, publisher, isbn, published_date) VALUES (170, '해독 혁명', '닥터 라이블리', '웅진지식하우스', '9788901285146', 2024);
INSERT INTO Book (book_id, title, author, publisher, isbn, published_date) VALUES (171, '김재우의 영어회화 100', '김재우', '상상스퀘어', '9791192389172', 2023);
INSERT INTO Book (book_id, title, author, publisher, isbn, published_date) VALUES (172, '수레바퀴 아래서 (오리지널 초판본 표지디자인)', '헤르만 헤세', '코너스톤', '9791187011606', 2017);
INSERT INTO Book (book_id, title, author, publisher, isbn, published_date) VALUES (173, '마흔에 읽는 쇼펜하우어 (리커버, 200쇄 기념 확장판)', '강용수', '유노북스', '9791192300818', 2023);
INSERT INTO Book (book_id, title, author, publisher, isbn, published_date) VALUES (174, '숙론', '최재천', '김영사', '9788934950196', 2024);
INSERT INTO Book (book_id, title, author, publisher, isbn, published_date) VALUES (175, '삐뽀삐뽀 119 소아과 (개정13판)', '하정훈', '유니책방', '9791195795505', 2024);
INSERT INTO Book (book_id, title, author, publisher, isbn, published_date) VALUES (176, '어두울 때에야 보이는 것들이 있습니다', '슈테판 츠바이크', '다산초당', '9791130657462', 2024);
INSERT INTO Book (book_id, title, author, publisher, isbn, published_date) VALUES (177, '부자 아빠 가난한 아빠 1 (20주년 특별 기념판)', '로버트 기요사키', '민음인', '9791158883591', 2018);
INSERT INTO Book (book_id, title, author, publisher, isbn, published_date) VALUES (178, '말하지 않으면 인생은 바뀌지 않는다', '샘 혼', '서삼독', '9791193904046', 2024);
INSERT INTO Book (book_id, title, author, publisher, isbn, published_date) VALUES (179, '웡카', '시빌 파운더', '시공주니어', '9791171252565', 2024);
INSERT INTO Book (book_id, title, author, publisher, isbn, published_date) VALUES (180, '비트코인 슈퍼 사이클', '신민철', '(주)거인의정원', '9791198252487', 2024);
INSERT INTO Book (book_id, title, author, publisher, isbn, published_date) VALUES (181, '프로젝트 헤일메리', '앤디 위어', '알에이치코리아(RHK)', '9788925588735', 2021);
INSERT INTO Book (book_id, title, author, publisher, isbn, published_date) VALUES (182, '감정 호텔', '리디아 브란코비치', '책읽는곰', '9791158364519', 2024);
INSERT INTO Book (book_id, title, author, publisher, isbn, published_date) VALUES (183, '메리골드 마음 사진관', '윤정은', '북로망스', '9791198530325', 2024);
INSERT INTO Book (book_id, title, author, publisher, isbn, published_date) VALUES (184, '철도원 삼대', '황석영', '창비', '9788936434434', 2020);
INSERT INTO Book (book_id, title, author, publisher, isbn, published_date) VALUES (185, '빛이 이끄는 곳으로', '백희성', '북로망스', '9791193937198', 2024);
INSERT INTO Book (book_id, title, author, publisher, isbn, published_date) VALUES (186, '율의 시선 (반양장)', '김민서', '창비', '9788936457259', 2024);
INSERT INTO Book (book_id, title, author, publisher, isbn, published_date) VALUES (187, '회복탄력성 (15만부 기념 리커버)', '김주환', '위즈덤하우스', '9791189938772', 2019);
INSERT INTO Book (book_id, title, author, publisher, isbn, published_date) VALUES (188, '침묵을 배우는 시간', '코르넬리아 토프', '서교책방', '9791198752444', 2024);
INSERT INTO Book (book_id, title, author, publisher, isbn, published_date) VALUES (189, '아주 작은 습관의 힘', '제임스 클리어', '비즈니스북스', '9791162540640', 2019);
INSERT INTO Book (book_id, title, author, publisher, isbn, published_date) VALUES (190, '가난한 아이들은 어떻게 어른이 되는가', '강지나', '돌베개', '9791192836355', 2023);
INSERT INTO Book (book_id, title, author, publisher, isbn, published_date) VALUES (191, '28시간에 끝내는 토익스피킹 스타트', '황인기.시원스쿨 어학연구소', '시원스쿨LAB', '9791186858387', 2025);
INSERT INTO Book (book_id, title, author, publisher, isbn, published_date) VALUES (192, '왜 당신은 다른 사람을 위해 살고 있는가', '고윤', '딥앤와이드(Deep&WIde)', '9791191369540', 2024);
INSERT INTO Book (book_id, title, author, publisher, isbn, published_date) VALUES (193, '츠츠츠츠', '이지은', '사계절', '9791169812085', 2024);
INSERT INTO Book (book_id, title, author, publisher, isbn, published_date) VALUES (194, '깨진 틈이 있어야 그 사이로 빛이 들어온다', '프리드리히 니체', '페이지2(page2)', '9791169850681', 2024);
INSERT INTO Book (book_id, title, author, publisher, isbn, published_date) VALUES (195, '동사 X 전치사 도감', '권은희', '길벗이지톡', '9791140709960', 2024);
INSERT INTO Book (book_id, title, author, publisher, isbn, published_date) VALUES (196, '1984 (오리지널 초판본 표지 디자인)', '조지 오웰', '코너스톤', '9791190669238', 2020);
INSERT INTO Book (book_id, title, author, publisher, isbn, published_date) VALUES (197, 'JLPT 일본어능력시험 한권으로 끝내기 N2', '이치우.기타지마 치즈코', '다락원', '9788927712428', 2021);
INSERT INTO Book (book_id, title, author, publisher, isbn, published_date) VALUES (198, '가난한 찰리의 연감', '찰리 멍거', '김영사', '9788934911388', 2024);
INSERT INTO Book (book_id, title, author, publisher, isbn, published_date) VALUES (199, '이방인', '알베르 카뮈', '민음사', '9788937443848', 2019);
INSERT INTO Book (book_id, title, author, publisher, isbn, published_date) VALUES (200, '용선생 교과서 세계사 2', '사회평론 역사연구소', '사회평론', '9791162733196', 2023);

-- UsedBook 테이블 데이터
INSERT INTO UsedBook (used_book_id, book_id, price, registered_date, status) VALUES (1, 1, 9990, '2025-05-29 15:11:52', '판매완료');
INSERT INTO UsedBook (used_book_id, book_id, price, registered_date, status) VALUES (2, 1, 8004, '2019-11-20 20:57:33', '판매중');
INSERT INTO UsedBook (used_book_id, book_id, price, registered_date, status) VALUES (3, 1, 11956, '2021-02-18 03:07:33', '판매완료');
INSERT INTO UsedBook (used_book_id, book_id, price, registered_date, status) VALUES (4, 1, 10225, '2019-02-03 05:07:13', '판매완료');
INSERT INTO UsedBook (used_book_id, book_id, price, registered_date, status) VALUES (5, 1, 7278, '2021-08-08 03:36:28', '판매중');
INSERT INTO UsedBook (used_book_id, book_id, price, registered_date, status) VALUES (6, 2, 7721, '2024-03-19 22:31:23', '판매완료');
INSERT INTO UsedBook (used_book_id, book_id, price, registered_date, status) VALUES (7, 2, 12520, '2022-04-01 00:32:08', '판매완료');
INSERT INTO UsedBook (used_book_id, book_id, price, registered_date, status) VALUES (8, 2, 8743, '2024-12-18 04:27:03', '판매중');
INSERT INTO UsedBook (used_book_id, book_id, price, registered_date, status) VALUES (9, 2, 11180, '2024-03-31 03:03:26', '판매완료');
INSERT INTO UsedBook (used_book_id, book_id, price, registered_date, status) VALUES (10, 2, 11687, '2022-01-18 01:23:42', '판매완료');
INSERT INTO UsedBook (used_book_id, book_id, price, registered_date, status) VALUES (11, 3, 8008, '2023-03-11 15:21:18', '판매중');
INSERT INTO UsedBook (used_book_id, book_id, price, registered_date, status) VALUES (12, 3, 13152, '2022-12-16 11:14:28', '판매완료');
INSERT INTO UsedBook (used_book_id, book_id, price, registered_date, status) VALUES (13, 3, 7909, '2022-08-20 12:26:21', '판매중');
INSERT INTO UsedBook (used_book_id, book_id, price, registered_date, status) VALUES (14, 3, 13020, '2024-11-26 09:42:13', '판매완료');
INSERT INTO UsedBook (used_book_id, book_id, price, registered_date, status) VALUES (15, 3, 9051, '2024-09-18 17:12:39', '판매완료');
INSERT INTO UsedBook (used_book_id, book_id, price, registered_date, status) VALUES (16, 4, 7669, '2025-06-04 11:53:52', '판매완료');
INSERT INTO UsedBook (used_book_id, book_id, price, registered_date, status) VALUES (17, 4, 9931, '2025-05-12 14:00:33', '판매중');
INSERT INTO UsedBook (used_book_id, book_id, price, registered_date, status) VALUES (18, 4, 6878, '2025-05-30 10:23:08', '판매완료');
INSERT INTO UsedBook (used_book_id, book_id, price, registered_date, status) VALUES (19, 4, 10091, '2025-06-03 19:45:38', '판매완료');
INSERT INTO UsedBook (used_book_id, book_id, price, registered_date, status) VALUES (20, 4, 7589, '2025-06-04 01:34:42', '판매완료');
INSERT INTO UsedBook (used_book_id, book_id, price, registered_date, status) VALUES (21, 5, 13600, '2024-06-17 17:32:37', '판매완료');
INSERT INTO UsedBook (used_book_id, book_id, price, registered_date, status) VALUES (22, 5, 15839, '2024-06-21 17:33:27', '판매완료');
INSERT INTO UsedBook (used_book_id, book_id, price, registered_date, status) VALUES (23, 5, 12178, '2025-03-15 03:35:51', '판매완료');
INSERT INTO UsedBook (used_book_id, book_id, price, registered_date, status) VALUES (24, 5, 15684, '2025-03-18 19:26:06', '판매중');
INSERT INTO UsedBook (used_book_id, book_id, price, registered_date, status) VALUES (25, 5, 12786, '2024-08-14 10:14:12', '판매완료');
INSERT INTO UsedBook (used_book_id, book_id, price, registered_date, status) VALUES (26, 6, 10351, '2025-01-30 06:24:28', '판매중');
INSERT INTO UsedBook (used_book_id, book_id, price, registered_date, status) VALUES (27, 6, 15030, '2024-08-10 15:15:23', '판매완료');
INSERT INTO UsedBook (used_book_id, book_id, price, registered_date, status) VALUES (28, 6, 8933, '2025-05-27 04:51:53', '판매완료');
INSERT INTO UsedBook (used_book_id, book_id, price, registered_date, status) VALUES (29, 6, 10463, '2025-03-15 08:17:15', '판매완료');
INSERT INTO UsedBook (used_book_id, book_id, price, registered_date, status) VALUES (30, 6, 15707, '2024-07-20 13:37:03', '판매중');
INSERT INTO UsedBook (used_book_id, book_id, price, registered_date, status) VALUES (31, 7, 8070, '2025-02-07 22:02:25', '판매완료');
INSERT INTO UsedBook (used_book_id, book_id, price, registered_date, status) VALUES (32, 7, 7223, '2025-03-08 16:13:15', '판매중');
INSERT INTO UsedBook (used_book_id, book_id, price, registered_date, status) VALUES (33, 7, 7873, '2024-09-08 05:04:39', '판매완료');
INSERT INTO UsedBook (used_book_id, book_id, price, registered_date, status) VALUES (34, 7, 9160, '2025-05-21 10:09:06', '판매완료');
INSERT INTO UsedBook (used_book_id, book_id, price, registered_date, status) VALUES (35, 7, 9397, '2024-07-23 16:44:37', '판매완료');
INSERT INTO UsedBook (used_book_id, book_id, price, registered_date, status) VALUES (36, 8, 7572, '2021-12-17 19:49:28', '판매중');
INSERT INTO UsedBook (used_book_id, book_id, price, registered_date, status) VALUES (37, 8, 6890, '2021-09-07 14:02:12', '판매중');
INSERT INTO UsedBook (used_book_id, book_id, price, registered_date, status) VALUES (38, 8, 9206, '2019-11-04 12:00:28', '판매중');
INSERT INTO UsedBook (used_book_id, book_id, price, registered_date, status) VALUES (39, 8, 8430, '2023-12-08 11:19:15', '판매완료');
INSERT INTO UsedBook (used_book_id, book_id, price, registered_date, status) VALUES (40, 8, 6847, '2021-08-03 17:48:52', '판매완료');
INSERT INTO UsedBook (used_book_id, book_id, price, registered_date, status) VALUES (41, 9, 9812, '2024-11-11 10:52:20', '판매완료');
INSERT INTO UsedBook (used_book_id, book_id, price, registered_date, status) VALUES (42, 9, 13399, '2025-04-09 08:55:24', '판매중');
INSERT INTO UsedBook (used_book_id, book_id, price, registered_date, status) VALUES (43, 9, 12238, '2024-10-11 17:48:32', '판매중');
INSERT INTO UsedBook (used_book_id, book_id, price, registered_date, status) VALUES (44, 9, 9798, '2025-03-18 15:50:16', '판매중');
INSERT INTO UsedBook (used_book_id, book_id, price, registered_date, status) VALUES (45, 9, 11429, '2024-12-10 15:20:24', '판매중');
INSERT INTO UsedBook (used_book_id, book_id, price, registered_date, status) VALUES (46, 10, 11968, '2025-03-04 17:13:28', '판매완료');
INSERT INTO UsedBook (used_book_id, book_id, price, registered_date, status) VALUES (47, 10, 13481, '2025-04-22 12:02:06', '판매완료');
INSERT INTO UsedBook (used_book_id, book_id, price, registered_date, status) VALUES (48, 10, 16846, '2025-06-03 04:51:47', '판매완료');
INSERT INTO UsedBook (used_book_id, book_id, price, registered_date, status) VALUES (49, 10, 11791, '2025-03-08 12:17:51', '판매중');
INSERT INTO UsedBook (used_book_id, book_id, price, registered_date, status) VALUES (50, 10, 12190, '2025-04-01 08:19:58', '판매완료');
INSERT INTO UsedBook (used_book_id, book_id, price, registered_date, status) VALUES (51, 11, 4115, '2024-01-18 01:12:41', '판매완료');
INSERT INTO UsedBook (used_book_id, book_id, price, registered_date, status) VALUES (52, 11, 3749, '2025-02-10 13:08:55', '판매완료');
INSERT INTO UsedBook (used_book_id, book_id, price, registered_date, status) VALUES (53, 11, 4476, '2024-05-17 01:51:42', '판매완료');
INSERT INTO UsedBook (used_book_id, book_id, price, registered_date, status) VALUES (54, 11, 4650, '2025-05-29 21:18:16', '판매중');
INSERT INTO UsedBook (used_book_id, book_id, price, registered_date, status) VALUES (55, 11, 4746, '2024-02-05 19:39:38', '판매완료');
INSERT INTO UsedBook (used_book_id, book_id, price, registered_date, status) VALUES (56, 12, 5872, '2017-02-20 13:28:43', '판매완료');
INSERT INTO UsedBook (used_book_id, book_id, price, registered_date, status) VALUES (57, 12, 6407, '2019-12-25 18:18:48', '판매완료');
INSERT INTO UsedBook (used_book_id, book_id, price, registered_date, status) VALUES (58, 12, 7163, '2019-12-14 00:54:14', '판매중');
INSERT INTO UsedBook (used_book_id, book_id, price, registered_date, status) VALUES (59, 12, 9553, '2019-06-09 18:59:36', '판매완료');
INSERT INTO UsedBook (used_book_id, book_id, price, registered_date, status) VALUES (60, 12, 7197, '2012-07-08 04:34:41', '판매완료');
INSERT INTO UsedBook (used_book_id, book_id, price, registered_date, status) VALUES (61, 13, 14025, '2025-04-27 03:58:14', '판매중');
INSERT INTO UsedBook (used_book_id, book_id, price, registered_date, status) VALUES (62, 13, 9809, '2025-02-07 03:25:45', '판매중');
INSERT INTO UsedBook (used_book_id, book_id, price, registered_date, status) VALUES (63, 13, 13523, '2025-04-20 13:03:02', '판매완료');
INSERT INTO UsedBook (used_book_id, book_id, price, registered_date, status) VALUES (64, 13, 13148, '2024-12-19 22:53:02', '판매완료');
INSERT INTO UsedBook (used_book_id, book_id, price, registered_date, status) VALUES (65, 13, 15021, '2025-03-02 00:26:39', '판매중');
INSERT INTO UsedBook (used_book_id, book_id, price, registered_date, status) VALUES (66, 14, 8137, '2025-04-13 16:12:03', '판매완료');
INSERT INTO UsedBook (used_book_id, book_id, price, registered_date, status) VALUES (67, 14, 10442, '2025-03-14 01:11:18', '판매완료');
INSERT INTO UsedBook (used_book_id, book_id, price, registered_date, status) VALUES (68, 14, 8775, '2024-11-29 03:29:06', '판매완료');
INSERT INTO UsedBook (used_book_id, book_id, price, registered_date, status) VALUES (69, 14, 10297, '2025-02-25 10:15:33', '판매완료');
INSERT INTO UsedBook (used_book_id, book_id, price, registered_date, status) VALUES (70, 14, 9346, '2025-05-10 17:37:49', '판매완료');
INSERT INTO UsedBook (used_book_id, book_id, price, registered_date, status) VALUES (71, 15, 6249, '2015-11-24 06:37:17', '판매중');
INSERT INTO UsedBook (used_book_id, book_id, price, registered_date, status) VALUES (72, 15, 6526, '2013-08-05 14:52:49', '판매중');
INSERT INTO UsedBook (used_book_id, book_id, price, registered_date, status) VALUES (73, 15, 8154, '2019-09-05 12:41:03', '판매완료');
INSERT INTO UsedBook (used_book_id, book_id, price, registered_date, status) VALUES (74, 15, 8242, '2023-06-09 10:40:40', '판매완료');
INSERT INTO UsedBook (used_book_id, book_id, price, registered_date, status) VALUES (75, 15, 9785, '2019-04-02 11:57:45', '판매중');
INSERT INTO UsedBook (used_book_id, book_id, price, registered_date, status) VALUES (76, 16, 13606, '2025-03-27 23:39:23', '판매중');
INSERT INTO UsedBook (used_book_id, book_id, price, registered_date, status) VALUES (77, 16, 11621, '2024-08-21 21:27:22', '판매완료');
INSERT INTO UsedBook (used_book_id, book_id, price, registered_date, status) VALUES (78, 16, 10299, '2024-12-31 05:42:09', '판매완료');
INSERT INTO UsedBook (used_book_id, book_id, price, registered_date, status) VALUES (79, 16, 13690, '2024-09-15 07:46:57', '판매완료');
INSERT INTO UsedBook (used_book_id, book_id, price, registered_date, status) VALUES (80, 16, 11507, '2025-01-09 17:35:13', '판매중');
INSERT INTO UsedBook (used_book_id, book_id, price, registered_date, status) VALUES (81, 17, 11914, '2025-04-16 15:19:25', '판매중');
INSERT INTO UsedBook (used_book_id, book_id, price, registered_date, status) VALUES (82, 17, 9401, '2025-03-22 10:49:46', '판매완료');
INSERT INTO UsedBook (used_book_id, book_id, price, registered_date, status) VALUES (83, 17, 9640, '2024-07-17 23:17:53', '판매완료');
INSERT INTO UsedBook (used_book_id, book_id, price, registered_date, status) VALUES (84, 17, 11018, '2024-08-02 07:16:34', '판매완료');
INSERT INTO UsedBook (used_book_id, book_id, price, registered_date, status) VALUES (85, 17, 11579, '2025-01-18 22:03:27', '판매완료');
INSERT INTO UsedBook (used_book_id, book_id, price, registered_date, status) VALUES (86, 18, 7289, '2025-05-22 16:50:41', '판매중');
INSERT INTO UsedBook (used_book_id, book_id, price, registered_date, status) VALUES (87, 18, 6260, '2025-03-07 17:18:21', '판매중');
INSERT INTO UsedBook (used_book_id, book_id, price, registered_date, status) VALUES (88, 18, 9176, '2025-04-14 23:50:21', '판매완료');
INSERT INTO UsedBook (used_book_id, book_id, price, registered_date, status) VALUES (89, 18, 9707, '2025-01-26 09:16:04', '판매완료');
INSERT INTO UsedBook (used_book_id, book_id, price, registered_date, status) VALUES (90, 18, 9412, '2024-05-08 12:51:55', '판매중');
INSERT INTO UsedBook (used_book_id, book_id, price, registered_date, status) VALUES (91, 19, 13233, '2024-09-30 20:09:32', '판매완료');
INSERT INTO UsedBook (used_book_id, book_id, price, registered_date, status) VALUES (92, 19, 14121, '2024-09-09 15:58:55', '판매중');
INSERT INTO UsedBook (used_book_id, book_id, price, registered_date, status) VALUES (93, 19, 12745, '2025-04-02 15:02:14', '판매완료');
INSERT INTO UsedBook (used_book_id, book_id, price, registered_date, status) VALUES (94, 19, 9103, '2025-02-22 15:08:58', '판매완료');
INSERT INTO UsedBook (used_book_id, book_id, price, registered_date, status) VALUES (95, 19, 9252, '2024-07-13 21:03:18', '판매중');
INSERT INTO UsedBook (used_book_id, book_id, price, registered_date, status) VALUES (96, 20, 9784, '2023-10-07 23:59:37', '판매완료');
INSERT INTO UsedBook (used_book_id, book_id, price, registered_date, status) VALUES (97, 20, 7234, '2024-02-16 22:45:28', '판매완료');
INSERT INTO UsedBook (used_book_id, book_id, price, registered_date, status) VALUES (98, 20, 7552, '2024-11-11 02:47:54', '판매완료');
INSERT INTO UsedBook (used_book_id, book_id, price, registered_date, status) VALUES (99, 20, 6800, '2024-01-01 10:54:59', '판매완료');
INSERT INTO UsedBook (used_book_id, book_id, price, registered_date, status) VALUES (100, 20, 9251, '2025-04-26 09:38:49', '판매완료');
INSERT INTO UsedBook (used_book_id, book_id, price, registered_date, status) VALUES (101, 21, 30742, '2025-04-15 02:06:13', '판매완료');
INSERT INTO UsedBook (used_book_id, book_id, price, registered_date, status) VALUES (102, 21, 23259, '2025-01-05 15:19:49', '판매중');
INSERT INTO UsedBook (used_book_id, book_id, price, registered_date, status) VALUES (103, 21, 22506, '2025-04-06 12:39:21', '판매완료');
INSERT INTO UsedBook (used_book_id, book_id, price, registered_date, status) VALUES (104, 21, 26055, '2025-01-27 15:10:41', '판매완료');
INSERT INTO UsedBook (used_book_id, book_id, price, registered_date, status) VALUES (105, 21, 24476, '2025-01-27 16:24:20', '판매완료');
INSERT INTO UsedBook (used_book_id, book_id, price, registered_date, status) VALUES (106, 22, 11812, '2024-10-10 03:21:14', '판매중');
INSERT INTO UsedBook (used_book_id, book_id, price, registered_date, status) VALUES (107, 22, 8768, '2024-09-21 17:25:13', '판매중');
INSERT INTO UsedBook (used_book_id, book_id, price, registered_date, status) VALUES (108, 22, 9334, '2024-12-02 05:24:11', '판매중');
INSERT INTO UsedBook (used_book_id, book_id, price, registered_date, status) VALUES (109, 22, 14104, '2024-10-21 02:39:39', '판매중');
INSERT INTO UsedBook (used_book_id, book_id, price, registered_date, status) VALUES (110, 22, 12542, '2025-05-16 21:45:54', '판매완료');
INSERT INTO UsedBook (used_book_id, book_id, price, registered_date, status) VALUES (111, 23, 9287, '2020-09-13 23:56:20', '판매완료');
INSERT INTO UsedBook (used_book_id, book_id, price, registered_date, status) VALUES (112, 23, 10068, '2023-04-23 19:06:24', '판매완료');
INSERT INTO UsedBook (used_book_id, book_id, price, registered_date, status) VALUES (113, 23, 8725, '2019-09-21 19:17:45', '판매중');
INSERT INTO UsedBook (used_book_id, book_id, price, registered_date, status) VALUES (114, 23, 10430, '2019-10-17 18:34:52', '판매완료');
INSERT INTO UsedBook (used_book_id, book_id, price, registered_date, status) VALUES (115, 23, 10636, '2022-10-26 04:44:24', '판매중');
INSERT INTO UsedBook (used_book_id, book_id, price, registered_date, status) VALUES (116, 24, 14308, '2025-04-17 15:23:33', '판매완료');
INSERT INTO UsedBook (used_book_id, book_id, price, registered_date, status) VALUES (117, 24, 11046, '2025-05-14 19:34:05', '판매완료');
INSERT INTO UsedBook (used_book_id, book_id, price, registered_date, status) VALUES (118, 24, 8226, '2024-11-26 19:51:16', '판매완료');
INSERT INTO UsedBook (used_book_id, book_id, price, registered_date, status) VALUES (119, 24, 9464, '2024-12-23 20:22:43', '판매중');
INSERT INTO UsedBook (used_book_id, book_id, price, registered_date, status) VALUES (120, 24, 10538, '2025-05-28 11:25:49', '판매중');
INSERT INTO UsedBook (used_book_id, book_id, price, registered_date, status) VALUES (121, 25, 10251, '2024-10-29 21:56:38', '판매중');
INSERT INTO UsedBook (used_book_id, book_id, price, registered_date, status) VALUES (122, 25, 12292, '2024-11-18 19:43:38', '판매완료');
INSERT INTO UsedBook (used_book_id, book_id, price, registered_date, status) VALUES (123, 25, 13397, '2024-11-20 11:56:45', '판매중');
INSERT INTO UsedBook (used_book_id, book_id, price, registered_date, status) VALUES (124, 25, 10859, '2025-02-26 13:51:47', '판매완료');
INSERT INTO UsedBook (used_book_id, book_id, price, registered_date, status) VALUES (125, 25, 10311, '2023-11-21 14:23:23', '판매완료');
INSERT INTO UsedBook (used_book_id, book_id, price, registered_date, status) VALUES (126, 26, 16762, '2025-01-27 18:39:54', '판매중');
INSERT INTO UsedBook (used_book_id, book_id, price, registered_date, status) VALUES (127, 26, 14265, '2024-10-27 10:57:56', '판매완료');
INSERT INTO UsedBook (used_book_id, book_id, price, registered_date, status) VALUES (128, 26, 15015, '2025-02-06 14:12:14', '판매중');
INSERT INTO UsedBook (used_book_id, book_id, price, registered_date, status) VALUES (129, 26, 11559, '2024-12-24 00:34:11', '판매중');
INSERT INTO UsedBook (used_book_id, book_id, price, registered_date, status) VALUES (130, 26, 12127, '2024-11-17 05:01:03', '판매중');
INSERT INTO UsedBook (used_book_id, book_id, price, registered_date, status) VALUES (131, 27, 11044, '2025-04-30 16:06:29', '판매중');
INSERT INTO UsedBook (used_book_id, book_id, price, registered_date, status) VALUES (132, 27, 15095, '2025-05-02 11:05:03', '판매완료');
INSERT INTO UsedBook (used_book_id, book_id, price, registered_date, status) VALUES (133, 27, 15768, '2024-12-31 02:46:32', '판매중');
INSERT INTO UsedBook (used_book_id, book_id, price, registered_date, status) VALUES (134, 27, 13332, '2025-02-28 03:52:16', '판매완료');
INSERT INTO UsedBook (used_book_id, book_id, price, registered_date, status) VALUES (135, 27, 10784, '2025-04-24 13:50:50', '판매완료');
INSERT INTO UsedBook (used_book_id, book_id, price, registered_date, status) VALUES (136, 28, 13711, '2025-01-27 02:06:54', '판매완료');
INSERT INTO UsedBook (used_book_id, book_id, price, registered_date, status) VALUES (137, 28, 15273, '2025-04-08 03:32:12', '판매완료');
INSERT INTO UsedBook (used_book_id, book_id, price, registered_date, status) VALUES (138, 28, 12824, '2025-05-21 19:55:26', '판매중');
INSERT INTO UsedBook (used_book_id, book_id, price, registered_date, status) VALUES (139, 28, 11888, '2024-12-09 11:51:28', '판매완료');
INSERT INTO UsedBook (used_book_id, book_id, price, registered_date, status) VALUES (140, 28, 15955, '2025-04-26 09:11:04', '판매중');
INSERT INTO UsedBook (used_book_id, book_id, price, registered_date, status) VALUES (141, 29, 10456, '2024-01-15 12:57:03', '판매완료');
INSERT INTO UsedBook (used_book_id, book_id, price, registered_date, status) VALUES (142, 29, 10852, '2025-04-25 15:15:04', '판매완료');
INSERT INTO UsedBook (used_book_id, book_id, price, registered_date, status) VALUES (143, 29, 11686, '2023-07-16 07:12:46', '판매중');
INSERT INTO UsedBook (used_book_id, book_id, price, registered_date, status) VALUES (144, 29, 14937, '2025-03-19 18:19:19', '판매완료');
INSERT INTO UsedBook (used_book_id, book_id, price, registered_date, status) VALUES (145, 29, 13457, '2024-08-20 21:07:49', '판매완료');
INSERT INTO UsedBook (used_book_id, book_id, price, registered_date, status) VALUES (146, 30, 14736, '2025-04-15 13:03:55', '판매완료');
INSERT INTO UsedBook (used_book_id, book_id, price, registered_date, status) VALUES (147, 30, 13719, '2025-05-02 03:35:20', '판매완료');
INSERT INTO UsedBook (used_book_id, book_id, price, registered_date, status) VALUES (148, 30, 18983, '2025-04-14 14:09:28', '판매중');
INSERT INTO UsedBook (used_book_id, book_id, price, registered_date, status) VALUES (149, 30, 21454, '2025-05-27 13:15:54', '판매중');
INSERT INTO UsedBook (used_book_id, book_id, price, registered_date, status) VALUES (150, 30, 22514, '2025-05-31 05:48:37', '판매중');
INSERT INTO UsedBook (used_book_id, book_id, price, registered_date, status) VALUES (151, 31, 7047, '2017-07-25 01:56:58', '판매완료');
INSERT INTO UsedBook (used_book_id, book_id, price, registered_date, status) VALUES (152, 31, 8144, '2025-04-27 12:43:11', '판매중');
INSERT INTO UsedBook (used_book_id, book_id, price, registered_date, status) VALUES (153, 31, 8876, '2023-08-07 05:29:22', '판매중');
INSERT INTO UsedBook (used_book_id, book_id, price, registered_date, status) VALUES (154, 31, 11027, '2025-02-19 16:30:39', '판매완료');
INSERT INTO UsedBook (used_book_id, book_id, price, registered_date, status) VALUES (155, 31, 8712, '2019-10-07 08:05:52', '판매중');
INSERT INTO UsedBook (used_book_id, book_id, price, registered_date, status) VALUES (156, 32, 12768, '2025-03-08 08:48:02', '판매완료');
INSERT INTO UsedBook (used_book_id, book_id, price, registered_date, status) VALUES (157, 32, 16657, '2023-10-15 00:18:08', '판매완료');
INSERT INTO UsedBook (used_book_id, book_id, price, registered_date, status) VALUES (158, 32, 20852, '2024-09-26 11:23:06', '판매중');
INSERT INTO UsedBook (used_book_id, book_id, price, registered_date, status) VALUES (159, 32, 13396, '2024-03-15 20:50:47', '판매중');
INSERT INTO UsedBook (used_book_id, book_id, price, registered_date, status) VALUES (160, 32, 12707, '2024-11-07 17:10:12', '판매완료');
INSERT INTO UsedBook (used_book_id, book_id, price, registered_date, status) VALUES (161, 33, 14477, '2024-11-20 07:10:23', '판매완료');
INSERT INTO UsedBook (used_book_id, book_id, price, registered_date, status) VALUES (162, 33, 10364, '2025-01-26 21:49:13', '판매완료');
INSERT INTO UsedBook (used_book_id, book_id, price, registered_date, status) VALUES (163, 33, 11917, '2016-05-14 07:04:16', '판매중');
INSERT INTO UsedBook (used_book_id, book_id, price, registered_date, status) VALUES (164, 33, 14854, '2021-08-28 14:58:10', '판매완료');
INSERT INTO UsedBook (used_book_id, book_id, price, registered_date, status) VALUES (165, 33, 10980, '2015-09-26 18:32:36', '판매완료');
INSERT INTO UsedBook (used_book_id, book_id, price, registered_date, status) VALUES (166, 34, 11892, '2025-01-25 06:41:39', '판매완료');
INSERT INTO UsedBook (used_book_id, book_id, price, registered_date, status) VALUES (167, 34, 13591, '2025-02-01 06:46:54', '판매완료');
INSERT INTO UsedBook (used_book_id, book_id, price, registered_date, status) VALUES (168, 34, 12611, '2025-01-28 06:15:22', '판매완료');
INSERT INTO UsedBook (used_book_id, book_id, price, registered_date, status) VALUES (169, 34, 10549, '2025-02-04 21:32:31', '판매중');
INSERT INTO UsedBook (used_book_id, book_id, price, registered_date, status) VALUES (170, 34, 13140, '2025-04-12 09:55:55', '판매중');
INSERT INTO UsedBook (used_book_id, book_id, price, registered_date, status) VALUES (171, 35, 12382, '2024-04-28 19:34:17', '판매완료');
INSERT INTO UsedBook (used_book_id, book_id, price, registered_date, status) VALUES (172, 35, 13071, '2024-07-06 01:59:43', '판매완료');
INSERT INTO UsedBook (used_book_id, book_id, price, registered_date, status) VALUES (173, 35, 13462, '2024-12-16 05:21:31', '판매완료');
INSERT INTO UsedBook (used_book_id, book_id, price, registered_date, status) VALUES (174, 35, 14504, '2024-05-15 01:22:34', '판매완료');
INSERT INTO UsedBook (used_book_id, book_id, price, registered_date, status) VALUES (175, 35, 11438, '2024-08-05 02:51:35', '판매완료');
INSERT INTO UsedBook (used_book_id, book_id, price, registered_date, status) VALUES (176, 36, 14196, '2025-04-14 02:18:46', '판매완료');
INSERT INTO UsedBook (used_book_id, book_id, price, registered_date, status) VALUES (177, 36, 15135, '2025-04-27 15:54:11', '판매완료');
INSERT INTO UsedBook (used_book_id, book_id, price, registered_date, status) VALUES (178, 36, 10975, '2025-05-06 22:40:06', '판매중');
INSERT INTO UsedBook (used_book_id, book_id, price, registered_date, status) VALUES (179, 36, 10710, '2025-05-17 11:24:42', '판매완료');
INSERT INTO UsedBook (used_book_id, book_id, price, registered_date, status) VALUES (180, 36, 15121, '2025-04-29 08:18:51', '판매중');
INSERT INTO UsedBook (used_book_id, book_id, price, registered_date, status) VALUES (181, 37, 11916, '2025-04-16 18:06:24', '판매완료');
INSERT INTO UsedBook (used_book_id, book_id, price, registered_date, status) VALUES (182, 37, 12139, '2024-07-10 03:52:57', '판매완료');
INSERT INTO UsedBook (used_book_id, book_id, price, registered_date, status) VALUES (183, 37, 8728, '2025-04-16 02:05:38', '판매완료');
INSERT INTO UsedBook (used_book_id, book_id, price, registered_date, status) VALUES (184, 37, 11986, '2025-02-20 20:11:25', '판매중');
INSERT INTO UsedBook (used_book_id, book_id, price, registered_date, status) VALUES (185, 37, 8831, '2024-07-04 06:45:02', '판매완료');
INSERT INTO UsedBook (used_book_id, book_id, price, registered_date, status) VALUES (186, 38, 8010, '2013-01-29 15:00:59', '판매완료');
INSERT INTO UsedBook (used_book_id, book_id, price, registered_date, status) VALUES (187, 38, 10281, '2019-01-04 03:47:34', '판매완료');
INSERT INTO UsedBook (used_book_id, book_id, price, registered_date, status) VALUES (188, 38, 7439, '2021-09-04 15:26:26', '판매완료');
INSERT INTO UsedBook (used_book_id, book_id, price, registered_date, status) VALUES (189, 38, 7656, '2020-03-28 18:13:16', '판매중');
INSERT INTO UsedBook (used_book_id, book_id, price, registered_date, status) VALUES (190, 38, 9264, '2021-09-29 16:26:30', '판매중');
INSERT INTO UsedBook (used_book_id, book_id, price, registered_date, status) VALUES (191, 39, 8135, '2025-01-06 13:57:56', '판매중');
INSERT INTO UsedBook (used_book_id, book_id, price, registered_date, status) VALUES (192, 39, 8006, '2025-03-19 12:29:58', '판매완료');
INSERT INTO UsedBook (used_book_id, book_id, price, registered_date, status) VALUES (193, 39, 8722, '2025-01-26 13:33:22', '판매중');
INSERT INTO UsedBook (used_book_id, book_id, price, registered_date, status) VALUES (194, 39, 9391, '2024-09-07 11:23:15', '판매완료');
INSERT INTO UsedBook (used_book_id, book_id, price, registered_date, status) VALUES (195, 39, 13969, '2024-02-26 18:22:48', '판매완료');
INSERT INTO UsedBook (used_book_id, book_id, price, registered_date, status) VALUES (196, 40, 9309, '2025-02-11 23:57:01', '판매중');
INSERT INTO UsedBook (used_book_id, book_id, price, registered_date, status) VALUES (197, 40, 12684, '2025-05-05 13:40:41', '판매완료');
INSERT INTO UsedBook (used_book_id, book_id, price, registered_date, status) VALUES (198, 40, 9135, '2025-03-01 00:07:39', '판매중');
INSERT INTO UsedBook (used_book_id, book_id, price, registered_date, status) VALUES (199, 40, 10629, '2025-01-22 13:14:49', '판매완료');
INSERT INTO UsedBook (used_book_id, book_id, price, registered_date, status) VALUES (200, 40, 13513, '2024-12-12 11:07:28', '판매완료');
INSERT INTO UsedBook (used_book_id, book_id, price, registered_date, status) VALUES (201, 41, 7716, '2025-05-03 15:26:46', '판매완료');
INSERT INTO UsedBook (used_book_id, book_id, price, registered_date, status) VALUES (202, 41, 6795, '2024-12-13 13:45:05', '판매완료');
INSERT INTO UsedBook (used_book_id, book_id, price, registered_date, status) VALUES (203, 41, 7686, '2025-05-22 04:02:51', '판매중');
INSERT INTO UsedBook (used_book_id, book_id, price, registered_date, status) VALUES (204, 41, 7050, '2024-10-21 11:28:24', '판매완료');
INSERT INTO UsedBook (used_book_id, book_id, price, registered_date, status) VALUES (205, 41, 4789, '2025-04-23 01:40:58', '판매완료');
INSERT INTO UsedBook (used_book_id, book_id, price, registered_date, status) VALUES (206, 42, 11519, '2021-11-05 08:52:32', '판매완료');
INSERT INTO UsedBook (used_book_id, book_id, price, registered_date, status) VALUES (207, 42, 9827, '2022-08-30 21:48:51', '판매중');
INSERT INTO UsedBook (used_book_id, book_id, price, registered_date, status) VALUES (208, 42, 9071, '2022-01-01 07:20:25', '판매완료');
INSERT INTO UsedBook (used_book_id, book_id, price, registered_date, status) VALUES (209, 42, 11598, '2024-10-19 13:21:26', '판매완료');
INSERT INTO UsedBook (used_book_id, book_id, price, registered_date, status) VALUES (210, 42, 12740, '2022-08-27 12:36:09', '판매완료');
INSERT INTO UsedBook (used_book_id, book_id, price, registered_date, status) VALUES (211, 43, 11348, '2024-09-25 09:54:59', '판매완료');
INSERT INTO UsedBook (used_book_id, book_id, price, registered_date, status) VALUES (212, 43, 12948, '2024-08-26 17:27:24', '판매완료');
INSERT INTO UsedBook (used_book_id, book_id, price, registered_date, status) VALUES (213, 43, 14044, '2024-07-26 12:12:04', '판매중');
INSERT INTO UsedBook (used_book_id, book_id, price, registered_date, status) VALUES (214, 43, 10013, '2024-10-22 16:00:01', '판매완료');
INSERT INTO UsedBook (used_book_id, book_id, price, registered_date, status) VALUES (215, 43, 10693, '2025-05-20 11:09:49', '판매중');
INSERT INTO UsedBook (used_book_id, book_id, price, registered_date, status) VALUES (216, 44, 11092, '2024-12-28 17:30:07', '판매완료');
INSERT INTO UsedBook (used_book_id, book_id, price, registered_date, status) VALUES (217, 44, 13695, '2024-02-16 01:16:42', '판매완료');
INSERT INTO UsedBook (used_book_id, book_id, price, registered_date, status) VALUES (218, 44, 9873, '2024-06-27 07:10:33', '판매완료');
INSERT INTO UsedBook (used_book_id, book_id, price, registered_date, status) VALUES (219, 44, 8248, '2024-02-04 03:57:16', '판매완료');
INSERT INTO UsedBook (used_book_id, book_id, price, registered_date, status) VALUES (220, 44, 12085, '2024-05-13 05:04:20', '판매완료');
INSERT INTO UsedBook (used_book_id, book_id, price, registered_date, status) VALUES (221, 45, 11591, '2025-01-25 13:22:34', '판매중');
INSERT INTO UsedBook (used_book_id, book_id, price, registered_date, status) VALUES (222, 45, 11466, '2025-01-18 00:26:59', '판매완료');
INSERT INTO UsedBook (used_book_id, book_id, price, registered_date, status) VALUES (223, 45, 15603, '2025-04-25 08:27:16', '판매중');
INSERT INTO UsedBook (used_book_id, book_id, price, registered_date, status) VALUES (224, 45, 11505, '2025-04-07 04:41:49', '판매완료');
INSERT INTO UsedBook (used_book_id, book_id, price, registered_date, status) VALUES (225, 45, 12028, '2025-05-28 13:53:12', '판매중');
INSERT INTO UsedBook (used_book_id, book_id, price, registered_date, status) VALUES (226, 46, 12848, '2024-08-11 03:15:28', '판매중');
INSERT INTO UsedBook (used_book_id, book_id, price, registered_date, status) VALUES (227, 46, 13442, '2025-05-25 09:42:17', '판매중');
INSERT INTO UsedBook (used_book_id, book_id, price, registered_date, status) VALUES (228, 46, 12555, '2024-11-06 03:24:54', '판매완료');
INSERT INTO UsedBook (used_book_id, book_id, price, registered_date, status) VALUES (229, 46, 8401, '2024-12-09 19:30:55', '판매중');
INSERT INTO UsedBook (used_book_id, book_id, price, registered_date, status) VALUES (230, 46, 13636, '2025-03-23 03:26:21', '판매완료');
INSERT INTO UsedBook (used_book_id, book_id, price, registered_date, status) VALUES (231, 47, 8966, '2025-04-01 08:01:56', '판매중');
INSERT INTO UsedBook (used_book_id, book_id, price, registered_date, status) VALUES (232, 47, 7981, '2024-12-15 17:08:09', '판매완료');
INSERT INTO UsedBook (used_book_id, book_id, price, registered_date, status) VALUES (233, 47, 11866, '2025-02-21 01:33:55', '판매완료');
INSERT INTO UsedBook (used_book_id, book_id, price, registered_date, status) VALUES (234, 47, 6777, '2024-11-04 08:09:57', '판매중');
INSERT INTO UsedBook (used_book_id, book_id, price, registered_date, status) VALUES (235, 47, 10852, '2025-04-10 23:43:45', '판매완료');
INSERT INTO UsedBook (used_book_id, book_id, price, registered_date, status) VALUES (236, 48, 2359, '2017-04-03 06:19:10', '판매완료');
INSERT INTO UsedBook (used_book_id, book_id, price, registered_date, status) VALUES (237, 48, 2349, '2023-11-17 12:08:09', '판매완료');
INSERT INTO UsedBook (used_book_id, book_id, price, registered_date, status) VALUES (238, 48, 1547, '2019-03-18 19:24:32', '판매완료');
INSERT INTO UsedBook (used_book_id, book_id, price, registered_date, status) VALUES (239, 48, 2290, '2022-05-23 22:07:08', '판매완료');
INSERT INTO UsedBook (used_book_id, book_id, price, registered_date, status) VALUES (240, 48, 2159, '2021-06-30 07:58:28', '판매완료');
INSERT INTO UsedBook (used_book_id, book_id, price, registered_date, status) VALUES (241, 49, 8970, '2023-05-29 07:27:27', '판매중');
INSERT INTO UsedBook (used_book_id, book_id, price, registered_date, status) VALUES (242, 49, 8028, '2024-04-19 07:06:26', '판매중');
INSERT INTO UsedBook (used_book_id, book_id, price, registered_date, status) VALUES (243, 49, 7054, '2024-11-25 05:15:37', '판매완료');
INSERT INTO UsedBook (used_book_id, book_id, price, registered_date, status) VALUES (244, 49, 9404, '2024-04-27 10:42:31', '판매완료');
INSERT INTO UsedBook (used_book_id, book_id, price, registered_date, status) VALUES (245, 49, 6167, '2024-12-14 13:24:24', '판매완료');
INSERT INTO UsedBook (used_book_id, book_id, price, registered_date, status) VALUES (246, 50, 13472, '2024-01-09 16:26:49', '판매완료');
INSERT INTO UsedBook (used_book_id, book_id, price, registered_date, status) VALUES (247, 50, 9702, '2024-01-15 12:18:05', '판매완료');
INSERT INTO UsedBook (used_book_id, book_id, price, registered_date, status) VALUES (248, 50, 13278, '2022-10-20 19:29:12', '판매완료');
INSERT INTO UsedBook (used_book_id, book_id, price, registered_date, status) VALUES (249, 50, 12064, '2025-06-03 03:20:27', '판매완료');
INSERT INTO UsedBook (used_book_id, book_id, price, registered_date, status) VALUES (250, 50, 9811, '2022-06-22 05:13:47', '판매중');
INSERT INTO UsedBook (used_book_id, book_id, price, registered_date, status) VALUES (251, 102, 5041, '2014-10-11 14:10:21', '판매중');
INSERT INTO UsedBook (used_book_id, book_id, price, registered_date, status) VALUES (252, 45, 14092, '2024-12-04 22:23:16', '판매중');
INSERT INTO UsedBook (used_book_id, book_id, price, registered_date, status) VALUES (253, 13, 12984, '2025-03-19 18:53:39', '판매완료');
INSERT INTO UsedBook (used_book_id, book_id, price, registered_date, status) VALUES (254, 199, 6457, '2020-12-04 16:39:19', '판매중');
INSERT INTO UsedBook (used_book_id, book_id, price, registered_date, status) VALUES (255, 121, 13603, '2022-11-15 10:42:17', '판매중');
INSERT INTO UsedBook (used_book_id, book_id, price, registered_date, status) VALUES (256, 84, 9965, '2025-05-18 02:14:44', '판매중');
INSERT INTO UsedBook (used_book_id, book_id, price, registered_date, status) VALUES (257, 171, 17529, '2024-09-25 14:04:01', '판매중');
INSERT INTO UsedBook (used_book_id, book_id, price, registered_date, status) VALUES (258, 96, 5906, '2019-01-12 20:43:33', '판매중');
INSERT INTO UsedBook (used_book_id, book_id, price, registered_date, status) VALUES (259, 166, 8160, '2025-04-07 03:39:44', '판매중');
INSERT INTO UsedBook (used_book_id, book_id, price, registered_date, status) VALUES (260, 15, 10376, '2015-09-29 10:56:21', '판매중');
INSERT INTO UsedBook (used_book_id, book_id, price, registered_date, status) VALUES (261, 58, 13768, '2024-06-25 06:00:54', '판매중');
INSERT INTO UsedBook (used_book_id, book_id, price, registered_date, status) VALUES (262, 71, 5426, '2025-01-20 00:08:52', '판매완료');
INSERT INTO UsedBook (used_book_id, book_id, price, registered_date, status) VALUES (263, 84, 8196, '2025-02-02 01:13:39', '판매중');
INSERT INTO UsedBook (used_book_id, book_id, price, registered_date, status) VALUES (264, 129, 13717, '2025-05-20 15:17:41', '판매중');
INSERT INTO UsedBook (used_book_id, book_id, price, registered_date, status) VALUES (265, 86, 9783, '2025-04-09 23:01:43', '판매중');
INSERT INTO UsedBook (used_book_id, book_id, price, registered_date, status) VALUES (266, 154, 3437, '2024-11-07 21:32:32', '판매중');
INSERT INTO UsedBook (used_book_id, book_id, price, registered_date, status) VALUES (267, 36, 14350, '2025-04-04 09:51:28', '판매중');
INSERT INTO UsedBook (used_book_id, book_id, price, registered_date, status) VALUES (268, 23, 11284, '2020-06-04 11:53:37', '판매중');
INSERT INTO UsedBook (used_book_id, book_id, price, registered_date, status) VALUES (269, 104, 6915, '2024-11-18 00:33:04', '판매완료');
INSERT INTO UsedBook (used_book_id, book_id, price, registered_date, status) VALUES (270, 195, 11782, '2025-03-22 07:34:18', '판매중');
INSERT INTO UsedBook (used_book_id, book_id, price, registered_date, status) VALUES (271, 139, 14131, '2025-03-04 11:38:15', '판매완료');
INSERT INTO UsedBook (used_book_id, book_id, price, registered_date, status) VALUES (272, 120, 11191, '2025-05-18 19:02:36', '판매중');
INSERT INTO UsedBook (used_book_id, book_id, price, registered_date, status) VALUES (273, 33, 14478, '2020-03-04 22:43:40', '판매완료');
INSERT INTO UsedBook (used_book_id, book_id, price, registered_date, status) VALUES (274, 57, 8529, '2024-03-07 02:33:52', '판매중');
INSERT INTO UsedBook (used_book_id, book_id, price, registered_date, status) VALUES (275, 89, 6110, '2024-04-14 12:54:15', '판매완료');
INSERT INTO UsedBook (used_book_id, book_id, price, registered_date, status) VALUES (276, 62, 13180, '2022-04-11 20:16:41', '판매완료');
INSERT INTO UsedBook (used_book_id, book_id, price, registered_date, status) VALUES (277, 103, 6991, '2024-03-16 00:23:00', '판매완료');
INSERT INTO UsedBook (used_book_id, book_id, price, registered_date, status) VALUES (278, 48, 1888, '2019-04-18 10:42:38', '판매중');
INSERT INTO UsedBook (used_book_id, book_id, price, registered_date, status) VALUES (279, 197, 18443, '2023-07-30 23:01:36', '판매중');
INSERT INTO UsedBook (used_book_id, book_id, price, registered_date, status) VALUES (280, 99, 16812, '2023-12-16 08:49:30', '판매완료');
INSERT INTO UsedBook (used_book_id, book_id, price, registered_date, status) VALUES (281, 190, 13819, '2025-04-24 06:57:49', '판매중');
INSERT INTO UsedBook (used_book_id, book_id, price, registered_date, status) VALUES (282, 144, 15226, '2024-11-16 08:37:23', '판매중');
INSERT INTO UsedBook (used_book_id, book_id, price, registered_date, status) VALUES (283, 19, 14445, '2024-08-01 02:35:44', '판매중');
INSERT INTO UsedBook (used_book_id, book_id, price, registered_date, status) VALUES (284, 26, 13159, '2025-05-08 19:40:27', '판매중');
INSERT INTO UsedBook (used_book_id, book_id, price, registered_date, status) VALUES (285, 154, 3372, '2024-11-24 12:01:57', '판매완료');
INSERT INTO UsedBook (used_book_id, book_id, price, registered_date, status) VALUES (286, 22, 13772, '2024-05-29 02:37:22', '판매중');
INSERT INTO UsedBook (used_book_id, book_id, price, registered_date, status) VALUES (287, 66, 12121, '2025-03-31 01:36:18', '판매중');
INSERT INTO UsedBook (used_book_id, book_id, price, registered_date, status) VALUES (288, 17, 9234, '2025-03-27 21:55:22', '판매중');
INSERT INTO UsedBook (used_book_id, book_id, price, registered_date, status) VALUES (289, 195, 11288, '2025-05-19 05:34:21', '판매완료');
INSERT INTO UsedBook (used_book_id, book_id, price, registered_date, status) VALUES (290, 39, 14127, '2024-11-23 20:29:15', '판매중');
INSERT INTO UsedBook (used_book_id, book_id, price, registered_date, status) VALUES (291, 6, 14721, '2025-03-04 06:49:51', '판매중');
INSERT INTO UsedBook (used_book_id, book_id, price, registered_date, status) VALUES (292, 87, 13084, '2025-01-30 20:46:02', '판매완료');
INSERT INTO UsedBook (used_book_id, book_id, price, registered_date, status) VALUES (293, 170, 10357, '2025-02-18 22:19:01', '판매중');
INSERT INTO UsedBook (used_book_id, book_id, price, registered_date, status) VALUES (294, 132, 2722, '2025-03-23 13:23:41', '판매중');
INSERT INTO UsedBook (used_book_id, book_id, price, registered_date, status) VALUES (295, 7, 7289, '2025-01-08 16:55:01', '판매완료');
INSERT INTO UsedBook (used_book_id, book_id, price, registered_date, status) VALUES (296, 104, 6844, '2025-01-14 18:23:40', '판매중');
INSERT INTO UsedBook (used_book_id, book_id, price, registered_date, status) VALUES (297, 101, 10654, '2024-12-24 14:29:51', '판매중');
INSERT INTO UsedBook (used_book_id, book_id, price, registered_date, status) VALUES (298, 170, 9293, '2024-11-24 06:01:53', '판매중');
INSERT INTO UsedBook (used_book_id, book_id, price, registered_date, status) VALUES (299, 15, 10074, '2020-04-30 02:12:47', '판매중');
INSERT INTO UsedBook (used_book_id, book_id, price, registered_date, status) VALUES (300, 17, 14315, '2025-04-22 15:49:33', '판매중');
INSERT INTO UsedBook (used_book_id, book_id, price, registered_date, status) VALUES (301, 4, 11103, '2025-06-04 11:32:09', '판매중');
INSERT INTO UsedBook (used_book_id, book_id, price, registered_date, status) VALUES (302, 46, 8008, '2024-08-20 14:56:27', '판매중');
INSERT INTO UsedBook (used_book_id, book_id, price, registered_date, status) VALUES (303, 28, 11594, '2025-03-17 02:56:46', '판매완료');
INSERT INTO UsedBook (used_book_id, book_id, price, registered_date, status) VALUES (304, 75, 14194, '2025-03-23 22:44:42', '판매완료');
INSERT INTO UsedBook (used_book_id, book_id, price, registered_date, status) VALUES (305, 91, 5463, '2025-03-03 00:12:50', '판매중');
INSERT INTO UsedBook (used_book_id, book_id, price, registered_date, status) VALUES (306, 199, 7995, '2024-12-16 01:43:15', '판매완료');
INSERT INTO UsedBook (used_book_id, book_id, price, registered_date, status) VALUES (307, 78, 8835, '2023-06-28 13:07:42', '판매완료');
INSERT INTO UsedBook (used_book_id, book_id, price, registered_date, status) VALUES (308, 88, 14477, '2025-06-03 19:01:40', '판매중');
INSERT INTO UsedBook (used_book_id, book_id, price, registered_date, status) VALUES (309, 127, 2857, '2024-07-10 05:45:46', '판매완료');
INSERT INTO UsedBook (used_book_id, book_id, price, registered_date, status) VALUES (310, 28, 14391, '2024-09-07 04:54:05', '판매중');
INSERT INTO UsedBook (used_book_id, book_id, price, registered_date, status) VALUES (311, 60, 9533, '2025-05-30 04:40:37', '판매완료');
INSERT INTO UsedBook (used_book_id, book_id, price, registered_date, status) VALUES (312, 189, 7787, '2023-07-02 06:15:49', '판매완료');
INSERT INTO UsedBook (used_book_id, book_id, price, registered_date, status) VALUES (313, 174, 12830, '2025-04-14 04:04:36', '판매완료');
INSERT INTO UsedBook (used_book_id, book_id, price, registered_date, status) VALUES (314, 76, 21503, '2025-03-09 10:05:38', '판매중');
INSERT INTO UsedBook (used_book_id, book_id, price, registered_date, status) VALUES (315, 16, 10669, '2024-07-23 10:48:36', '판매중');
INSERT INTO UsedBook (used_book_id, book_id, price, registered_date, status) VALUES (316, 150, 12519, '2025-03-26 21:10:29', '판매중');
INSERT INTO UsedBook (used_book_id, book_id, price, registered_date, status) VALUES (317, 75, 13910, '2025-01-26 17:22:23', '판매중');
INSERT INTO UsedBook (used_book_id, book_id, price, registered_date, status) VALUES (318, 95, 8360, '2025-04-03 17:30:07', '판매완료');
INSERT INTO UsedBook (used_book_id, book_id, price, registered_date, status) VALUES (319, 18, 7361, '2023-09-10 00:28:15', '판매중');
INSERT INTO UsedBook (used_book_id, book_id, price, registered_date, status) VALUES (320, 19, 9039, '2024-08-21 06:09:08', '판매완료');
INSERT INTO UsedBook (used_book_id, book_id, price, registered_date, status) VALUES (321, 163, 4043, '2025-01-20 11:19:51', '판매중');
INSERT INTO UsedBook (used_book_id, book_id, price, registered_date, status) VALUES (322, 154, 4497, '2024-09-20 03:26:52', '판매중');
INSERT INTO UsedBook (used_book_id, book_id, price, registered_date, status) VALUES (323, 154, 3550, '2025-02-27 08:06:44', '판매중');
INSERT INTO UsedBook (used_book_id, book_id, price, registered_date, status) VALUES (324, 183, 8583, '2024-09-20 14:45:16', '판매중');
INSERT INTO UsedBook (used_book_id, book_id, price, registered_date, status) VALUES (325, 169, 12457, '2024-10-13 17:49:54', '판매중');
INSERT INTO UsedBook (used_book_id, book_id, price, registered_date, status) VALUES (326, 169, 15655, '2024-11-25 03:43:14', '판매중');
INSERT INTO UsedBook (used_book_id, book_id, price, registered_date, status) VALUES (327, 176, 8087, '2025-04-15 13:14:52', '판매중');
INSERT INTO UsedBook (used_book_id, book_id, price, registered_date, status) VALUES (328, 193, 10893, '2024-11-14 17:37:59', '판매중');
INSERT INTO UsedBook (used_book_id, book_id, price, registered_date, status) VALUES (329, 160, 10369, '2022-05-15 02:13:45', '판매중');
INSERT INTO UsedBook (used_book_id, book_id, price, registered_date, status) VALUES (330, 37, 9943, '2024-09-07 00:40:59', '판매중');
INSERT INTO UsedBook (used_book_id, book_id, price, registered_date, status) VALUES (331, 188, 9265, '2025-01-20 15:09:44', '판매중');
INSERT INTO UsedBook (used_book_id, book_id, price, registered_date, status) VALUES (332, 53, 9493, '2025-03-26 08:44:30', '판매중');
INSERT INTO UsedBook (used_book_id, book_id, price, registered_date, status) VALUES (333, 70, 27984, '2025-04-27 16:04:17', '판매중');
INSERT INTO UsedBook (used_book_id, book_id, price, registered_date, status) VALUES (334, 8, 5698, '2014-06-01 08:59:09', '판매중');
INSERT INTO UsedBook (used_book_id, book_id, price, registered_date, status) VALUES (335, 41, 4749, '2024-10-29 16:35:33', '판매완료');
INSERT INTO UsedBook (used_book_id, book_id, price, registered_date, status) VALUES (336, 57, 7140, '2025-04-23 06:11:27', '판매중');
INSERT INTO UsedBook (used_book_id, book_id, price, registered_date, status) VALUES (337, 14, 8054, '2024-11-07 06:58:42', '판매중');
INSERT INTO UsedBook (used_book_id, book_id, price, registered_date, status) VALUES (338, 143, 11640, '2025-04-09 17:31:24', '판매중');
INSERT INTO UsedBook (used_book_id, book_id, price, registered_date, status) VALUES (339, 15, 7452, '2024-11-18 10:19:38', '판매완료');
INSERT INTO UsedBook (used_book_id, book_id, price, registered_date, status) VALUES (340, 183, 8079, '2024-07-04 13:58:15', '판매완료');
INSERT INTO UsedBook (used_book_id, book_id, price, registered_date, status) VALUES (341, 34, 14218, '2025-05-28 14:09:20', '판매중');
INSERT INTO UsedBook (used_book_id, book_id, price, registered_date, status) VALUES (342, 196, 2816, '2020-11-21 06:36:42', '판매중');
INSERT INTO UsedBook (used_book_id, book_id, price, registered_date, status) VALUES (343, 45, 14662, '2024-10-09 04:22:53', '판매중');
INSERT INTO UsedBook (used_book_id, book_id, price, registered_date, status) VALUES (344, 87, 10267, '2025-02-15 16:29:44', '판매중');
INSERT INTO UsedBook (used_book_id, book_id, price, registered_date, status) VALUES (345, 137, 9392, '2015-04-03 07:57:02', '판매중');
INSERT INTO UsedBook (used_book_id, book_id, price, registered_date, status) VALUES (346, 103, 7118, '2023-04-15 14:48:30', '판매완료');
INSERT INTO UsedBook (used_book_id, book_id, price, registered_date, status) VALUES (347, 51, 10717, '2024-05-21 03:37:32', '판매중');
INSERT INTO UsedBook (used_book_id, book_id, price, registered_date, status) VALUES (348, 155, 9322, '2025-05-30 00:45:13', '판매중');
INSERT INTO UsedBook (used_book_id, book_id, price, registered_date, status) VALUES (349, 112, 8937, '2025-05-17 07:47:05', '판매완료');
INSERT INTO UsedBook (used_book_id, book_id, price, registered_date, status) VALUES (350, 141, 16207, '2024-07-12 16:36:31', '판매중');
INSERT INTO UsedBook (used_book_id, book_id, price, registered_date, status) VALUES (351, 134, 19275, '2025-02-02 02:44:59', '판매중');
INSERT INTO UsedBook (used_book_id, book_id, price, registered_date, status) VALUES (352, 172, 2636, '2021-10-17 16:51:43', '판매중');
INSERT INTO UsedBook (used_book_id, book_id, price, registered_date, status) VALUES (353, 4, 7106, '2025-06-04 21:44:02', '판매완료');
INSERT INTO UsedBook (used_book_id, book_id, price, registered_date, status) VALUES (354, 63, 9681, '2007-03-29 17:05:13', '판매중');
INSERT INTO UsedBook (used_book_id, book_id, price, registered_date, status) VALUES (355, 131, 12726, '2025-02-09 04:45:51', '판매완료');
INSERT INTO UsedBook (used_book_id, book_id, price, registered_date, status) VALUES (356, 149, 12349, '2024-06-14 20:29:19', '판매중');
INSERT INTO UsedBook (used_book_id, book_id, price, registered_date, status) VALUES (357, 87, 8063, '2025-05-24 07:22:35', '판매중');
INSERT INTO UsedBook (used_book_id, book_id, price, registered_date, status) VALUES (358, 71, 5248, '2024-10-09 21:55:18', '판매중');
INSERT INTO UsedBook (used_book_id, book_id, price, registered_date, status) VALUES (359, 163, 4504, '2025-01-25 12:17:46', '판매완료');
INSERT INTO UsedBook (used_book_id, book_id, price, registered_date, status) VALUES (360, 144, 10589, '2024-10-30 08:47:20', '판매완료');
INSERT INTO UsedBook (used_book_id, book_id, price, registered_date, status) VALUES (361, 121, 19086, '2022-05-30 12:45:03', '판매중');
INSERT INTO UsedBook (used_book_id, book_id, price, registered_date, status) VALUES (362, 150, 16657, '2024-08-09 12:23:57', '판매중');
INSERT INTO UsedBook (used_book_id, book_id, price, registered_date, status) VALUES (363, 117, 11212, '2024-12-19 16:12:27', '판매완료');
INSERT INTO UsedBook (used_book_id, book_id, price, registered_date, status) VALUES (364, 198, 23691, '2025-01-10 23:55:51', '판매완료');
INSERT INTO UsedBook (used_book_id, book_id, price, registered_date, status) VALUES (365, 52, 6769, '2025-05-28 22:33:08', '판매중');
INSERT INTO UsedBook (used_book_id, book_id, price, registered_date, status) VALUES (366, 65, 8857, '2025-03-14 00:24:48', '판매중');
INSERT INTO UsedBook (used_book_id, book_id, price, registered_date, status) VALUES (367, 188, 14402, '2025-02-04 17:51:23', '판매중');
INSERT INTO UsedBook (used_book_id, book_id, price, registered_date, status) VALUES (368, 70, 25983, '2025-04-01 22:21:43', '판매중');
INSERT INTO UsedBook (used_book_id, book_id, price, registered_date, status) VALUES (369, 133, 16096, '2025-05-06 13:39:07', '판매중');
INSERT INTO UsedBook (used_book_id, book_id, price, registered_date, status) VALUES (370, 28, 13256, '2025-03-04 19:44:38', '판매중');
INSERT INTO UsedBook (used_book_id, book_id, price, registered_date, status) VALUES (371, 70, 20345, '2024-11-22 15:04:19', '판매중');
INSERT INTO UsedBook (used_book_id, book_id, price, registered_date, status) VALUES (372, 149, 11714, '2024-09-20 05:14:22', '판매완료');
INSERT INTO UsedBook (used_book_id, book_id, price, registered_date, status) VALUES (373, 184, 12490, '2022-04-17 23:53:38', '판매중');
INSERT INTO UsedBook (used_book_id, book_id, price, registered_date, status) VALUES (374, 192, 7523, '2025-05-26 12:46:46', '판매중');
INSERT INTO UsedBook (used_book_id, book_id, price, registered_date, status) VALUES (375, 108, 5886, '2024-08-02 05:29:40', '판매중');
INSERT INTO UsedBook (used_book_id, book_id, price, registered_date, status) VALUES (376, 180, 17805, '2024-06-30 00:07:34', '판매완료');
INSERT INTO UsedBook (used_book_id, book_id, price, registered_date, status) VALUES (377, 59, 8528, '2024-12-18 05:48:37', '판매중');
INSERT INTO UsedBook (used_book_id, book_id, price, registered_date, status) VALUES (378, 173, 10661, '2024-03-10 10:16:45', '판매완료');
INSERT INTO UsedBook (used_book_id, book_id, price, registered_date, status) VALUES (379, 155, 12509, '2025-04-20 12:31:02', '판매완료');
INSERT INTO UsedBook (used_book_id, book_id, price, registered_date, status) VALUES (380, 116, 8317, '2024-08-23 08:11:48', '판매중');
INSERT INTO UsedBook (used_book_id, book_id, price, registered_date, status) VALUES (381, 62, 10989, '2021-08-07 05:35:12', '판매완료');
INSERT INTO UsedBook (used_book_id, book_id, price, registered_date, status) VALUES (382, 42, 8800, '2024-02-08 04:10:19', '판매완료');
INSERT INTO UsedBook (used_book_id, book_id, price, registered_date, status) VALUES (383, 199, 6411, '2020-05-08 11:42:16', '판매중');
INSERT INTO UsedBook (used_book_id, book_id, price, registered_date, status) VALUES (384, 139, 8610, '2025-05-24 15:45:01', '판매중');
INSERT INTO UsedBook (used_book_id, book_id, price, registered_date, status) VALUES (385, 155, 14606, '2025-04-16 21:00:14', '판매완료');
INSERT INTO UsedBook (used_book_id, book_id, price, registered_date, status) VALUES (386, 50, 9205, '2022-04-29 04:31:08', '판매중');
INSERT INTO UsedBook (used_book_id, book_id, price, registered_date, status) VALUES (387, 86, 8869, '2025-05-21 14:34:31', '판매중');
INSERT INTO UsedBook (used_book_id, book_id, price, registered_date, status) VALUES (388, 93, 17237, '2025-05-16 14:26:09', '판매중');
INSERT INTO UsedBook (used_book_id, book_id, price, registered_date, status) VALUES (389, 155, 9159, '2024-12-19 01:11:47', '판매중');
INSERT INTO UsedBook (used_book_id, book_id, price, registered_date, status) VALUES (390, 81, 11607, '2021-04-22 17:53:18', '판매중');
INSERT INTO UsedBook (used_book_id, book_id, price, registered_date, status) VALUES (391, 188, 10405, '2025-04-14 11:51:42', '판매중');
INSERT INTO UsedBook (used_book_id, book_id, price, registered_date, status) VALUES (392, 121, 19003, '2023-04-03 18:24:19', '판매완료');
INSERT INTO UsedBook (used_book_id, book_id, price, registered_date, status) VALUES (393, 46, 11497, '2024-08-13 17:37:53', '판매완료');
INSERT INTO UsedBook (used_book_id, book_id, price, registered_date, status) VALUES (394, 39, 11807, '2024-12-24 06:53:55', '판매완료');
INSERT INTO UsedBook (used_book_id, book_id, price, registered_date, status) VALUES (395, 132, 4553, '2025-03-28 15:53:29', '판매중');
INSERT INTO UsedBook (used_book_id, book_id, price, registered_date, status) VALUES (396, 108, 9246, '2023-04-23 02:20:33', '판매중');
INSERT INTO UsedBook (used_book_id, book_id, price, registered_date, status) VALUES (397, 165, 6335, '2024-09-18 13:42:05', '판매중');
INSERT INTO UsedBook (used_book_id, book_id, price, registered_date, status) VALUES (398, 18, 7241, '2024-03-27 08:23:02', '판매완료');
INSERT INTO UsedBook (used_book_id, book_id, price, registered_date, status) VALUES (399, 76, 17319, '2024-05-09 23:28:51', '판매중');
INSERT INTO UsedBook (used_book_id, book_id, price, registered_date, status) VALUES (400, 40, 12957, '2025-04-24 14:29:39', '판매중');

-- PurchaseOrder 및 PurchaseItem 테이블 데이터 (통합 로직, ID 날짜순 정렬)
INSERT INTO PurchaseOrder (purchase_id, buyer_id, purchased_date) VALUES (1, 4, '2024-12-13 01:15:59');
INSERT INTO PurchaseItem (purchase_id, used_book_id, final_price) VALUES (1, 112, 8054);
INSERT INTO PurchaseOrder (purchase_id, buyer_id, purchased_date) VALUES (2, 38, '2024-12-14 04:32:12');
INSERT INTO PurchaseItem (purchase_id, used_book_id, final_price) VALUES (2, 164, 12625);
INSERT INTO PurchaseOrder (purchase_id, buyer_id, purchased_date) VALUES (3, 11, '2024-12-19 15:45:18');
INSERT INTO PurchaseItem (purchase_id, used_book_id, final_price) VALUES (3, 269, 5877);
INSERT INTO PurchaseOrder (purchase_id, buyer_id, purchased_date) VALUES (4, 16, '2024-12-21 00:48:46');
INSERT INTO PurchaseItem (purchase_id, used_book_id, final_price) VALUES (4, 312, 7787);
INSERT INTO PurchaseOrder (purchase_id, buyer_id, purchased_date) VALUES (5, 24, '2024-12-22 07:09:20');
INSERT INTO PurchaseItem (purchase_id, used_book_id, final_price) VALUES (5, 56, 5872);
INSERT INTO PurchaseOrder (purchase_id, buyer_id, purchased_date) VALUES (6, 40, '2024-12-22 17:04:03');
INSERT INTO PurchaseItem (purchase_id, used_book_id, final_price) VALUES (6, 22, 15839);
INSERT INTO PurchaseOrder (purchase_id, buyer_id, purchased_date) VALUES (7, 12, '2024-12-23 00:10:52');
INSERT INTO PurchaseItem (purchase_id, used_book_id, final_price) VALUES (7, 187, 9766);
INSERT INTO PurchaseOrder (purchase_id, buyer_id, purchased_date) VALUES (8, 39, '2024-12-24 13:35:25');
INSERT INTO PurchaseItem (purchase_id, used_book_id, final_price) VALUES (8, 392, 16152);
INSERT INTO PurchaseOrder (purchase_id, buyer_id, purchased_date) VALUES (9, 32, '2025-01-01 02:42:39');
INSERT INTO PurchaseItem (purchase_id, used_book_id, final_price) VALUES (9, 172, 11110);
INSERT INTO PurchaseOrder (purchase_id, buyer_id, purchased_date) VALUES (10, 12, '2025-01-06 02:28:07');
INSERT INTO PurchaseItem (purchase_id, used_book_id, final_price) VALUES (10, 78, 8239);
INSERT INTO PurchaseOrder (purchase_id, buyer_id, purchased_date) VALUES (11, 5, '2025-01-06 22:37:18');
INSERT INTO PurchaseItem (purchase_id, used_book_id, final_price) VALUES (11, 200, 12837);
INSERT INTO PurchaseOrder (purchase_id, buyer_id, purchased_date) VALUES (12, 15, '2025-01-08 02:17:23');
INSERT INTO PurchaseItem (purchase_id, used_book_id, final_price) VALUES (12, 381, 10439);
INSERT INTO PurchaseOrder (purchase_id, buyer_id, purchased_date) VALUES (13, 36, '2025-01-08 09:43:03');
INSERT INTO PurchaseItem (purchase_id, used_book_id, final_price) VALUES (13, 127, 12838);
INSERT INTO PurchaseOrder (purchase_id, buyer_id, purchased_date) VALUES (14, 25, '2025-01-14 14:03:39');
INSERT INTO PurchaseItem (purchase_id, used_book_id, final_price) VALUES (14, 15, 7693);
INSERT INTO PurchaseOrder (purchase_id, buyer_id, purchased_date) VALUES (15, 25, '2025-01-20 09:24:42');
INSERT INTO PurchaseItem (purchase_id, used_book_id, final_price) VALUES (15, 14, 11067);
INSERT INTO PurchaseOrder (purchase_id, buyer_id, purchased_date) VALUES (16, 14, '2025-01-27 14:58:25');
INSERT INTO PurchaseItem (purchase_id, used_book_id, final_price) VALUES (16, 360, 9000);
INSERT INTO PurchaseItem (purchase_id, used_book_id, final_price) VALUES (16, 335, 4274);
INSERT INTO PurchaseOrder (purchase_id, buyer_id, purchased_date) VALUES (17, 12, '2025-01-27 23:59:24');
INSERT INTO PurchaseItem (purchase_id, used_book_id, final_price) VALUES (17, 372, 9956);
INSERT INTO PurchaseOrder (purchase_id, buyer_id, purchased_date) VALUES (18, 35, '2025-01-28 08:25:50');
INSERT INTO PurchaseItem (purchase_id, used_book_id, final_price) VALUES (18, 161, 11581);
INSERT INTO PurchaseOrder (purchase_id, buyer_id, purchased_date) VALUES (19, 22, '2025-01-29 20:16:27');
INSERT INTO PurchaseItem (purchase_id, used_book_id, final_price) VALUES (19, 239, 2061);
INSERT INTO PurchaseOrder (purchase_id, buyer_id, purchased_date) VALUES (20, 25, '2025-01-31 00:26:21');
INSERT INTO PurchaseItem (purchase_id, used_book_id, final_price) VALUES (20, 89, 7765);
INSERT INTO PurchaseItem (purchase_id, used_book_id, final_price) VALUES (20, 151, 6694);
INSERT INTO PurchaseItem (purchase_id, used_book_id, final_price) VALUES (20, 166, 10702);
INSERT INTO PurchaseItem (purchase_id, used_book_id, final_price) VALUES (20, 173, 10769);
INSERT INTO PurchaseOrder (purchase_id, buyer_id, purchased_date) VALUES (21, 47, '2025-02-05 11:57:35');
INSERT INTO PurchaseItem (purchase_id, used_book_id, final_price) VALUES (21, 122, 12292);
INSERT INTO PurchaseOrder (purchase_id, buyer_id, purchased_date) VALUES (22, 20, '2025-02-08 14:27:27');
INSERT INTO PurchaseItem (purchase_id, used_book_id, final_price) VALUES (22, 160, 11436);
INSERT INTO PurchaseItem (purchase_id, used_book_id, final_price) VALUES (22, 91, 11909);
INSERT INTO PurchaseItem (purchase_id, used_book_id, final_price) VALUES (22, 246, 12124);
INSERT INTO PurchaseItem (purchase_id, used_book_id, final_price) VALUES (22, 31, 6456);
INSERT INTO PurchaseItem (purchase_id, used_book_id, final_price) VALUES (22, 57, 5125);
INSERT INTO PurchaseOrder (purchase_id, buyer_id, purchased_date) VALUES (23, 37, '2025-02-09 05:53:18');
INSERT INTO PurchaseItem (purchase_id, used_book_id, final_price) VALUES (23, 167, 10872);
INSERT INTO PurchaseOrder (purchase_id, buyer_id, purchased_date) VALUES (24, 12, '2025-02-16 02:39:16');
INSERT INTO PurchaseItem (purchase_id, used_book_id, final_price) VALUES (24, 211, 10213);
INSERT INTO PurchaseOrder (purchase_id, buyer_id, purchased_date) VALUES (25, 32, '2025-02-16 04:12:53');
INSERT INTO PurchaseItem (purchase_id, used_book_id, final_price) VALUES (25, 6, 6948);
INSERT INTO PurchaseOrder (purchase_id, buyer_id, purchased_date) VALUES (26, 26, '2025-02-24 19:55:25');
INSERT INTO PurchaseItem (purchase_id, used_book_id, final_price) VALUES (26, 382, 8800);
INSERT INTO PurchaseOrder (purchase_id, buyer_id, purchased_date) VALUES (27, 6, '2025-03-03 05:29:36');
INSERT INTO PurchaseItem (purchase_id, used_book_id, final_price) VALUES (27, 3, 11358);
INSERT INTO PurchaseOrder (purchase_id, buyer_id, purchased_date) VALUES (28, 32, '2025-03-08 04:20:18');
INSERT INTO PurchaseItem (purchase_id, used_book_id, final_price) VALUES (28, 277, 6991);
INSERT INTO PurchaseOrder (purchase_id, buyer_id, purchased_date) VALUES (29, 33, '2025-03-08 09:19:17');
INSERT INTO PurchaseItem (purchase_id, used_book_id, final_price) VALUES (29, 393, 9197);
INSERT INTO PurchaseOrder (purchase_id, buyer_id, purchased_date) VALUES (30, 16, '2025-03-08 23:30:23');
INSERT INTO PurchaseItem (purchase_id, used_book_id, final_price) VALUES (30, 202, 5775);
INSERT INTO PurchaseOrder (purchase_id, buyer_id, purchased_date) VALUES (31, 9, '2025-03-12 03:59:19');
INSERT INTO PurchaseItem (purchase_id, used_book_id, final_price) VALUES (31, 355, 10817);
INSERT INTO PurchaseItem (purchase_id, used_book_id, final_price) VALUES (31, 171, 9905);
INSERT INTO PurchaseItem (purchase_id, used_book_id, final_price) VALUES (31, 4, 10225);
INSERT INTO PurchaseItem (purchase_id, used_book_id, final_price) VALUES (31, 9, 11180);
INSERT INTO PurchaseOrder (purchase_id, buyer_id, purchased_date) VALUES (32, 50, '2025-03-17 07:06:10');
INSERT INTO PurchaseItem (purchase_id, used_book_id, final_price) VALUES (32, 67, 8875);
INSERT INTO PurchaseItem (purchase_id, used_book_id, final_price) VALUES (32, 233, 9492);
INSERT INTO PurchaseItem (purchase_id, used_book_id, final_price) VALUES (32, 182, 11532);
INSERT INTO PurchaseOrder (purchase_id, buyer_id, purchased_date) VALUES (33, 20, '2025-03-18 16:20:58');
INSERT INTO PurchaseItem (purchase_id, used_book_id, final_price) VALUES (33, 29, 9416);
INSERT INTO PurchaseItem (purchase_id, used_book_id, final_price) VALUES (33, 273, 13030);
INSERT INTO PurchaseOrder (purchase_id, buyer_id, purchased_date) VALUES (34, 25, '2025-03-20 03:08:16');
INSERT INTO PurchaseItem (purchase_id, used_book_id, final_price) VALUES (34, 238, 1314);
INSERT INTO PurchaseOrder (purchase_id, buyer_id, purchased_date) VALUES (35, 23, '2025-03-22 19:42:00');
INSERT INTO PurchaseItem (purchase_id, used_book_id, final_price) VALUES (35, 125, 8764);
INSERT INTO PurchaseOrder (purchase_id, buyer_id, purchased_date) VALUES (36, 6, '2025-03-24 21:39:32');
INSERT INTO PurchaseItem (purchase_id, used_book_id, final_price) VALUES (36, 33, 6692);
INSERT INTO PurchaseOrder (purchase_id, buyer_id, purchased_date) VALUES (37, 12, '2025-03-25 17:20:05');
INSERT INTO PurchaseItem (purchase_id, used_book_id, final_price) VALUES (37, 145, 10765);
INSERT INTO PurchaseItem (purchase_id, used_book_id, final_price) VALUES (37, 232, 7581);
INSERT INTO PurchaseItem (purchase_id, used_book_id, final_price) VALUES (37, 77, 9296);
INSERT INTO PurchaseItem (purchase_id, used_book_id, final_price) VALUES (37, 7, 10642);
INSERT INTO PurchaseItem (purchase_id, used_book_id, final_price) VALUES (37, 192, 7205);
INSERT INTO PurchaseOrder (purchase_id, buyer_id, purchased_date) VALUES (38, 31, '2025-03-27 21:42:50');
INSERT INTO PurchaseItem (purchase_id, used_book_id, final_price) VALUES (38, 39, 6744);
INSERT INTO PurchaseOrder (purchase_id, buyer_id, purchased_date) VALUES (39, 30, '2025-03-29 01:04:54');
INSERT INTO PurchaseItem (purchase_id, used_book_id, final_price) VALUES (39, 59, 7642);
INSERT INTO PurchaseItem (purchase_id, used_book_id, final_price) VALUES (39, 210, 12103);
INSERT INTO PurchaseItem (purchase_id, used_book_id, final_price) VALUES (39, 174, 11603);
INSERT INTO PurchaseItem (purchase_id, used_book_id, final_price) VALUES (39, 245, 5241);
INSERT INTO PurchaseOrder (purchase_id, buyer_id, purchased_date) VALUES (40, 25, '2025-03-29 09:09:14');
INSERT INTO PurchaseItem (purchase_id, used_book_id, final_price) VALUES (40, 83, 9640);
INSERT INTO PurchaseOrder (purchase_id, buyer_id, purchased_date) VALUES (41, 28, '2025-03-30 22:50:45');
INSERT INTO PurchaseItem (purchase_id, used_book_id, final_price) VALUES (41, 136, 12339);
INSERT INTO PurchaseItem (purchase_id, used_book_id, final_price) VALUES (41, 285, 2697);
INSERT INTO PurchaseItem (purchase_id, used_book_id, final_price) VALUES (41, 359, 3603);
INSERT INTO PurchaseItem (purchase_id, used_book_id, final_price) VALUES (41, 243, 7054);
INSERT INTO PurchaseOrder (purchase_id, buyer_id, purchased_date) VALUES (42, 1, '2025-04-04 02:30:38');
INSERT INTO PurchaseItem (purchase_id, used_book_id, final_price) VALUES (42, 46, 10172);
INSERT INTO PurchaseOrder (purchase_id, buyer_id, purchased_date) VALUES (43, 41, '2025-04-10 09:37:14');
INSERT INTO PurchaseItem (purchase_id, used_book_id, final_price) VALUES (43, 104, 26055);
INSERT INTO PurchaseOrder (purchase_id, buyer_id, purchased_date) VALUES (44, 25, '2025-04-12 12:53:54');
INSERT INTO PurchaseItem (purchase_id, used_book_id, final_price) VALUES (44, 73, 7338);
INSERT INTO PurchaseItem (purchase_id, used_book_id, final_price) VALUES (44, 103, 19130);
INSERT INTO PurchaseItem (purchase_id, used_book_id, final_price) VALUES (44, 212, 11653);
INSERT INTO PurchaseOrder (purchase_id, buyer_id, purchased_date) VALUES (45, 19, '2025-04-13 00:31:34');
INSERT INTO PurchaseItem (purchase_id, used_book_id, final_price) VALUES (45, 199, 10629);
INSERT INTO PurchaseOrder (purchase_id, buyer_id, purchased_date) VALUES (46, 42, '2025-04-15 05:21:56');
INSERT INTO PurchaseItem (purchase_id, used_book_id, final_price) VALUES (46, 292, 11121);
INSERT INTO PurchaseItem (purchase_id, used_book_id, final_price) VALUES (46, 339, 7079);
INSERT INTO PurchaseItem (purchase_id, used_book_id, final_price) VALUES (46, 186, 6808);
INSERT INTO PurchaseOrder (purchase_id, buyer_id, purchased_date) VALUES (47, 25, '2025-04-17 13:04:47');
INSERT INTO PurchaseItem (purchase_id, used_book_id, final_price) VALUES (47, 376, 14244);
INSERT INTO PurchaseOrder (purchase_id, buyer_id, purchased_date) VALUES (48, 19, '2025-04-17 18:44:53');
INSERT INTO PurchaseItem (purchase_id, used_book_id, final_price) VALUES (48, 69, 10297);
INSERT INTO PurchaseItem (purchase_id, used_book_id, final_price) VALUES (48, 224, 10354);
INSERT INTO PurchaseItem (purchase_id, used_book_id, final_price) VALUES (48, 168, 12611);
INSERT INTO PurchaseItem (purchase_id, used_book_id, final_price) VALUES (48, 35, 9397);
INSERT INTO PurchaseItem (purchase_id, used_book_id, final_price) VALUES (48, 124, 10316);
INSERT INTO PurchaseOrder (purchase_id, buyer_id, purchased_date) VALUES (49, 46, '2025-04-19 17:05:14');
INSERT INTO PurchaseItem (purchase_id, used_book_id, final_price) VALUES (49, 313, 11547);
INSERT INTO PurchaseItem (purchase_id, used_book_id, final_price) VALUES (49, 51, 3292);
INSERT INTO PurchaseItem (purchase_id, used_book_id, final_price) VALUES (49, 303, 9854);
INSERT INTO PurchaseOrder (purchase_id, buyer_id, purchased_date) VALUES (50, 16, '2025-04-19 22:03:09');
INSERT INTO PurchaseItem (purchase_id, used_book_id, final_price) VALUES (50, 253, 10387);
INSERT INTO PurchaseItem (purchase_id, used_book_id, final_price) VALUES (50, 378, 8528);
INSERT INTO PurchaseItem (purchase_id, used_book_id, final_price) VALUES (50, 280, 13449);
INSERT INTO PurchaseItem (purchase_id, used_book_id, final_price) VALUES (50, 244, 8933);
INSERT INTO PurchaseOrder (purchase_id, buyer_id, purchased_date) VALUES (51, 36, '2025-04-21 04:42:30');
INSERT INTO PurchaseItem (purchase_id, used_book_id, final_price) VALUES (51, 162, 8291);
INSERT INTO PurchaseItem (purchase_id, used_book_id, final_price) VALUES (51, 25, 10228);
INSERT INTO PurchaseItem (purchase_id, used_book_id, final_price) VALUES (51, 12, 12494);
INSERT INTO PurchaseItem (purchase_id, used_book_id, final_price) VALUES (51, 217, 11640);
INSERT INTO PurchaseOrder (purchase_id, buyer_id, purchased_date) VALUES (52, 22, '2025-04-22 08:19:56');
INSERT INTO PurchaseItem (purchase_id, used_book_id, final_price) VALUES (52, 183, 8291);
INSERT INTO PurchaseItem (purchase_id, used_book_id, final_price) VALUES (52, 118, 6992);
INSERT INTO PurchaseItem (purchase_id, used_book_id, final_price) VALUES (52, 230, 12954);
INSERT INTO PurchaseOrder (purchase_id, buyer_id, purchased_date) VALUES (53, 22, '2025-04-22 15:00:21');
INSERT INTO PurchaseItem (purchase_id, used_book_id, final_price) VALUES (53, 346, 6762);
INSERT INTO PurchaseItem (purchase_id, used_book_id, final_price) VALUES (53, 23, 9742);
INSERT INTO PurchaseOrder (purchase_id, buyer_id, purchased_date) VALUES (54, 6, '2025-04-28 14:37:18');
INSERT INTO PurchaseItem (purchase_id, used_book_id, final_price) VALUES (54, 60, 7197);
INSERT INTO PurchaseItem (purchase_id, used_book_id, final_price) VALUES (54, 85, 11000);
INSERT INTO PurchaseOrder (purchase_id, buyer_id, purchased_date) VALUES (55, 32, '2025-04-28 20:30:40');
INSERT INTO PurchaseItem (purchase_id, used_book_id, final_price) VALUES (55, 88, 8717);
INSERT INTO PurchaseOrder (purchase_id, buyer_id, purchased_date) VALUES (56, 25, '2025-04-29 07:15:03');
INSERT INTO PurchaseItem (purchase_id, used_book_id, final_price) VALUES (56, 176, 14196);
INSERT INTO PurchaseOrder (purchase_id, buyer_id, purchased_date) VALUES (57, 6, '2025-04-29 10:22:12');
INSERT INTO PurchaseItem (purchase_id, used_book_id, final_price) VALUES (57, 240, 1943);
INSERT INTO PurchaseOrder (purchase_id, buyer_id, purchased_date) VALUES (58, 43, '2025-04-30 03:57:29');
INSERT INTO PurchaseItem (purchase_id, used_book_id, final_price) VALUES (58, 154, 11027);
INSERT INTO PurchaseOrder (purchase_id, buyer_id, purchased_date) VALUES (59, 23, '2025-05-01 18:06:12');
INSERT INTO PurchaseItem (purchase_id, used_book_id, final_price) VALUES (59, 100, 8788);
INSERT INTO PurchaseItem (purchase_id, used_book_id, final_price) VALUES (59, 398, 5792);
INSERT INTO PurchaseItem (purchase_id, used_book_id, final_price) VALUES (59, 220, 10272);
INSERT INTO PurchaseItem (purchase_id, used_book_id, final_price) VALUES (59, 181, 10128);
INSERT INTO PurchaseItem (purchase_id, used_book_id, final_price) VALUES (59, 114, 9908);
INSERT INTO PurchaseOrder (purchase_id, buyer_id, purchased_date) VALUES (60, 16, '2025-05-02 20:46:17');
INSERT INTO PurchaseItem (purchase_id, used_book_id, final_price) VALUES (60, 205, 3831);
INSERT INTO PurchaseOrder (purchase_id, buyer_id, purchased_date) VALUES (61, 20, '2025-05-03 16:37:52');
INSERT INTO PurchaseItem (purchase_id, used_book_id, final_price) VALUES (61, 66, 7323);
INSERT INTO PurchaseOrder (purchase_id, buyer_id, purchased_date) VALUES (62, 41, '2025-05-04 04:54:35');
INSERT INTO PurchaseItem (purchase_id, used_book_id, final_price) VALUES (62, 147, 13033);
INSERT INTO PurchaseOrder (purchase_id, buyer_id, purchased_date) VALUES (63, 45, '2025-05-04 15:07:23');
INSERT INTO PurchaseItem (purchase_id, used_book_id, final_price) VALUES (63, 306, 6795);
INSERT INTO PurchaseOrder (purchase_id, buyer_id, purchased_date) VALUES (64, 6, '2025-05-05 20:32:34');
INSERT INTO PurchaseItem (purchase_id, used_book_id, final_price) VALUES (64, 47, 11458);
INSERT INTO PurchaseOrder (purchase_id, buyer_id, purchased_date) VALUES (65, 2, '2025-05-07 18:06:22');
INSERT INTO PurchaseItem (purchase_id, used_book_id, final_price) VALUES (65, 208, 9071);
INSERT INTO PurchaseItem (purchase_id, used_book_id, final_price) VALUES (65, 307, 8393);
INSERT INTO PurchaseOrder (purchase_id, buyer_id, purchased_date) VALUES (66, 30, '2025-05-09 06:39:13');
INSERT INTO PurchaseItem (purchase_id, used_book_id, final_price) VALUES (66, 197, 12684);
INSERT INTO PurchaseOrder (purchase_id, buyer_id, purchased_date) VALUES (67, 6, '2025-05-12 00:59:13');
INSERT INTO PurchaseItem (purchase_id, used_book_id, final_price) VALUES (67, 70, 8878);
INSERT INTO PurchaseOrder (purchase_id, buyer_id, purchased_date) VALUES (68, 50, '2025-05-12 10:53:33');
INSERT INTO PurchaseItem (purchase_id, used_book_id, final_price) VALUES (68, 262, 5154);
INSERT INTO PurchaseOrder (purchase_id, buyer_id, purchased_date) VALUES (69, 12, '2025-05-15 08:49:36');
INSERT INTO PurchaseItem (purchase_id, used_book_id, final_price) VALUES (69, 247, 8731);
INSERT INTO PurchaseItem (purchase_id, used_book_id, final_price) VALUES (69, 214, 8010);
INSERT INTO PurchaseItem (purchase_id, used_book_id, final_price) VALUES (69, 74, 7829);
INSERT INTO PurchaseItem (purchase_id, used_book_id, final_price) VALUES (69, 63, 11494);
INSERT INTO PurchaseItem (purchase_id, used_book_id, final_price) VALUES (69, 195, 13969);
INSERT INTO PurchaseOrder (purchase_id, buyer_id, purchased_date) VALUES (70, 25, '2025-05-15 21:24:24');
INSERT INTO PurchaseItem (purchase_id, used_book_id, final_price) VALUES (70, 248, 11286);
INSERT INTO PurchaseItem (purchase_id, used_book_id, final_price) VALUES (70, 105, 19580);
INSERT INTO PurchaseItem (purchase_id, used_book_id, final_price) VALUES (70, 188, 6323);
INSERT INTO PurchaseItem (purchase_id, used_book_id, final_price) VALUES (70, 117, 10493);
INSERT INTO PurchaseItem (purchase_id, used_book_id, final_price) VALUES (70, 340, 7675);
INSERT INTO PurchaseOrder (purchase_id, buyer_id, purchased_date) VALUES (71, 44, '2025-05-16 15:44:12');
INSERT INTO PurchaseItem (purchase_id, used_book_id, final_price) VALUES (71, 101, 29204);
INSERT INTO PurchaseItem (purchase_id, used_book_id, final_price) VALUES (71, 139, 11888);
INSERT INTO PurchaseOrder (purchase_id, buyer_id, purchased_date) VALUES (72, 12, '2025-05-16 17:30:00');
INSERT INTO PurchaseItem (purchase_id, used_book_id, final_price) VALUES (72, 218, 8885);
INSERT INTO PurchaseItem (purchase_id, used_book_id, final_price) VALUES (72, 99, 6120);
INSERT INTO PurchaseItem (purchase_id, used_book_id, final_price) VALUES (72, 209, 9278);
INSERT INTO PurchaseItem (purchase_id, used_book_id, final_price) VALUES (72, 216, 11092);
INSERT INTO PurchaseItem (purchase_id, used_book_id, final_price) VALUES (72, 271, 12717);
INSERT INTO PurchaseOrder (purchase_id, buyer_id, purchased_date) VALUES (73, 19, '2025-05-17 18:59:52');
INSERT INTO PurchaseItem (purchase_id, used_book_id, final_price) VALUES (73, 135, 10784);
INSERT INTO PurchaseItem (purchase_id, used_book_id, final_price) VALUES (73, 364, 20137);
INSERT INTO PurchaseItem (purchase_id, used_book_id, final_price) VALUES (73, 110, 12542);
INSERT INTO PurchaseItem (purchase_id, used_book_id, final_price) VALUES (73, 318, 7106);
INSERT INTO PurchaseItem (purchase_id, used_book_id, final_price) VALUES (73, 93, 12107);
INSERT INTO PurchaseOrder (purchase_id, buyer_id, purchased_date) VALUES (74, 25, '2025-05-18 07:07:38');
INSERT INTO PurchaseItem (purchase_id, used_book_id, final_price) VALUES (74, 52, 3186);
INSERT INTO PurchaseItem (purchase_id, used_book_id, final_price) VALUES (74, 219, 7423);
INSERT INTO PurchaseItem (purchase_id, used_book_id, final_price) VALUES (74, 134, 12665);
INSERT INTO PurchaseItem (purchase_id, used_book_id, final_price) VALUES (74, 235, 9224);
INSERT INTO PurchaseOrder (purchase_id, buyer_id, purchased_date) VALUES (75, 34, '2025-05-18 22:36:28');
INSERT INTO PurchaseItem (purchase_id, used_book_id, final_price) VALUES (75, 94, 8647);
INSERT INTO PurchaseItem (purchase_id, used_book_id, final_price) VALUES (75, 201, 6558);
INSERT INTO PurchaseItem (purchase_id, used_book_id, final_price) VALUES (75, 111, 8358);
INSERT INTO PurchaseItem (purchase_id, used_book_id, final_price) VALUES (75, 165, 10980);
INSERT INTO PurchaseOrder (purchase_id, buyer_id, purchased_date) VALUES (76, 22, '2025-05-19 11:05:56');
INSERT INTO PurchaseItem (purchase_id, used_book_id, final_price) VALUES (76, 97, 7234);
INSERT INTO PurchaseItem (purchase_id, used_book_id, final_price) VALUES (76, 394, 11216);
INSERT INTO PurchaseItem (purchase_id, used_book_id, final_price) VALUES (76, 237, 2349);
INSERT INTO PurchaseItem (purchase_id, used_book_id, final_price) VALUES (76, 144, 13443);
INSERT INTO PurchaseOrder (purchase_id, buyer_id, purchased_date) VALUES (77, 30, '2025-05-21 10:56:46');
INSERT INTO PurchaseItem (purchase_id, used_book_id, final_price) VALUES (77, 146, 11788);
INSERT INTO PurchaseOrder (purchase_id, buyer_id, purchased_date) VALUES (78, 23, '2025-05-22 08:29:02');
INSERT INTO PurchaseItem (purchase_id, used_book_id, final_price) VALUES (78, 379, 10632);
INSERT INTO PurchaseItem (purchase_id, used_book_id, final_price) VALUES (78, 96, 9294);
INSERT INTO PurchaseItem (purchase_id, used_book_id, final_price) VALUES (78, 156, 11491);
INSERT INTO PurchaseOrder (purchase_id, buyer_id, purchased_date) VALUES (79, 49, '2025-05-23 03:26:24');
INSERT INTO PurchaseItem (purchase_id, used_book_id, final_price) VALUES (79, 116, 12877);
INSERT INTO PurchaseItem (purchase_id, used_book_id, final_price) VALUES (79, 175, 11438);
INSERT INTO PurchaseItem (purchase_id, used_book_id, final_price) VALUES (79, 236, 2359);
INSERT INTO PurchaseItem (purchase_id, used_book_id, final_price) VALUES (79, 275, 5499);
INSERT INTO PurchaseItem (purchase_id, used_book_id, final_price) VALUES (79, 55, 4271);
INSERT INTO PurchaseOrder (purchase_id, buyer_id, purchased_date) VALUES (80, 6, '2025-05-23 18:59:31');
INSERT INTO PurchaseItem (purchase_id, used_book_id, final_price) VALUES (80, 222, 9746);
INSERT INTO PurchaseItem (purchase_id, used_book_id, final_price) VALUES (80, 349, 7149);
INSERT INTO PurchaseOrder (purchase_id, buyer_id, purchased_date) VALUES (81, 8, '2025-05-24 12:47:22');
INSERT INTO PurchaseItem (purchase_id, used_book_id, final_price) VALUES (81, 141, 9410);
INSERT INTO PurchaseItem (purchase_id, used_book_id, final_price) VALUES (81, 228, 11927);
INSERT INTO PurchaseItem (purchase_id, used_book_id, final_price) VALUES (81, 10, 11687);
INSERT INTO PurchaseOrder (purchase_id, buyer_id, purchased_date) VALUES (82, 32, '2025-05-26 08:49:56');
INSERT INTO PurchaseItem (purchase_id, used_book_id, final_price) VALUES (82, 304, 12774);
INSERT INTO PurchaseItem (purchase_id, used_book_id, final_price) VALUES (82, 320, 8135);
INSERT INTO PurchaseItem (purchase_id, used_book_id, final_price) VALUES (82, 48, 13476);
INSERT INTO PurchaseItem (purchase_id, used_book_id, final_price) VALUES (82, 309, 2857);
INSERT INTO PurchaseItem (purchase_id, used_book_id, final_price) VALUES (82, 82, 9401);
INSERT INTO PurchaseOrder (purchase_id, buyer_id, purchased_date) VALUES (83, 8, '2025-05-26 08:49:56');
INSERT INTO PurchaseItem (purchase_id, used_book_id, final_price) VALUES (83, 363, 8969);
INSERT INTO PurchaseItem (purchase_id, used_book_id, final_price) VALUES (83, 20, 6450);
INSERT INTO PurchaseItem (purchase_id, used_book_id, final_price) VALUES (83, 98, 7552);
INSERT INTO PurchaseItem (purchase_id, used_book_id, final_price) VALUES (83, 185, 8389);
INSERT INTO PurchaseItem (purchase_id, used_book_id, final_price) VALUES (83, 177, 12108);
INSERT INTO PurchaseOrder (purchase_id, buyer_id, purchased_date) VALUES (84, 12, '2025-05-26 08:49:56');
INSERT INTO PurchaseItem (purchase_id, used_book_id, final_price) VALUES (84, 142, 10852);
INSERT INTO PurchaseItem (purchase_id, used_book_id, final_price) VALUES (84, 353, 6750);
INSERT INTO PurchaseItem (purchase_id, used_book_id, final_price) VALUES (84, 276, 11203);
INSERT INTO PurchaseOrder (purchase_id, buyer_id, purchased_date) VALUES (85, 39, '2025-05-27 07:45:02');
INSERT INTO PurchaseItem (purchase_id, used_book_id, final_price) VALUES (85, 34, 7328);
INSERT INTO PurchaseOrder (purchase_id, buyer_id, purchased_date) VALUES (86, 36, '2025-05-27 12:10:05');
INSERT INTO PurchaseItem (purchase_id, used_book_id, final_price) VALUES (86, 289, 9594);
INSERT INTO PurchaseOrder (purchase_id, buyer_id, purchased_date) VALUES (87, 16, '2025-05-28 06:33:20');
INSERT INTO PurchaseItem (purchase_id, used_book_id, final_price) VALUES (87, 41, 9321);
INSERT INTO PurchaseItem (purchase_id, used_book_id, final_price) VALUES (87, 132, 15095);
INSERT INTO PurchaseItem (purchase_id, used_book_id, final_price) VALUES (87, 50, 10971);
INSERT INTO PurchaseItem (purchase_id, used_book_id, final_price) VALUES (87, 21, 10880);
INSERT INTO PurchaseOrder (purchase_id, buyer_id, purchased_date) VALUES (88, 38, '2025-05-30 10:56:25');
INSERT INTO PurchaseItem (purchase_id, used_book_id, final_price) VALUES (88, 68, 8336);
INSERT INTO PurchaseOrder (purchase_id, buyer_id, purchased_date) VALUES (89, 26, '2025-05-30 18:59:26');
INSERT INTO PurchaseItem (purchase_id, used_book_id, final_price) VALUES (89, 295, 7289);
INSERT INTO PurchaseItem (purchase_id, used_book_id, final_price) VALUES (89, 194, 9391);
INSERT INTO PurchaseItem (purchase_id, used_book_id, final_price) VALUES (89, 27, 12775);
INSERT INTO PurchaseItem (purchase_id, used_book_id, final_price) VALUES (89, 1, 7992);
INSERT INTO PurchaseOrder (purchase_id, buyer_id, purchased_date) VALUES (90, 30, '2025-05-31 15:29:49');
INSERT INTO PurchaseItem (purchase_id, used_book_id, final_price) VALUES (90, 64, 12490);
INSERT INTO PurchaseOrder (purchase_id, buyer_id, purchased_date) VALUES (91, 44, '2025-06-01 11:13:09');
INSERT INTO PurchaseItem (purchase_id, used_book_id, final_price) VALUES (91, 385, 14606);
INSERT INTO PurchaseOrder (purchase_id, buyer_id, purchased_date) VALUES (92, 50, '2025-06-01 11:38:51');
INSERT INTO PurchaseItem (purchase_id, used_book_id, final_price) VALUES (92, 84, 8814);
INSERT INTO PurchaseOrder (purchase_id, buyer_id, purchased_date) VALUES (93, 26, '2025-06-01 20:23:40');
INSERT INTO PurchaseItem (purchase_id, used_book_id, final_price) VALUES (93, 204, 5992);
INSERT INTO PurchaseItem (purchase_id, used_book_id, final_price) VALUES (93, 40, 6847);
INSERT INTO PurchaseItem (purchase_id, used_book_id, final_price) VALUES (93, 18, 6190);
INSERT INTO PurchaseOrder (purchase_id, buyer_id, purchased_date) VALUES (94, 30, '2025-06-04 00:17:01');
INSERT INTO PurchaseItem (purchase_id, used_book_id, final_price) VALUES (94, 19, 9081);
INSERT INTO PurchaseItem (purchase_id, used_book_id, final_price) VALUES (94, 249, 10254);
INSERT INTO PurchaseItem (purchase_id, used_book_id, final_price) VALUES (94, 28, 7146);
INSERT INTO PurchaseItem (purchase_id, used_book_id, final_price) VALUES (94, 79, 13005);
INSERT INTO PurchaseItem (purchase_id, used_book_id, final_price) VALUES (94, 157, 14158);
INSERT INTO PurchaseOrder (purchase_id, buyer_id, purchased_date) VALUES (95, 49, '2025-06-04 05:08:54');
INSERT INTO PurchaseItem (purchase_id, used_book_id, final_price) VALUES (95, 206, 10943);
INSERT INTO PurchaseItem (purchase_id, used_book_id, final_price) VALUES (95, 53, 4028);
INSERT INTO PurchaseItem (purchase_id, used_book_id, final_price) VALUES (95, 311, 9533);
INSERT INTO PurchaseOrder (purchase_id, buyer_id, purchased_date) VALUES (96, 16, '2025-06-04 08:49:56');
INSERT INTO PurchaseItem (purchase_id, used_book_id, final_price) VALUES (96, 137, 12982);
INSERT INTO PurchaseItem (purchase_id, used_book_id, final_price) VALUES (96, 179, 9639);
INSERT INTO PurchaseItem (purchase_id, used_book_id, final_price) VALUES (96, 16, 6518);

-- Shipping 테이블 데이터
INSERT INTO Shipping (shipping_id, purchase_id, shipping_address, shipped_at, delivered_at, shipping_status) VALUES (1, 16, '(55038) 전라북도 전주시 완산구 전라감영4길 1 4층', '2025-01-27 20:58:25', '2025-02-01 10:58:25', '배송완료');
INSERT INTO Shipping (shipping_id, purchase_id, shipping_address, shipped_at, delivered_at, shipping_status) VALUES (2, 17, '(08739) 서울특별시 관악구 남부순환로231길 11 태주빌라 1층', '2025-01-29 15:59:24', '2025-02-03 21:59:24', '배송완료');
INSERT INTO Shipping (shipping_id, purchase_id, shipping_address, shipped_at, delivered_at, shipping_status) VALUES (3, 18, '(54830) 전라북도 전주시 덕진구 두간11길 15', '2025-01-29 22:25:50', '2025-01-31 14:25:50', '배송완료');
INSERT INTO Shipping (shipping_id, purchase_id, shipping_address, shipped_at, delivered_at, shipping_status) VALUES (4, 19, '(41958) 대구광역시 중구 명륜로23길 28', '2025-01-30 21:16:27', '2025-02-04 00:16:27', '배송완료');
INSERT INTO Shipping (shipping_id, purchase_id, shipping_address, shipped_at, delivered_at, shipping_status) VALUES (5, 20, '(24838) 강원도 속초시 중앙로46번길 45', '2025-02-01 03:26:21', '2025-02-03 08:26:21', '배송완료');
INSERT INTO Shipping (shipping_id, purchase_id, shipping_address, shipped_at, delivered_at, shipping_status) VALUES (6, 21, '(63005) 제주 제주시 한경면 저지동길 8-31', '2025-02-06 08:57:35', '2025-02-09 07:57:35', '배송완료');
INSERT INTO Shipping (shipping_id, purchase_id, shipping_address, shipped_at, delivered_at, shipping_status) VALUES (7, 22, '(54836) 전라북도 전주시 덕진구 솔내7길 17-10 소소당', '2025-02-08 16:27:27', '2025-02-11 21:27:27', '배송완료');
INSERT INTO Shipping (shipping_id, purchase_id, shipping_address, shipped_at, delivered_at, shipping_status) VALUES (8, 23, '(61979) 광주 서구 화운로156번길 12-1 1층', '2025-02-09 12:53:18', '2025-02-14 01:53:18', '배송완료');
INSERT INTO Shipping (shipping_id, purchase_id, shipping_address, shipped_at, delivered_at, shipping_status) VALUES (9, 25, '(12533) 경기도 양평군 양동면 고송길 35-37', '2025-02-17 01:12:53', '2025-02-19 17:12:53', '배송완료');
INSERT INTO Shipping (shipping_id, purchase_id, shipping_address, shipped_at, delivered_at, shipping_status) VALUES (10, 24, '(08739) 서울특별시 관악구 남부순환로231길 11 태주빌라 1층', '2025-02-17 21:39:16', '2025-02-21 02:39:16', '배송완료');
INSERT INTO Shipping (shipping_id, purchase_id, shipping_address, shipped_at, delivered_at, shipping_status) VALUES (11, 26, '(02644) 서울특별시 동대문구 천호대로89길 9 2층', '2025-02-26 03:55:25', '2025-03-01 08:55:25', '배송완료');
INSERT INTO Shipping (shipping_id, purchase_id, shipping_address, shipped_at, delivered_at, shipping_status) VALUES (12, 27, '(58704) 전라남도 목포시 용해로86번길 1-2', '2025-03-04 14:29:36', '2025-03-07 07:29:36', '배송완료');
INSERT INTO Shipping (shipping_id, purchase_id, shipping_address, shipped_at, delivered_at, shipping_status) VALUES (13, 28, '(12533) 경기도 양평군 양동면 고송길 35-37', '2025-03-08 09:20:18', '2025-03-13 15:20:18', '배송완료');
INSERT INTO Shipping (shipping_id, purchase_id, shipping_address, shipped_at, delivered_at, shipping_status) VALUES (14, 29, '(03979) 서울특별시 마포구 성미산로23길 60', '2025-03-09 18:19:17', '2025-03-15 07:19:17', '배송완료');
INSERT INTO Shipping (shipping_id, purchase_id, shipping_address, shipped_at, delivered_at, shipping_status) VALUES (15, 30, '(61980) 광주광역시 서구 화운로 136 1층', '2025-03-10 23:30:23', '2025-03-15 03:30:23', '배송완료');
INSERT INTO Shipping (shipping_id, purchase_id, shipping_address, shipped_at, delivered_at, shipping_status) VALUES (16, 31, '(10379) 경기도 고양시 일산서구 중앙로 1470 동부썬프라자 B동 128호', '2025-03-12 14:59:19', '2025-03-14 04:59:19', '배송완료');
INSERT INTO Shipping (shipping_id, purchase_id, shipping_address, shipped_at, delivered_at, shipping_status) VALUES (17, 32, '(01456) 서울특별시 도봉구 도봉로114길 57 1층 도도봉봉', '2025-03-17 10:06:10', '2025-03-22 16:06:10', '배송완료');
INSERT INTO Shipping (shipping_id, purchase_id, shipping_address, shipped_at, delivered_at, shipping_status) VALUES (18, 33, '(54836) 전라북도 전주시 덕진구 솔내7길 17-10 소소당', '2025-03-19 11:20:58', '2025-03-21 09:20:58', '배송완료');
INSERT INTO Shipping (shipping_id, purchase_id, shipping_address, shipped_at, delivered_at, shipping_status) VALUES (19, 34, '(24838) 강원도 속초시 중앙로46번길 45', '2025-03-22 02:08:16', '2025-03-27 06:08:16', '배송완료');
INSERT INTO Shipping (shipping_id, purchase_id, shipping_address, shipped_at, delivered_at, shipping_status) VALUES (20, 35, '(63333) 제주특별자치도 제주시 조천읍 함덕로 9', '2025-03-23 15:42:00', '2025-03-25 14:42:00', '배송완료');
INSERT INTO Shipping (shipping_id, purchase_id, shipping_address, shipped_at, delivered_at, shipping_status) VALUES (21, 36, '(58704) 전라남도 목포시 용해로86번길 1-2', '2025-03-25 12:39:32', '2025-03-29 04:39:32', '배송완료');
INSERT INTO Shipping (shipping_id, purchase_id, shipping_address, shipped_at, delivered_at, shipping_status) VALUES (22, 37, '(08739) 서울특별시 관악구 남부순환로231길 11 태주빌라 1층', '2025-03-26 02:20:05', '2025-03-29 04:20:05', '배송완료');
INSERT INTO Shipping (shipping_id, purchase_id, shipping_address, shipped_at, delivered_at, shipping_status) VALUES (23, 38, '(54887) 전라북도 전주시 덕진구 하가3길 20-9', '2025-03-29 21:42:50', '2025-04-02 13:42:50', '배송완료');
INSERT INTO Shipping (shipping_id, purchase_id, shipping_address, shipped_at, delivered_at, shipping_status) VALUES (24, 40, '(24838) 강원도 속초시 중앙로46번길 45', '2025-03-30 11:09:14', '2025-04-01 00:09:14', '배송완료');
INSERT INTO Shipping (shipping_id, purchase_id, shipping_address, shipped_at, delivered_at, shipping_status) VALUES (25, 39, '(21338) 인천광역시 부평구 길주로547번길 8-12', '2025-03-31 01:04:54', '2025-04-03 14:04:54', '배송완료');
INSERT INTO Shipping (shipping_id, purchase_id, shipping_address, shipped_at, delivered_at, shipping_status) VALUES (26, 41, '(41947) 대구광역시 중구 국채보상로150길 83', '2025-04-01 06:50:45', '2025-04-05 09:50:45', '배송완료');
INSERT INTO Shipping (shipping_id, purchase_id, shipping_address, shipped_at, delivered_at, shipping_status) VALUES (27, 42, '(03057) 서울특별시 종로구 창덕궁길 153 1층 비화림', '2025-04-05 23:30:38', '2025-04-09 01:30:38', '배송완료');
INSERT INTO Shipping (shipping_id, purchase_id, shipping_address, shipped_at, delivered_at, shipping_status) VALUES (28, 43, '(17006) 경기도 용인시 기흥구 동백5로 22 쥬네브문월드 가동 137호', '2025-04-11 13:37:14', '2025-04-16 20:37:14', '배송완료');
INSERT INTO Shipping (shipping_id, purchase_id, shipping_address, shipped_at, delivered_at, shipping_status) VALUES (29, 45, '(06753) 서울특별시 서초구 바우뫼로 154 103호', '2025-04-13 17:31:34', '2025-04-15 22:31:34', '배송완료');
INSERT INTO Shipping (shipping_id, purchase_id, shipping_address, shipped_at, delivered_at, shipping_status) VALUES (30, 44, '(24838) 강원도 속초시 중앙로46번길 45', '2025-04-14 07:53:54', '2025-04-19 09:53:54', '배송완료');
INSERT INTO Shipping (shipping_id, purchase_id, shipping_address, shipped_at, delivered_at, shipping_status) VALUES (31, 46, '(07016) 서울특별시 동작구 동작대로9가길 32 1층 다정한', '2025-04-15 11:21:56', '2025-04-17 11:21:56', '배송완료');
INSERT INTO Shipping (shipping_id, purchase_id, shipping_address, shipped_at, delivered_at, shipping_status) VALUES (32, 47, '(24838) 강원도 속초시 중앙로46번길 45', '2025-04-18 11:04:47', '2025-04-21 01:04:47', '배송완료');
INSERT INTO Shipping (shipping_id, purchase_id, shipping_address, shipped_at, delivered_at, shipping_status) VALUES (33, 48, '(06753) 서울특별시 서초구 바우뫼로 154 103호', '2025-04-18 19:44:53', '2025-04-20 23:44:53', '배송완료');
INSERT INTO Shipping (shipping_id, purchase_id, shipping_address, shipped_at, delivered_at, shipping_status) VALUES (34, 50, '(61980) 광주광역시 서구 화운로 136 1층', '2025-04-20 04:03:09', '2025-04-22 15:03:09', '배송완료');
INSERT INTO Shipping (shipping_id, purchase_id, shipping_address, shipped_at, delivered_at, shipping_status) VALUES (35, 49, '(44943) 울산광역시 울주군 언양읍 헌양길 234 1층', '2025-04-20 18:05:14', '2025-04-22 18:05:14', '배송완료');
INSERT INTO Shipping (shipping_id, purchase_id, shipping_address, shipped_at, delivered_at, shipping_status) VALUES (36, 51, '(21569) 인천광역시 남동구 문화서로28번길 13-1', '2025-04-22 08:42:30', '2025-04-23 14:42:30', '배송완료');
INSERT INTO Shipping (shipping_id, purchase_id, shipping_address, shipped_at, delivered_at, shipping_status) VALUES (37, 52, '(41958) 대구광역시 중구 명륜로23길 28', '2025-04-23 21:19:56', '2025-04-25 08:19:56', '배송완료');
INSERT INTO Shipping (shipping_id, purchase_id, shipping_address, shipped_at, delivered_at, shipping_status) VALUES (38, 53, '(41958) 대구광역시 중구 명륜로23길 28', '2025-04-24 09:00:21', '2025-04-28 10:00:21', '배송완료');
INSERT INTO Shipping (shipping_id, purchase_id, shipping_address, shipped_at, delivered_at, shipping_status) VALUES (39, 54, '(58704) 전라남도 목포시 용해로86번길 1-2', '2025-04-29 15:37:18', '2025-05-01 16:37:18', '배송완료');
INSERT INTO Shipping (shipping_id, purchase_id, shipping_address, shipped_at, delivered_at, shipping_status) VALUES (40, 59, '(63333) 제주특별자치도 제주시 조천읍 함덕로 9', '2025-05-02 22:06:12', '2025-05-06 08:06:12', '배송완료');
INSERT INTO Shipping (shipping_id, purchase_id, shipping_address, shipped_at, delivered_at, shipping_status) VALUES (41, 64, '(58704) 전라남도 목포시 용해로86번길 1-2', '2025-05-06 03:32:34', '2025-05-09 11:32:34', '배송완료');
INSERT INTO Shipping (shipping_id, purchase_id, shipping_address, shipped_at, delivered_at, shipping_status) VALUES (42, 70, '(24838) 강원도 속초시 중앙로46번길 45', '2025-05-16 08:24:24', '2025-05-17 10:24:24', '배송완료');
INSERT INTO Shipping (shipping_id, purchase_id, shipping_address, shipped_at, delivered_at, shipping_status) VALUES (43, 69, '(08739) 서울특별시 관악구 남부순환로231길 11 태주빌라 1층', '2025-05-16 12:49:36', '2025-05-19 18:49:36', '배송완료');
INSERT INTO Shipping (shipping_id, purchase_id, shipping_address, shipped_at, delivered_at, shipping_status) VALUES (44, 73, '(06753) 서울특별시 서초구 바우뫼로 154 103호', '2025-05-17 22:59:52', '2025-05-21 00:59:52', '배송완료');
INSERT INTO Shipping (shipping_id, purchase_id, shipping_address, shipped_at, delivered_at, shipping_status) VALUES (45, 72, '(08739) 서울특별시 관악구 남부순환로231길 11 태주빌라 1층', '2025-05-18 02:30:00', '2025-05-19 03:30:00', '배송완료');
INSERT INTO Shipping (shipping_id, purchase_id, shipping_address, shipped_at, delivered_at, shipping_status) VALUES (46, 74, '(24838) 강원도 속초시 중앙로46번길 45', '2025-05-19 12:07:38', '2025-05-21 18:07:38', '배송완료');
INSERT INTO Shipping (shipping_id, purchase_id, shipping_address, shipped_at, delivered_at, shipping_status) VALUES (47, 80, '(58704) 전라남도 목포시 용해로86번길 1-2', '2025-05-24 21:59:31', '2025-05-26 06:59:31', '배송완료');
INSERT INTO Shipping (shipping_id, purchase_id, shipping_address, shipped_at, delivered_at, shipping_status) VALUES (48, 81, '(21355) 인천광역시 부평구 장제로221번길 27 2층', '2025-05-25 19:47:22', '2025-05-28 04:47:22', '배송완료');
INSERT INTO Shipping (shipping_id, purchase_id, shipping_address, shipped_at, delivered_at, shipping_status) VALUES (49, 84, '(08739) 서울특별시 관악구 남부순환로231길 11 태주빌라 1층', '2025-05-26 10:49:56', '2025-05-28 17:49:56', '배송완료');
INSERT INTO Shipping (shipping_id, purchase_id, shipping_address, shipped_at, delivered_at, shipping_status) VALUES (50, 82, '(12533) 경기도 양평군 양동면 고송길 35-37', '2025-05-26 20:49:56', '2025-05-28 03:49:56', '배송완료');
INSERT INTO Shipping (shipping_id, purchase_id, shipping_address, shipped_at, delivered_at, shipping_status) VALUES (51, 83, '(21355) 인천광역시 부평구 장제로221번길 27 2층', '2025-05-27 19:49:56', '2025-05-29 06:49:56', '배송완료');
INSERT INTO Shipping (shipping_id, purchase_id, shipping_address, shipped_at, delivered_at, shipping_status) VALUES (52, 89, '(02644) 서울특별시 동대문구 천호대로89길 9 2층', '2025-06-01 10:49:56', NULL, '배송중');
INSERT INTO Shipping (shipping_id, purchase_id, shipping_address, shipped_at, delivered_at, shipping_status) VALUES (53, 91, '(57964) 전라남도 순천시 역전2길 10 심다', '2025-06-01 13:13:09', NULL, '배송중');
INSERT INTO Shipping (shipping_id, purchase_id, shipping_address, shipped_at, delivered_at, shipping_status) VALUES (54, 92, '(01456) 서울특별시 도봉구 도봉로114길 57 1층 도도봉봉', '2025-06-01 15:38:51', NULL, '배송중');
INSERT INTO Shipping (shipping_id, purchase_id, shipping_address, shipped_at, delivered_at, shipping_status) VALUES (55, 90, '(21338) 인천광역시 부평구 길주로547번길 8-12', '2025-06-01 17:49:56', NULL, '배송중');
INSERT INTO Shipping (shipping_id, purchase_id, shipping_address, shipped_at, delivered_at, shipping_status) VALUES (56, 55, '(12533) 경기도 양평군 양동면 고송길 35-37', '2025-06-01 21:49:56', NULL, '배송중');
INSERT INTO Shipping (shipping_id, purchase_id, shipping_address, shipped_at, delivered_at, shipping_status) VALUES (57, 60, '(61980) 광주광역시 서구 화운로 136 1층', '2025-06-02 04:49:56', NULL, '배송중');
INSERT INTO Shipping (shipping_id, purchase_id, shipping_address, shipped_at, delivered_at, shipping_status) VALUES (58, 76, '(41958) 대구광역시 중구 명륜로23길 28', '2025-06-02 08:49:56', NULL, '배송중');
INSERT INTO Shipping (shipping_id, purchase_id, shipping_address, shipped_at, delivered_at, shipping_status) VALUES (59, 56, '(24838) 강원도 속초시 중앙로46번길 45', '2025-06-02 11:49:56', NULL, '배송중');
INSERT INTO Shipping (shipping_id, purchase_id, shipping_address, shipped_at, delivered_at, shipping_status) VALUES (60, 85, '(36324) 경상북도 울진군 울진읍 읍내8길 5 5층 오브덕', '2025-06-02 12:49:56', NULL, '배송중');
INSERT INTO Shipping (shipping_id, purchase_id, shipping_address, shipped_at, delivered_at, shipping_status) VALUES (61, 88, '(63595) 제주 서귀포시 태평로 409-2', '2025-06-02 12:49:56', NULL, '배송중');
INSERT INTO Shipping (shipping_id, purchase_id, shipping_address, shipped_at, delivered_at, shipping_status) VALUES (62, 65, '(63194) 제주특별자치도 제주시 삼성로1길 1 , 1층', '2025-06-02 13:49:56', NULL, '배송중');
INSERT INTO Shipping (shipping_id, purchase_id, shipping_address, shipped_at, delivered_at, shipping_status) VALUES (63, 78, '(63333) 제주특별자치도 제주시 조천읍 함덕로 9', '2025-06-02 14:49:56', NULL, '배송중');
INSERT INTO Shipping (shipping_id, purchase_id, shipping_address, shipped_at, delivered_at, shipping_status) VALUES (64, 75, '(53277) 경상남도 거제시 사등면 거제대로 5394-2 주황색 지붕 건물', '2025-06-02 16:49:56', NULL, '배송중');
INSERT INTO Shipping (shipping_id, purchase_id, shipping_address, shipped_at, delivered_at, shipping_status) VALUES (65, 67, '(58704) 전라남도 목포시 용해로86번길 1-2', '2025-06-02 17:49:56', NULL, '배송중');
INSERT INTO Shipping (shipping_id, purchase_id, shipping_address, shipped_at, delivered_at, shipping_status) VALUES (66, 63, '(49494) 부산 사하구 윤공단로 12 2층. 다대포예술기지', '2025-06-02 19:49:56', NULL, '배송중');
INSERT INTO Shipping (shipping_id, purchase_id, shipping_address, shipped_at, delivered_at, shipping_status) VALUES (67, 79, '(21337) 인천광역시 부평구 장제로249번길 16 1층', '2025-06-02 20:49:56', NULL, '배송중');
INSERT INTO Shipping (shipping_id, purchase_id, shipping_address, shipped_at, delivered_at, shipping_status) VALUES (68, 57, '(58704) 전라남도 목포시 용해로86번길 1-2', '2025-06-03 04:49:56', NULL, '배송중');
INSERT INTO Shipping (shipping_id, purchase_id, shipping_address, shipped_at, delivered_at, shipping_status) VALUES (69, 58, '(02725) 서울특별시 성북구 삼양로 27 1층', '2025-06-03 04:49:56', NULL, '배송중');
INSERT INTO Shipping (shipping_id, purchase_id, shipping_address, shipped_at, delivered_at, shipping_status) VALUES (70, 66, '(21338) 인천광역시 부평구 길주로547번길 8-12', '2025-06-03 04:49:56', NULL, '배송중');
INSERT INTO Shipping (shipping_id, purchase_id, shipping_address, shipped_at, delivered_at, shipping_status) VALUES (71, 86, '(21569) 인천광역시 남동구 문화서로28번길 13-1', '2025-06-03 06:49:56', NULL, '배송중');
INSERT INTO Shipping (shipping_id, purchase_id, shipping_address, shipped_at, delivered_at, shipping_status) VALUES (72, 87, '(61980) 광주광역시 서구 화운로 136 1층', '2025-06-03 09:49:56', NULL, '배송중');
INSERT INTO Shipping (shipping_id, purchase_id, shipping_address, shipped_at, delivered_at, shipping_status) VALUES (73, 68, '(01456) 서울특별시 도봉구 도봉로114길 57 1층 도도봉봉', '2025-06-03 13:49:56', NULL, '배송중');
INSERT INTO Shipping (shipping_id, purchase_id, shipping_address, shipped_at, delivered_at, shipping_status) VALUES (74, 62, '(17006) 경기도 용인시 기흥구 동백5로 22 쥬네브문월드 가동 137호', '2025-06-03 17:49:56', NULL, '배송중');
INSERT INTO Shipping (shipping_id, purchase_id, shipping_address, shipped_at, delivered_at, shipping_status) VALUES (75, 93, '(02644) 서울특별시 동대문구 천호대로89길 9 2층', '2025-06-03 22:49:56', NULL, '배송중');
INSERT INTO Shipping (shipping_id, purchase_id, shipping_address, shipped_at, delivered_at, shipping_status) VALUES (76, 94, '(21338) 인천광역시 부평구 길주로547번길 8-12', '2025-06-04 03:17:01', NULL, '배송중');
INSERT INTO Shipping (shipping_id, purchase_id, shipping_address, shipped_at, delivered_at, shipping_status) VALUES (77, 77, '(21338) 인천광역시 부평구 길주로547번길 8-12', '2025-06-04 05:49:56', NULL, '배송중');
INSERT INTO Shipping (shipping_id, purchase_id, shipping_address, shipped_at, delivered_at, shipping_status) VALUES (78, 61, '(54836) 전라북도 전주시 덕진구 솔내7길 17-10 소소당', '2025-06-04 06:49:56', NULL, '배송중');
INSERT INTO Shipping (shipping_id, purchase_id, shipping_address, shipped_at, delivered_at, shipping_status) VALUES (79, 71, '(57964) 전라남도 순천시 역전2길 10 심다', '2025-06-04 08:49:56', NULL, '배송중');
INSERT INTO Shipping (shipping_id, purchase_id, shipping_address, shipped_at, delivered_at, shipping_status) VALUES (80, 95, '(21337) 인천광역시 부평구 장제로249번길 16 1층', '2025-06-04 11:08:54', NULL, '배송중');
INSERT INTO Shipping (shipping_id, purchase_id, shipping_address, shipped_at, delivered_at, shipping_status) VALUES (81, 96, '(61980) 광주광역시 서구 화운로 136 1층', '2025-06-04 11:49:56', NULL, '배송중');

SET FOREIGN_KEY_CHECKS = 1;
